"../../../Engine/Plugins/Animation/ACLPlugin/Content/ACLAnimBoneCompressionSettings.uasset" 0
"../../../Engine/Plugins/Animation/ACLPlugin/Content/ACLAnimBoneCompressionSettings.uexp" 1
"../../../Engine/Plugins/2D/Paper2D/Content/PlaceholderTextures/DummySpriteTexture.ubulk" 2
"../../../Engine/Plugins/2D/Paper2D/Content/PlaceholderTextures/DummySpriteTexture.uasset" 3
"../../../Engine/Plugins/2D/Paper2D/Content/PlaceholderTextures/DummySpriteTexture.uexp" 4
"../../../Engine/Plugins/2D/Paper2D/Content/DummySprite.uasset" 5
"../../../Engine/Plugins/2D/Paper2D/Content/DummySprite.uexp" 6
"../../../Engine/Plugins/2D/Paper2D/Content/DefaultPaperTerrainMaterial.uasset" 7
"../../../Engine/Plugins/2D/Paper2D/Content/DefaultPaperTerrainMaterial.uexp" 8
"../../../Engine/Content/EngineSounds/Master.uasset" 9
"../../../Engine/Content/EngineSounds/Master.uexp" 10
"../../../Engine/Content/EngineMaterials/DefaultDestructiblePhysicalMaterial.uasset" 11
"../../../Engine/Content/EngineMaterials/DefaultDestructiblePhysicalMaterial.uexp" 12
"../../../Engine/Content/EngineFonts/Faces/DroidSansFallback.uexp" 13
"../../../Engine/Content/EngineFonts/Faces/DroidSansFallback.uasset" 14
"../../../Engine/Content/EngineFonts/Faces/DroidSansFallback.ufont" 15
"../../../Engine/Content/EngineFonts/Faces/RobotoBold.uexp" 16
"../../../Engine/Content/EngineFonts/Faces/RobotoBold.uasset" 17
"../../../Engine/Content/EngineFonts/Faces/RobotoBold.ufont" 18
"../../../Engine/Content/EngineFonts/Faces/RobotoBoldItalic.uexp" 19
"../../../Engine/Content/EngineFonts/Faces/RobotoBoldItalic.uasset" 20
"../../../Engine/Content/EngineFonts/Faces/RobotoBoldItalic.ufont" 21
"../../../Engine/Content/EngineFonts/Faces/RobotoItalic.uexp" 22
"../../../Engine/Content/EngineFonts/Faces/RobotoItalic.uasset" 23
"../../../Engine/Content/EngineFonts/Faces/RobotoItalic.ufont" 24
"../../../Engine/Content/EngineFonts/Faces/RobotoLight.uexp" 25
"../../../Engine/Content/EngineFonts/Faces/RobotoLight.uasset" 26
"../../../Engine/Content/EngineFonts/Faces/RobotoLight.ufont" 27
"../../../Engine/Content/EngineFonts/Faces/RobotoRegular.uexp" 28
"../../../Engine/Content/EngineFonts/Faces/RobotoRegular.uasset" 29
"../../../Engine/Content/EngineFonts/Faces/RobotoRegular.ufont" 30
"../../../Engine/Content/EngineFonts/Roboto.uasset" 31
"../../../Engine/Content/EngineFonts/Roboto.uexp" 32
"../../../Engine/Content/EngineFonts/Faces/DroidSansMono.uexp" 33
"../../../Engine/Content/EngineFonts/Faces/DroidSansMono.uasset" 34
"../../../Engine/Content/EngineFonts/Faces/DroidSansMono.ufont" 35
"../../../Engine/Content/EngineFonts/DroidSansMono.uasset" 36
"../../../Engine/Content/EngineFonts/DroidSansMono.uexp" 37
"../../../Engine/Plugins/Interchange/Runtime/Content/Pipelines/DefaultTexturePipeline.uasset" 38
"../../../Engine/Plugins/Interchange/Runtime/Content/Pipelines/DefaultTexturePipeline.uexp" 39
"../../../Engine/Plugins/Interchange/Runtime/Content/Pipelines/DefaultSceneLevelPipeline.uasset" 40
"../../../Engine/Plugins/Interchange/Runtime/Content/Pipelines/DefaultSceneLevelPipeline.uexp" 41
"../../../Engine/Plugins/Interchange/Runtime/Content/Pipelines/DefaultSceneAssetsPipeline.uasset" 42
"../../../Engine/Plugins/Interchange/Runtime/Content/Pipelines/DefaultSceneAssetsPipeline.uexp" 43
"../../../Engine/Plugins/Interchange/Runtime/Content/Pipelines/DefaultMaterialXPipeline.uasset" 44
"../../../Engine/Plugins/Interchange/Runtime/Content/Pipelines/DefaultMaterialXPipeline.uexp" 45
"../../../Engine/Plugins/Interchange/Runtime/Content/Pipelines/DefaultMaterialPipeline.uasset" 46
"../../../Engine/Plugins/Interchange/Runtime/Content/Pipelines/DefaultMaterialPipeline.uexp" 47
"../../../Engine/Plugins/Interchange/Runtime/Content/Pipelines/DefaultGLTFSceneAssetsPipeline.uasset" 48
"../../../Engine/Plugins/Interchange/Runtime/Content/Pipelines/DefaultGLTFSceneAssetsPipeline.uexp" 49
"../../../Engine/Plugins/Interchange/Runtime/Content/Pipelines/DefaultGLTFPipeline.uasset" 50
"../../../Engine/Plugins/Interchange/Runtime/Content/Pipelines/DefaultGLTFPipeline.uexp" 51
"../../../Engine/Plugins/Interchange/Runtime/Content/Pipelines/DefaultGLTFAssetsPipeline.uasset" 52
"../../../Engine/Plugins/Interchange/Runtime/Content/Pipelines/DefaultGLTFAssetsPipeline.uexp" 53
"../../../Engine/Plugins/Interchange/Runtime/Content/Pipelines/DefaultAssetsPipeline.uasset" 54
"../../../Engine/Plugins/Interchange/Runtime/Content/Pipelines/DefaultAssetsPipeline.uexp" 55
"../../../Engine/Content/EngineResources/GradientTexture0.uasset" 56
"../../../Engine/Content/EngineResources/GradientTexture0.uexp" 57
"../../../Engine/Content/EngineResources/Black.uasset" 58
"../../../Engine/Content/EngineResources/Black.uexp" 59
"../../../Engine/Content/EditorResources/S_Actor.ubulk" 60
"../../../Engine/Content/EditorResources/S_Actor.uasset" 61
"../../../Engine/Content/EditorResources/S_Actor.uexp" 62
"../../../Engine/Content/EditorResources/S_Trigger.ubulk" 63
"../../../Engine/Content/EditorResources/S_Trigger.uasset" 64
"../../../Engine/Content/EditorResources/S_Trigger.uexp" 65
"../../../Engine/Plugins/NNE/NNEDenoiser/Content/NNEDTOM_Output_Default.uasset" 66
"../../../Engine/Plugins/NNE/NNEDenoiser/Content/NNEDTOM_Output_Default.uexp" 67
"../../../Engine/Plugins/NNE/NNEDenoiser/Content/NNEDTOM_Output_Alpha.uasset" 68
"../../../Engine/Plugins/NNE/NNEDenoiser/Content/NNEDTOM_Output_Alpha.uexp" 69
"../../../Engine/Plugins/NNE/NNEDenoiser/Content/NNEDTIM_ColorAlbedoNormal_Default.uasset" 70
"../../../Engine/Plugins/NNE/NNEDenoiser/Content/NNEDTIM_ColorAlbedoNormal_Default.uexp" 71
"../../../Engine/Plugins/NNE/NNEDenoiser/Content/NNEDTIM_ColorAlbedoNormal_Alpha.uasset" 72
"../../../Engine/Plugins/NNE/NNEDenoiser/Content/NNEDTIM_ColorAlbedoNormal_Alpha.uexp" 73
"../../../Engine/Plugins/NNE/NNEDenoiser/Content/NNEDOM_Output_Default.uasset" 74
"../../../Engine/Plugins/NNE/NNEDenoiser/Content/NNEDOM_Output_Default.uexp" 75
"../../../Engine/Plugins/NNE/NNEDenoiser/Content/NNEDOM_Output_Alpha.uasset" 76
"../../../Engine/Plugins/NNE/NNEDenoiser/Content/NNEDOM_Output_Alpha.uexp" 77
"../../../Engine/Plugins/NNE/NNEDenoiser/Content/NNEDIM_HighQuality_Default.uasset" 78
"../../../Engine/Plugins/NNE/NNEDenoiser/Content/NNEDIM_HighQuality_Default.uexp" 79
"../../../Engine/Plugins/NNE/NNEDenoiser/Content/NNEDIM_HighQuality_Alpha.uasset" 80
"../../../Engine/Plugins/NNE/NNEDenoiser/Content/NNEDIM_HighQuality_Alpha.uexp" 81
"../../../Engine/Plugins/NNE/NNEDenoiser/Content/NNEDIM_ColorAlbedoNormal_Default.uasset" 82
"../../../Engine/Plugins/NNE/NNEDenoiser/Content/NNEDIM_ColorAlbedoNormal_Default.uexp" 83
"../../../Engine/Plugins/NNE/NNEDenoiser/Content/NNEDIM_ColorAlbedoNormal_Alpha.uasset" 84
"../../../Engine/Plugins/NNE/NNEDenoiser/Content/NNEDIM_ColorAlbedoNormal_Alpha.uexp" 85
"../../../Engine/Content/EngineMaterials/T_Default_Material_Grid_M.ubulk" 86
"../../../Engine/Content/EngineMaterials/T_Default_Material_Grid_M.uasset" 87
"../../../Engine/Content/EngineMaterials/T_Default_Material_Grid_M.uexp" 88
"../../../Engine/Content/Functions/Engine_MaterialFunctions01/Opacity/CameraDepthFade.uasset" 89
"../../../Engine/Content/Functions/Engine_MaterialFunctions01/Opacity/CameraDepthFade.uexp" 90
"../../../Engine/Content/EngineMaterials/T_Default_Material_Grid_N.ubulk" 91
"../../../Engine/Content/EngineMaterials/T_Default_Material_Grid_N.uasset" 92
"../../../Engine/Content/EngineMaterials/T_Default_Material_Grid_N.uexp" 93
"../../../Engine/Content/EngineMaterials/WorldGridMaterial.uasset" 94
"../../../Engine/Content/EngineMaterials/WorldGridMaterial.uexp" 95
"../../../Engine/Plugins/Media/MediaPlate/Content/SM_MediaPlateScreen.ubulk" 96
"../../../Engine/Plugins/Media/MediaPlate/Content/SM_MediaPlateScreen.uasset" 97
"../../../Engine/Plugins/Media/MediaPlate/Content/SM_MediaPlateScreen.uexp" 98
"../../../Engine/Content/Functions/Engine_MaterialFunctions02/WorldPositionOffset/CameraOffset.uasset" 99
"../../../Engine/Content/Functions/Engine_MaterialFunctions02/WorldPositionOffset/CameraOffset.uexp" 100
"../../../Engine/Plugins/Animation/ControlRig/Content/M_Manip.uasset" 101
"../../../Engine/Plugins/Animation/ControlRig/Content/M_Manip.uexp" 102
"../../../Engine/Content/EngineMaterials/DefaultMaterial.uasset" 103
"../../../Engine/Content/EngineMaterials/DefaultMaterial.uexp" 104
"../../../Engine/Content/BasicShapes/Sphere.ubulk" 105
"../../../Engine/Content/BasicShapes/Sphere.uasset" 106
"../../../Engine/Content/BasicShapes/Sphere.uexp" 107
"../../../Engine/Content/BasicShapes/Plane.ubulk" 108
"../../../Engine/Content/BasicShapes/Plane.uasset" 109
"../../../Engine/Content/BasicShapes/Plane.uexp" 110
"../../../Engine/Content/BasicShapes/Cylinder.ubulk" 111
"../../../Engine/Content/BasicShapes/Cylinder.uasset" 112
"../../../Engine/Content/BasicShapes/Cylinder.uexp" 113
"../../../Engine/Content/BasicShapes/Cube.ubulk" 114
"../../../Engine/Content/BasicShapes/Cube.uasset" 115
"../../../Engine/Content/BasicShapes/Cube.uexp" 116
"../../../Engine/Content/BasicShapes/Cone.ubulk" 117
"../../../Engine/Content/BasicShapes/Cone.uasset" 118
"../../../Engine/Content/BasicShapes/Cone.uexp" 119
"../../../Engine/Content/BasicShapes/BasicShapeMaterial.uasset" 120
"../../../Engine/Content/BasicShapes/BasicShapeMaterial.uexp" 121
"../../../Engine/Content/EditorMaterials/PreviewShadowIndicator.ubulk" 122
"../../../Engine/Content/EditorMaterials/PreviewShadowIndicator.uasset" 123
"../../../Engine/Content/EditorMaterials/PreviewShadowIndicator.uexp" 124
"../../../Engine/Content/EditorMaterials/PreviewShadowIndicatorMaterial.uasset" 125
"../../../Engine/Content/EditorMaterials/PreviewShadowIndicatorMaterial.uexp" 126
"../../../Engine/Content/EditorMaterials/PhAT_UnselectedMaterial.uasset" 127
"../../../Engine/Content/EditorMaterials/PhAT_UnselectedMaterial.uexp" 128
"../../../Engine/Content/EditorMaterials/PhAT_NoCollisionMaterial.uasset" 129
"../../../Engine/Content/EditorMaterials/PhAT_NoCollisionMaterial.uexp" 130
"../../../Engine/Content/EditorLandscapeResources/SplineEditorMeshMat.uasset" 131
"../../../Engine/Content/EditorLandscapeResources/SplineEditorMeshMat.uexp" 132
"../../../Engine/Content/EditorLandscapeResources/SplineEditorMesh.ubulk" 133
"../../../Engine/Content/EditorLandscapeResources/SplineEditorMesh.uasset" 134
"../../../Engine/Content/EditorLandscapeResources/SplineEditorMesh.uexp" 135
"../../../Engine/Content/EditorLandscapeResources/WhiteSquareTexture.uasset" 136
"../../../Engine/Content/EditorLandscapeResources/WhiteSquareTexture.uexp" 137
"../../../Engine/Content/EditorLandscapeResources/LayerVisMaterial.uasset" 138
"../../../Engine/Content/EditorLandscapeResources/LayerVisMaterial.uexp" 139
"../../../Engine/Content/Functions/Engine_MaterialFunctions02/WorldPositionOffset/LocalPosition.uasset" 140
"../../../Engine/Content/Functions/Engine_MaterialFunctions02/WorldPositionOffset/LocalPosition.uexp" 141
"../../../Engine/Content/Functions/Engine_MaterialFunctions02/Utility/BreakOutFloat2Components.uasset" 142
"../../../Engine/Content/Functions/Engine_MaterialFunctions02/Utility/BreakOutFloat2Components.uexp" 143
"../../../Engine/Content/Functions/Engine_MaterialFunctions01/Texturing/ScaleUVsByCenter.uasset" 144
"../../../Engine/Content/Functions/Engine_MaterialFunctions01/Texturing/ScaleUVsByCenter.uexp" 145
"../../../Engine/Content/EngineMaterials/DefaultDiffuse.ubulk" 146
"../../../Engine/Content/EngineMaterials/DefaultDiffuse.uasset" 147
"../../../Engine/Content/EngineMaterials/DefaultDiffuse.uexp" 148
"../../../Engine/Content/Functions/Engine_MaterialFunctions01/Texturing/TextureCropping.uasset" 149
"../../../Engine/Content/Functions/Engine_MaterialFunctions01/Texturing/TextureCropping.uexp" 150
"../../../Engine/Content/Functions/Engine_MaterialFunctions02/ExampleContent/DebugNumberStrip.uasset" 151
"../../../Engine/Content/Functions/Engine_MaterialFunctions02/ExampleContent/DebugNumberStrip.uexp" 152
"../../../Engine/Content/Functions/Engine_MaterialFunctions01/Debug/DebugIntValues.uasset" 153
"../../../Engine/Content/Functions/Engine_MaterialFunctions01/Debug/DebugIntValues.uexp" 154
"../../../Engine/Content/EditorLandscapeResources/LandscapeLayerUsageMaterial.uasset" 155
"../../../Engine/Content/EditorLandscapeResources/LandscapeLayerUsageMaterial.uexp" 156
"../../../Engine/Content/EditorLandscapeResources/DefaultAlphaTexture.uasset" 157
"../../../Engine/Content/EditorLandscapeResources/DefaultAlphaTexture.uexp" 158
"../../../Engine/Content/EditorLandscapeResources/LandscapeDirtyMaterial.uasset" 159
"../../../Engine/Content/EditorLandscapeResources/LandscapeDirtyMaterial.uexp" 160
"../../../Engine/Plugins/Animation/ControlRig/Content/Controls/ControlRig_Wedge_solid.ubulk" 161
"../../../Engine/Plugins/Animation/ControlRig/Content/Controls/ControlRig_Wedge_solid.uasset" 162
"../../../Engine/Plugins/Animation/ControlRig/Content/Controls/ControlRig_Wedge_solid.uexp" 163
"../../../Engine/Plugins/Animation/ControlRig/Content/Controls/ControlRig_Wedge_3mm.ubulk" 164
"../../../Engine/Plugins/Animation/ControlRig/Content/Controls/ControlRig_Wedge_3mm.uasset" 165
"../../../Engine/Plugins/Animation/ControlRig/Content/Controls/ControlRig_Wedge_3mm.uexp" 166
"../../../Engine/Plugins/Animation/ControlRig/Content/Controls/ControlRig_Wedge_1mm.ubulk" 167
"../../../Engine/Plugins/Animation/ControlRig/Content/Controls/ControlRig_Wedge_1mm.uasset" 168
"../../../Engine/Plugins/Animation/ControlRig/Content/Controls/ControlRig_Wedge_1mm.uexp" 169
"../../../Engine/Plugins/Animation/ControlRig/Content/Controls/ControlRig_Triangle_solid.ubulk" 170
"../../../Engine/Plugins/Animation/ControlRig/Content/Controls/ControlRig_Triangle_solid.uasset" 171
"../../../Engine/Plugins/Animation/ControlRig/Content/Controls/ControlRig_Triangle_solid.uexp" 172
"../../../Engine/Plugins/Animation/ControlRig/Content/Controls/ControlRig_Triangle_3mm.ubulk" 173
"../../../Engine/Plugins/Animation/ControlRig/Content/Controls/ControlRig_Triangle_3mm.uasset" 174
"../../../Engine/Plugins/Animation/ControlRig/Content/Controls/ControlRig_Triangle_3mm.uexp" 175
"../../../Engine/Plugins/Animation/ControlRig/Content/Controls/ControlRig_Triangle_1mm.ubulk" 176
"../../../Engine/Plugins/Animation/ControlRig/Content/Controls/ControlRig_Triangle_1mm.uasset" 177
"../../../Engine/Plugins/Animation/ControlRig/Content/Controls/ControlRig_Triangle_1mm.uexp" 178
"../../../Engine/Plugins/Animation/ControlRig/Content/Controls/ControlRig_Star4_solid.ubulk" 179
"../../../Engine/Plugins/Animation/ControlRig/Content/Controls/ControlRig_Star4_solid.uasset" 180
"../../../Engine/Plugins/Animation/ControlRig/Content/Controls/ControlRig_Star4_solid.uexp" 181
"../../../Engine/Plugins/Animation/ControlRig/Content/Controls/ControlRig_Star4_3mm.ubulk" 182
"../../../Engine/Plugins/Animation/ControlRig/Content/Controls/ControlRig_Star4_3mm.uasset" 183
"../../../Engine/Plugins/Animation/ControlRig/Content/Controls/ControlRig_Star4_3mm.uexp" 184
"../../../Engine/Plugins/Animation/ControlRig/Content/Controls/ControlRig_Star4_1mm.ubulk" 185
"../../../Engine/Plugins/Animation/ControlRig/Content/Controls/ControlRig_Star4_1mm.uasset" 186
"../../../Engine/Plugins/Animation/ControlRig/Content/Controls/ControlRig_Star4_1mm.uexp" 187
"../../../Engine/Plugins/Animation/ControlRig/Content/Controls/ControlRig_Square_solid.ubulk" 188
"../../../Engine/Plugins/Animation/ControlRig/Content/Controls/ControlRig_Square_solid.uasset" 189
"../../../Engine/Plugins/Animation/ControlRig/Content/Controls/ControlRig_Square_solid.uexp" 190
"../../../Engine/Plugins/Animation/ControlRig/Content/Controls/ControlRig_Square_3mm.ubulk" 191
"../../../Engine/Plugins/Animation/ControlRig/Content/Controls/ControlRig_Square_3mm.uasset" 192
"../../../Engine/Plugins/Animation/ControlRig/Content/Controls/ControlRig_Square_3mm.uexp" 193
"../../../Engine/Plugins/Animation/ControlRig/Content/Controls/ControlRig_Square_1mm.ubulk" 194
"../../../Engine/Plugins/Animation/ControlRig/Content/Controls/ControlRig_Square_1mm.uasset" 195
"../../../Engine/Plugins/Animation/ControlRig/Content/Controls/ControlRig_Square_1mm.uexp" 196
"../../../Engine/Plugins/Animation/ControlRig/Content/Controls/ControlRig_Sphere_solid.ubulk" 197
"../../../Engine/Plugins/Animation/ControlRig/Content/Controls/ControlRig_Sphere_solid.uasset" 198
"../../../Engine/Plugins/Animation/ControlRig/Content/Controls/ControlRig_Sphere_solid.uexp" 199
"../../../Engine/Plugins/Animation/ControlRig/Content/Controls/ControlRig_Sphere_3mm.ubulk" 200
"../../../Engine/Plugins/Animation/ControlRig/Content/Controls/ControlRig_Sphere_3mm.uasset" 201
"../../../Engine/Plugins/Animation/ControlRig/Content/Controls/ControlRig_Sphere_3mm.uexp" 202
"../../../Engine/Plugins/Animation/ControlRig/Content/Controls/ControlRig_Sphere_1mm.ubulk" 203
"../../../Engine/Plugins/Animation/ControlRig/Content/Controls/ControlRig_Sphere_1mm.uasset" 204
"../../../Engine/Plugins/Animation/ControlRig/Content/Controls/ControlRig_Sphere_1mm.uexp" 205
"../../../Engine/Plugins/Animation/ControlRig/Content/Controls/ControlRig_RoundedTriangle_solid.ubulk" 206
"../../../Engine/Plugins/Animation/ControlRig/Content/Controls/ControlRig_RoundedTriangle_solid.uasset" 207
"../../../Engine/Plugins/Animation/ControlRig/Content/Controls/ControlRig_RoundedTriangle_solid.uexp" 208
"../../../Engine/Plugins/Animation/ControlRig/Content/Controls/ControlRig_RoundedTriangle_3mm.ubulk" 209
"../../../Engine/Plugins/Animation/ControlRig/Content/Controls/ControlRig_RoundedTriangle_3mm.uasset" 210
"../../../Engine/Plugins/Animation/ControlRig/Content/Controls/ControlRig_RoundedTriangle_3mm.uexp" 211
"../../../Engine/Plugins/Animation/ControlRig/Content/Controls/ControlRig_RoundedTriangle_1mm.ubulk" 212
"../../../Engine/Plugins/Animation/ControlRig/Content/Controls/ControlRig_RoundedTriangle_1mm.uasset" 213
"../../../Engine/Plugins/Animation/ControlRig/Content/Controls/ControlRig_RoundedTriangle_1mm.uexp" 214
"../../../Engine/Plugins/Animation/ControlRig/Content/Controls/ControlRig_RoundedSquare_solid.ubulk" 215
"../../../Engine/Plugins/Animation/ControlRig/Content/Controls/ControlRig_RoundedSquare_solid.uasset" 216
"../../../Engine/Plugins/Animation/ControlRig/Content/Controls/ControlRig_RoundedSquare_solid.uexp" 217
"../../../Engine/Plugins/Animation/ControlRig/Content/Controls/ControlRig_RoundedSquare_3mm.ubulk" 218
"../../../Engine/Plugins/Animation/ControlRig/Content/Controls/ControlRig_RoundedSquare_3mm.uasset" 219
"../../../Engine/Plugins/Animation/ControlRig/Content/Controls/ControlRig_RoundedSquare_3mm.uexp" 220
"../../../Engine/Plugins/Animation/ControlRig/Content/Controls/ControlRig_RoundedSquare_1mm.ubulk" 221
"../../../Engine/Plugins/Animation/ControlRig/Content/Controls/ControlRig_RoundedSquare_1mm.uasset" 222
"../../../Engine/Plugins/Animation/ControlRig/Content/Controls/ControlRig_RoundedSquare_1mm.uexp" 223
"../../../Engine/Plugins/Animation/ControlRig/Content/Controls/ControlRig_QuarterCircle_solid.ubulk" 224
"../../../Engine/Plugins/Animation/ControlRig/Content/Controls/ControlRig_QuarterCircle_solid.uasset" 225
"../../../Engine/Plugins/Animation/ControlRig/Content/Controls/ControlRig_QuarterCircle_solid.uexp" 226
"../../../Engine/Plugins/Animation/ControlRig/Content/Controls/ControlRig_QuarterCircle_3mm.ubulk" 227
"../../../Engine/Plugins/Animation/ControlRig/Content/Controls/ControlRig_QuarterCircle_3mm.uasset" 228
"../../../Engine/Plugins/Animation/ControlRig/Content/Controls/ControlRig_QuarterCircle_3mm.uexp" 229
"../../../Engine/Plugins/Animation/ControlRig/Content/Controls/ControlRig_QuarterCircle_1mm.ubulk" 230
"../../../Engine/Plugins/Animation/ControlRig/Content/Controls/ControlRig_QuarterCircle_1mm.uasset" 231
"../../../Engine/Plugins/Animation/ControlRig/Content/Controls/ControlRig_QuarterCircle_1mm.uexp" 232
"../../../Engine/Plugins/Animation/ControlRig/Content/Controls/ControlRig_Pyramid_solid.ubulk" 233
"../../../Engine/Plugins/Animation/ControlRig/Content/Controls/ControlRig_Pyramid_solid.uasset" 234
"../../../Engine/Plugins/Animation/ControlRig/Content/Controls/ControlRig_Pyramid_solid.uexp" 235
"../../../Engine/Plugins/Animation/ControlRig/Content/Controls/ControlRig_Pyramid_3mm.ubulk" 236
"../../../Engine/Plugins/Animation/ControlRig/Content/Controls/ControlRig_Pyramid_3mm.uasset" 237
"../../../Engine/Plugins/Animation/ControlRig/Content/Controls/ControlRig_Pyramid_3mm.uexp" 238
"../../../Engine/Plugins/Animation/ControlRig/Content/Controls/ControlRig_Pyramid_1mm.ubulk" 239
"../../../Engine/Plugins/Animation/ControlRig/Content/Controls/ControlRig_Pyramid_1mm.uasset" 240
"../../../Engine/Plugins/Animation/ControlRig/Content/Controls/ControlRig_Pyramid_1mm.uexp" 241
"../../../Engine/Plugins/Animation/ControlRig/Content/Controls/ControlRig_Octagon_solid.ubulk" 242
"../../../Engine/Plugins/Animation/ControlRig/Content/Controls/ControlRig_Octagon_solid.uasset" 243
"../../../Engine/Plugins/Animation/ControlRig/Content/Controls/ControlRig_Octagon_solid.uexp" 244
"../../../Engine/Plugins/Animation/ControlRig/Content/Controls/ControlRig_Octagon_3mm.ubulk" 245
"../../../Engine/Plugins/Animation/ControlRig/Content/Controls/ControlRig_Octagon_3mm.uasset" 246
"../../../Engine/Plugins/Animation/ControlRig/Content/Controls/ControlRig_Octagon_3mm.uexp" 247
"../../../Engine/Plugins/Animation/ControlRig/Content/Controls/ControlRig_Octagon_1mm.ubulk" 248
"../../../Engine/Plugins/Animation/ControlRig/Content/Controls/ControlRig_Octagon_1mm.uasset" 249
"../../../Engine/Plugins/Animation/ControlRig/Content/Controls/ControlRig_Octagon_1mm.uexp" 250
"../../../Engine/Plugins/Animation/ControlRig/Content/Controls/ControlRig_Hexagon_solid.ubulk" 251
"../../../Engine/Plugins/Animation/ControlRig/Content/Controls/ControlRig_Hexagon_solid.uasset" 252
"../../../Engine/Plugins/Animation/ControlRig/Content/Controls/ControlRig_Hexagon_solid.uexp" 253
"../../../Engine/Plugins/Animation/ControlRig/Content/Controls/ControlRig_Hexagon_3mm.ubulk" 254
"../../../Engine/Plugins/Animation/ControlRig/Content/Controls/ControlRig_Hexagon_3mm.uasset" 255
"../../../Engine/Plugins/Animation/ControlRig/Content/Controls/ControlRig_Hexagon_3mm.uexp" 256
"../../../Engine/Plugins/Animation/ControlRig/Content/Controls/ControlRig_Hexagon_1mm.ubulk" 257
"../../../Engine/Plugins/Animation/ControlRig/Content/Controls/ControlRig_Hexagon_1mm.uasset" 258
"../../../Engine/Plugins/Animation/ControlRig/Content/Controls/ControlRig_Hexagon_1mm.uexp" 259
"../../../Engine/Plugins/Animation/ControlRig/Content/Controls/ControlRig_HalfCircle_solid.ubulk" 260
"../../../Engine/Plugins/Animation/ControlRig/Content/Controls/ControlRig_HalfCircle_solid.uasset" 261
"../../../Engine/Plugins/Animation/ControlRig/Content/Controls/ControlRig_HalfCircle_solid.uexp" 262
"../../../Engine/Plugins/Animation/ControlRig/Content/Controls/ControlRig_HalfCircle_3mm.ubulk" 263
"../../../Engine/Plugins/Animation/ControlRig/Content/Controls/ControlRig_HalfCircle_3mm.uasset" 264
"../../../Engine/Plugins/Animation/ControlRig/Content/Controls/ControlRig_HalfCircle_3mm.uexp" 265
"../../../Engine/Plugins/Animation/ControlRig/Content/Controls/ControlRig_HalfCircle_1mm.ubulk" 266
"../../../Engine/Plugins/Animation/ControlRig/Content/Controls/ControlRig_HalfCircle_1mm.uasset" 267
"../../../Engine/Plugins/Animation/ControlRig/Content/Controls/ControlRig_HalfCircle_1mm.uexp" 268
"../../../Engine/Plugins/Animation/ControlRig/Content/Controls/ControlRig_Diamond_solid.ubulk" 269
"../../../Engine/Plugins/Animation/ControlRig/Content/Controls/ControlRig_Diamond_solid.uasset" 270
"../../../Engine/Plugins/Animation/ControlRig/Content/Controls/ControlRig_Diamond_solid.uexp" 271
"../../../Engine/Plugins/Animation/ControlRig/Content/Controls/ControlRig_Diamond_3mm.ubulk" 272
"../../../Engine/Plugins/Animation/ControlRig/Content/Controls/ControlRig_Diamond_3mm.uasset" 273
"../../../Engine/Plugins/Animation/ControlRig/Content/Controls/ControlRig_Diamond_3mm.uexp" 274
"../../../Engine/Plugins/Animation/ControlRig/Content/Controls/ControlRig_Diamond_1mm.ubulk" 275
"../../../Engine/Plugins/Animation/ControlRig/Content/Controls/ControlRig_Diamond_1mm.uasset" 276
"../../../Engine/Plugins/Animation/ControlRig/Content/Controls/ControlRig_Diamond_1mm.uexp" 277
"../../../Engine/Plugins/Animation/ControlRig/Content/Controls/ControlRig_Circle_solid.ubulk" 278
"../../../Engine/Plugins/Animation/ControlRig/Content/Controls/ControlRig_Circle_solid.uasset" 279
"../../../Engine/Plugins/Animation/ControlRig/Content/Controls/ControlRig_Circle_solid.uexp" 280
"../../../Engine/Plugins/Animation/ControlRig/Content/Controls/ControlRig_Circle_3mm.ubulk" 281
"../../../Engine/Plugins/Animation/ControlRig/Content/Controls/ControlRig_Circle_3mm.uasset" 282
"../../../Engine/Plugins/Animation/ControlRig/Content/Controls/ControlRig_Circle_3mm.uexp" 283
"../../../Engine/Plugins/Animation/ControlRig/Content/Controls/ControlRig_Circle_1mm.ubulk" 284
"../../../Engine/Plugins/Animation/ControlRig/Content/Controls/ControlRig_Circle_1mm.uasset" 285
"../../../Engine/Plugins/Animation/ControlRig/Content/Controls/ControlRig_Circle_1mm.uexp" 286
"../../../Engine/Plugins/Animation/ControlRig/Content/Controls/ControlRig_Box_solid.ubulk" 287
"../../../Engine/Plugins/Animation/ControlRig/Content/Controls/ControlRig_Box_solid.uasset" 288
"../../../Engine/Plugins/Animation/ControlRig/Content/Controls/ControlRig_Box_solid.uexp" 289
"../../../Engine/Plugins/Animation/ControlRig/Content/Controls/ControlRig_Box_3mm.ubulk" 290
"../../../Engine/Plugins/Animation/ControlRig/Content/Controls/ControlRig_Box_3mm.uasset" 291
"../../../Engine/Plugins/Animation/ControlRig/Content/Controls/ControlRig_Box_3mm.uexp" 292
"../../../Engine/Plugins/Animation/ControlRig/Content/Controls/ControlRig_Box_1mm.ubulk" 293
"../../../Engine/Plugins/Animation/ControlRig/Content/Controls/ControlRig_Box_1mm.uasset" 294
"../../../Engine/Plugins/Animation/ControlRig/Content/Controls/ControlRig_Box_1mm.uexp" 295
"../../../Engine/Plugins/Animation/ControlRig/Content/Controls/ControlRig_Arrow_solid.ubulk" 296
"../../../Engine/Plugins/Animation/ControlRig/Content/Controls/ControlRig_Arrow_solid.uasset" 297
"../../../Engine/Plugins/Animation/ControlRig/Content/Controls/ControlRig_Arrow_solid.uexp" 298
"../../../Engine/Plugins/Animation/ControlRig/Content/Controls/ControlRig_Arrow_3mm.ubulk" 299
"../../../Engine/Plugins/Animation/ControlRig/Content/Controls/ControlRig_Arrow_3mm.uasset" 300
"../../../Engine/Plugins/Animation/ControlRig/Content/Controls/ControlRig_Arrow_3mm.uexp" 301
"../../../Engine/Plugins/Animation/ControlRig/Content/Controls/ControlRig_Arrow_1mm.ubulk" 302
"../../../Engine/Plugins/Animation/ControlRig/Content/Controls/ControlRig_Arrow_1mm.uasset" 303
"../../../Engine/Plugins/Animation/ControlRig/Content/Controls/ControlRig_Arrow_1mm.uexp" 304
"../../../Engine/Plugins/Animation/ControlRig/Content/Controls/ControlRig_Arrow4_solid.ubulk" 305
"../../../Engine/Plugins/Animation/ControlRig/Content/Controls/ControlRig_Arrow4_solid.uasset" 306
"../../../Engine/Plugins/Animation/ControlRig/Content/Controls/ControlRig_Arrow4_solid.uexp" 307
"../../../Engine/Plugins/Animation/ControlRig/Content/Controls/ControlRig_Arrow4_3mm.ubulk" 308
"../../../Engine/Plugins/Animation/ControlRig/Content/Controls/ControlRig_Arrow4_3mm.uasset" 309
"../../../Engine/Plugins/Animation/ControlRig/Content/Controls/ControlRig_Arrow4_3mm.uexp" 310
"../../../Engine/Plugins/Animation/ControlRig/Content/Controls/ControlRig_Arrow4_1mm.ubulk" 311
"../../../Engine/Plugins/Animation/ControlRig/Content/Controls/ControlRig_Arrow4_1mm.uasset" 312
"../../../Engine/Plugins/Animation/ControlRig/Content/Controls/ControlRig_Arrow4_1mm.uexp" 313
"../../../Engine/Plugins/Animation/ControlRig/Content/Controls/ControlRig_Arrow2_solid.ubulk" 314
"../../../Engine/Plugins/Animation/ControlRig/Content/Controls/ControlRig_Arrow2_solid.uasset" 315
"../../../Engine/Plugins/Animation/ControlRig/Content/Controls/ControlRig_Arrow2_solid.uexp" 316
"../../../Engine/Plugins/Animation/ControlRig/Content/Controls/ControlRig_Arrow2_3mm.ubulk" 317
"../../../Engine/Plugins/Animation/ControlRig/Content/Controls/ControlRig_Arrow2_3mm.uasset" 318
"../../../Engine/Plugins/Animation/ControlRig/Content/Controls/ControlRig_Arrow2_3mm.uexp" 319
"../../../Engine/Plugins/Animation/ControlRig/Content/Controls/ControlRig_Arrow2_1mm.ubulk" 320
"../../../Engine/Plugins/Animation/ControlRig/Content/Controls/ControlRig_Arrow2_1mm.uasset" 321
"../../../Engine/Plugins/Animation/ControlRig/Content/Controls/ControlRig_Arrow2_1mm.uexp" 322
"../../../Engine/Plugins/Animation/ControlRig/Content/Controls/ControlRigXRayMaterial.uasset" 323
"../../../Engine/Plugins/Animation/ControlRig/Content/Controls/ControlRigXRayMaterial.uexp" 324
"../../../Engine/Plugins/Animation/ControlRig/Content/Controls/ControlRigGizmoMaterial.uasset" 325
"../../../Engine/Plugins/Animation/ControlRig/Content/Controls/ControlRigGizmoMaterial.uexp" 326
"../../../Engine/Content/EngineMeshes/Sphere.ubulk" 327
"../../../Engine/Content/EngineMeshes/Sphere.uasset" 328
"../../../Engine/Content/EngineMeshes/Sphere.uexp" 329
"../../../Engine/Content/EngineMaterials/RemoveSurfaceMaterial.uasset" 330
"../../../Engine/Content/EngineMaterials/RemoveSurfaceMaterial.uexp" 331
"../../../Engine/Content/EngineMaterials/PreintegratedSkinBRDF.uasset" 332
"../../../Engine/Content/EngineMaterials/PreintegratedSkinBRDF.uexp" 333
"../../../Engine/Content/EngineMaterials/DefaultCalibrationGrayscale.uasset" 334
"../../../Engine/Content/EngineMaterials/DefaultCalibrationGrayscale.uexp" 335
"../../../Engine/Content/EngineMaterials/PPM_DefaultCalibrationGrayscale.uasset" 336
"../../../Engine/Content/EngineMaterials/PPM_DefaultCalibrationGrayscale.uexp" 337
"../../../Engine/Content/EngineMaterials/DefaultCalibrationColor.uasset" 338
"../../../Engine/Content/EngineMaterials/DefaultCalibrationColor.uexp" 339
"../../../Engine/Content/EngineMaterials/PPM_DefaultCalibrationColor.uasset" 340
"../../../Engine/Content/EngineMaterials/PPM_DefaultCalibrationColor.uexp" 341
"../../../Engine/Content/EngineMaterials/PhAT_JointLimitMaterial.uasset" 342
"../../../Engine/Content/EngineMaterials/PhAT_JointLimitMaterial.uexp" 343
"../../../Engine/Content/EngineMaterials/NaniteHiddenSectionMaterial.uasset" 344
"../../../Engine/Content/EngineMaterials/NaniteHiddenSectionMaterial.uexp" 345
"../../../Engine/Content/EngineMaterials/InvalidLightmapSettings.ubulk" 346
"../../../Engine/Content/EngineMaterials/InvalidLightmapSettings.uasset" 347
"../../../Engine/Content/EngineMaterials/InvalidLightmapSettings.uexp" 348
"../../../Engine/Content/EngineMaterials/M_InvalidLightmapSettings.uasset" 349
"../../../Engine/Content/EngineMaterials/M_InvalidLightmapSettings.uexp" 350
"../../../Engine/Content/EngineMaterials/MiniFont.uasset" 351
"../../../Engine/Content/EngineMaterials/MiniFont.uexp" 352
"../../../Engine/Content/EngineMaterials/GizmoMaterial.uasset" 353
"../../../Engine/Content/EngineMaterials/GizmoMaterial.uexp" 354
"../../../Engine/Content/EngineMaterials/BaseFlattenDiffuseMap_VT.ubulk" 355
"../../../Engine/Content/EngineMaterials/BaseFlattenDiffuseMap_VT.uasset" 356
"../../../Engine/Content/EngineMaterials/BaseFlattenDiffuseMap_VT.uexp" 357
"../../../Engine/Content/EngineMaterials/BaseFlattenEmissiveMap_VT.ubulk" 358
"../../../Engine/Content/EngineMaterials/BaseFlattenEmissiveMap_VT.uasset" 359
"../../../Engine/Content/EngineMaterials/BaseFlattenEmissiveMap_VT.uexp" 360
"../../../Engine/Content/EngineMaterials/BaseFlattenGrayscaleMap_VT.ubulk" 361
"../../../Engine/Content/EngineMaterials/BaseFlattenGrayscaleMap_VT.uasset" 362
"../../../Engine/Content/EngineMaterials/BaseFlattenGrayscaleMap_VT.uexp" 363
"../../../Engine/Content/EngineMaterials/BaseFlattenLinearColor_VT.ubulk" 364
"../../../Engine/Content/EngineMaterials/BaseFlattenLinearColor_VT.uasset" 365
"../../../Engine/Content/EngineMaterials/BaseFlattenLinearColor_VT.uexp" 366
"../../../Engine/Content/EngineMaterials/BaseFlattenNormalMap_VT.ubulk" 367
"../../../Engine/Content/EngineMaterials/BaseFlattenNormalMap_VT.uasset" 368
"../../../Engine/Content/EngineMaterials/BaseFlattenNormalMap_VT.uexp" 369
"../../../Engine/Content/EngineMaterials/Black_1x1_EXR_Texture_VT.ubulk" 370
"../../../Engine/Content/EngineMaterials/Black_1x1_EXR_Texture_VT.uasset" 371
"../../../Engine/Content/EngineMaterials/Black_1x1_EXR_Texture_VT.uexp" 372
"../../../Engine/Content/EngineMaterials/FlattenMaterial_WS_Normal_VT.uasset" 373
"../../../Engine/Content/EngineMaterials/FlattenMaterial_WS_Normal_VT.uexp" 374
"../../../Engine/Content/EngineMaterials/FlattenMaterial_VT.uasset" 375
"../../../Engine/Content/EngineMaterials/FlattenMaterial_VT.uexp" 376
"../../../Engine/Content/EngineMaterials/BaseFlattenNormalMap.uasset" 377
"../../../Engine/Content/EngineMaterials/BaseFlattenNormalMap.uexp" 378
"../../../Engine/Content/EngineMaterials/BaseFlattenDiffuseMap.uasset" 379
"../../../Engine/Content/EngineMaterials/BaseFlattenDiffuseMap.uexp" 380
"../../../Engine/Content/EngineMaterials/BaseFlattenEmissiveMap.uasset" 381
"../../../Engine/Content/EngineMaterials/BaseFlattenEmissiveMap.uexp" 382
"../../../Engine/Content/EngineMaterials/BaseFlattenGrayscaleMap.uasset" 383
"../../../Engine/Content/EngineMaterials/BaseFlattenGrayscaleMap.uexp" 384
"../../../Engine/Content/EngineMaterials/BaseFlattenLinearColor.uasset" 385
"../../../Engine/Content/EngineMaterials/BaseFlattenLinearColor.uexp" 386
"../../../Engine/Content/Functions/Engine_MaterialFunctions02/PivotPainter2/Black_1x1_EXR_Texture.uasset" 387
"../../../Engine/Content/Functions/Engine_MaterialFunctions02/PivotPainter2/Black_1x1_EXR_Texture.uexp" 388
"../../../Engine/Content/EngineMaterials/FlattenMaterial.uasset" 389
"../../../Engine/Content/EngineMaterials/FlattenMaterial.uexp" 390
"../../../Engine/Content/EngineMaterials/FastBlueNoise_vec2_128x128x64.uasset" 391
"../../../Engine/Content/EngineMaterials/FastBlueNoise_vec2_128x128x64.uexp" 392
"../../../Engine/Content/EngineMaterials/FastBlueNoise_scalar_128x128x8.uasset" 393
"../../../Engine/Content/EngineMaterials/FastBlueNoise_scalar_128x128x8.uexp" 394
"../../../Engine/Content/EngineMaterials/FastBlueNoise_scalar_128x128x64.uasset" 395
"../../../Engine/Content/EngineMaterials/FastBlueNoise_scalar_128x128x64.uexp" 396
"../../../Engine/Content/EngineMaterials/DefaultWhiteGrid_Low.uasset" 397
"../../../Engine/Content/EngineMaterials/DefaultWhiteGrid_Low.uexp" 398
"../../../Engine/Content/EngineMaterials/EmissiveMeshMaterial.uasset" 399
"../../../Engine/Content/EngineMaterials/EmissiveMeshMaterial.uexp" 400
"../../../Engine/Content/EngineMaterials/DefaultWhiteGrid.ubulk" 401
"../../../Engine/Content/EngineMaterials/DefaultWhiteGrid.uasset" 402
"../../../Engine/Content/EngineMaterials/DefaultWhiteGrid.uexp" 403
"../../../Engine/Content/EngineFonts/RobotoDistanceField.uasset" 404
"../../../Engine/Content/EngineFonts/RobotoDistanceField.uexp" 405
"../../../Engine/Content/EngineMaterials/DefaultTextMaterialOpaque.uasset" 406
"../../../Engine/Content/EngineMaterials/DefaultTextMaterialOpaque.uexp" 407
"../../../Engine/Content/EngineMaterials/DefaultPostProcessMaterial.uasset" 408
"../../../Engine/Content/EngineMaterials/DefaultPostProcessMaterial.uexp" 409
"../../../Engine/Content/EngineMaterials/DefaultLightFunctionMaterial.uasset" 410
"../../../Engine/Content/EngineMaterials/DefaultLightFunctionMaterial.uexp" 411
"../../../Engine/Content/EngineMaterials/DefaultDeferredDecalMaterial.uasset" 412
"../../../Engine/Content/EngineMaterials/DefaultDeferredDecalMaterial.uexp" 413
"../../../Engine/Content/EditorResources/S_BoxReflectionCapture.uasset" 414
"../../../Engine/Content/EditorResources/S_BoxReflectionCapture.uexp" 415
"../../../Engine/Content/EngineMaterials/DefaultBokeh.uasset" 416
"../../../Engine/Content/EngineMaterials/DefaultBokeh.uexp" 417
"../../../Engine/Content/EngineMaterials/DefaultBloomKernel.uasset" 418
"../../../Engine/Content/EngineMaterials/DefaultBloomKernel.uexp" 419
"../../../Engine/Content/Functions/Engine_MaterialFunctions02/Utility/CameraDirectionVector.uasset" 420
"../../../Engine/Content/Functions/Engine_MaterialFunctions02/Utility/CameraDirectionVector.uexp" 421
"../../../Engine/Content/EngineDebugMaterials/VolumeToRender.uasset" 422
"../../../Engine/Content/EngineDebugMaterials/VolumeToRender.uexp" 423
"../../../Engine/Content/EngineDebugMaterials/M_VolumeRenderSphereTracePP.uasset" 424
"../../../Engine/Content/EngineDebugMaterials/M_VolumeRenderSphereTracePP.uexp" 425
"../../../Engine/Content/EngineDebugMaterials/M_SimpleUnlitTranslucent.uasset" 426
"../../../Engine/Content/EngineDebugMaterials/M_SimpleUnlitTranslucent.uexp" 427
"../../../Engine/Content/EngineDebugMaterials/DebugMeshMaterial.uasset" 428
"../../../Engine/Content/EngineDebugMaterials/DebugMeshMaterial.uexp" 429
"../../../Engine/Content/EngineDebugMaterials/DebugEditorMaterial.uasset" 430
"../../../Engine/Content/EngineDebugMaterials/DebugEditorMaterial.uexp" 431
"../../../Engine/Content/EngineDamageTypes/DmgTypeBP_Environmental.uasset" 432
"../../../Engine/Content/EngineDamageTypes/DmgTypeBP_Environmental.uexp" 433
"../../../Engine/Content/EditorResources/S_TriggerSphere.uasset" 434
"../../../Engine/Content/EditorResources/S_TriggerSphere.uexp" 435
"../../../Engine/Content/EditorResources/S_TriggerCapsule.uasset" 436
"../../../Engine/Content/EditorResources/S_TriggerCapsule.uexp" 437
"../../../Engine/Content/EditorResources/S_TriggerBox.uasset" 438
"../../../Engine/Content/EditorResources/S_TriggerBox.uexp" 439
"../../../Engine/Content/EditorResources/S_Terrain.ubulk" 440
"../../../Engine/Content/EditorResources/S_Terrain.uasset" 441
"../../../Engine/Content/EditorResources/S_Terrain.uexp" 442
"../../../Engine/Content/EditorResources/S_Solver.ubulk" 443
"../../../Engine/Content/EditorResources/S_Solver.uasset" 444
"../../../Engine/Content/EditorResources/S_Solver.uexp" 445
"../../../Engine/Content/EditorResources/BSPVertex.uasset" 446
"../../../Engine/Content/EditorResources/BSPVertex.uexp" 447
"../../../Engine/Plugins/VirtualProduction/CameraCalibrationCore/Content/Materials/M_DefaultOddSquare.uasset" 448
"../../../Engine/Plugins/VirtualProduction/CameraCalibrationCore/Content/Materials/M_DefaultOddSquare.uexp" 449
"../../../Engine/Plugins/VirtualProduction/CameraCalibrationCore/Content/Materials/M_DefaultEvenSquare.uasset" 450
"../../../Engine/Plugins/VirtualProduction/CameraCalibrationCore/Content/Materials/M_DefaultEvenSquare.uexp" 451
"../../../Engine/Plugins/Runtime/HairStrands/Content/Materials/HairMeshesDefaultMaterial.uasset" 452
"../../../Engine/Plugins/Runtime/HairStrands/Content/Materials/HairMeshesDefaultMaterial.uexp" 453
"../../../Engine/Plugins/Runtime/HairStrands/Content/Materials/HairDefaultMaterial.uasset" 454
"../../../Engine/Plugins/Runtime/HairStrands/Content/Materials/HairDefaultMaterial.uexp" 455
"../../../Engine/Content/Functions/Engine_MaterialFunctions02/Utility/MakeFloat2.uasset" 456
"../../../Engine/Content/Functions/Engine_MaterialFunctions02/Utility/MakeFloat2.uexp" 457
"../../../Engine/Content/EngineMaterials/HairDebugColor.uasset" 458
"../../../Engine/Content/EngineMaterials/HairDebugColor.uexp" 459
"../../../Engine/Content/EngineMaterials/HairColorMap.uasset" 460
"../../../Engine/Content/EngineMaterials/HairColorMap.uexp" 461
"../../../Engine/Content/Functions/Engine_MaterialFunctions02/Utility/MakeFloat3.uasset" 462
"../../../Engine/Content/Functions/Engine_MaterialFunctions02/Utility/MakeFloat3.uexp" 463
"../../../Engine/Plugins/Runtime/HairStrands/Content/Materials/HairGroupColors.uasset" 464
"../../../Engine/Plugins/Runtime/HairStrands/Content/Materials/HairGroupColors.uexp" 465
"../../../Engine/Plugins/Runtime/HairStrands/Content/Materials/HairDebugMaterial.uasset" 466
"../../../Engine/Plugins/Runtime/HairStrands/Content/Materials/HairDebugMaterial.uexp" 467
"../../../Engine/Plugins/Runtime/HairStrands/Content/Materials/HairCardsDefaultMaterial.uasset" 468
"../../../Engine/Plugins/Runtime/HairStrands/Content/Materials/HairCardsDefaultMaterial.uexp" 469
"../../../Engine/Plugins/Runtime/AudioWidgets/Content/Resources/ScrubHandleDown_Clamped.uasset" 470
"../../../Engine/Plugins/Runtime/AudioWidgets/Content/Resources/ScrubHandleDown_Clamped.uexp" 471
"../../../Engine/Plugins/Interchange/Assets/Content/Functions/MX_UsdPreviewSurface.uasset" 472
"../../../Engine/Plugins/Interchange/Assets/Content/Functions/MX_UsdPreviewSurface.uexp" 473
"../../../Engine/Plugins/Interchange/Assets/Content/Functions/MX_UniformEDF.uasset" 474
"../../../Engine/Plugins/Interchange/Assets/Content/Functions/MX_UniformEDF.uexp" 475
"../../../Engine/Plugins/Interchange/Assets/Content/Functions/MX_TranslucentBSDF.uasset" 476
"../../../Engine/Plugins/Interchange/Assets/Content/Functions/MX_TranslucentBSDF.uexp" 477
"../../../Engine/Plugins/Interchange/Assets/Content/Functions/MX_ThinFilmBSDF.uasset" 478
"../../../Engine/Plugins/Interchange/Assets/Content/Functions/MX_ThinFilmBSDF.uexp" 479
"../../../Engine/Plugins/Interchange/Assets/Content/Functions/MX_SurfaceUnlit.uasset" 480
"../../../Engine/Plugins/Interchange/Assets/Content/Functions/MX_SurfaceUnlit.uexp" 481
"../../../Engine/Plugins/Interchange/Assets/Content/Functions/MX_Surface.uasset" 482
"../../../Engine/Plugins/Interchange/Assets/Content/Functions/MX_Surface.uexp" 483
"../../../Engine/Plugins/Interchange/Assets/Content/Functions/MX_SubsurfaceBSDF.uasset" 484
"../../../Engine/Plugins/Interchange/Assets/Content/Functions/MX_SubsurfaceBSDF.uexp" 485
"../../../Engine/Plugins/Interchange/Assets/Content/Functions/MX_SheenBSDF.uasset" 486
"../../../Engine/Plugins/Interchange/Assets/Content/Functions/MX_SheenBSDF.uexp" 487
"../../../Engine/Plugins/Interchange/Assets/Content/Functions/MX_OrenNayarBSDF.uasset" 488
"../../../Engine/Plugins/Interchange/Assets/Content/Functions/MX_OrenNayarBSDF.uexp" 489
"../../../Engine/Plugins/Interchange/Assets/Content/Functions/MF_IridescenceNoLUT.uasset" 490
"../../../Engine/Plugins/Interchange/Assets/Content/Functions/MF_IridescenceNoLUT.uexp" 491
"../../../Engine/Plugins/Interchange/Assets/Content/Functions/MX_StandardSurface.uasset" 492
"../../../Engine/Plugins/Interchange/Assets/Content/Functions/MX_StandardSurface.uexp" 493
"../../../Engine/Plugins/Interchange/Assets/Content/Functions/MX_TransmissionSurface.uasset" 494
"../../../Engine/Plugins/Interchange/Assets/Content/Functions/MX_TransmissionSurface.uexp" 495
"../../../Engine/Plugins/Interchange/Assets/Content/Functions/MX_OpenPBR_Translucent.uasset" 496
"../../../Engine/Plugins/Interchange/Assets/Content/Functions/MX_OpenPBR_Translucent.uexp" 497
"../../../Engine/Plugins/Interchange/Assets/Content/Functions/MX_OpenPBR_Opaque.uasset" 498
"../../../Engine/Plugins/Interchange/Assets/Content/Functions/MX_OpenPBR_Opaque.uexp" 499
"../../../Engine/Plugins/Interchange/Assets/Content/Functions/MX_MeasuredEDF.uasset" 500
"../../../Engine/Plugins/Interchange/Assets/Content/Functions/MX_MeasuredEDF.uexp" 501
"../../../Engine/Plugins/Interchange/Assets/Content/Functions/MX_GeneralizedSchlickBSDF.uasset" 502
"../../../Engine/Plugins/Interchange/Assets/Content/Functions/MX_GeneralizedSchlickBSDF.uexp" 503
"../../../Engine/Content/Functions/Engine_MaterialFunctions02/Utility/BlendAngleCorrectedNormals.uasset" 504
"../../../Engine/Content/Functions/Engine_MaterialFunctions02/Utility/BlendAngleCorrectedNormals.uexp" 505
"../../../Engine/Plugins/Interchange/Assets/Content/Functions/MX_Displacement.uasset" 506
"../../../Engine/Plugins/Interchange/Assets/Content/Functions/MX_Displacement.uexp" 507
"../../../Engine/Plugins/Interchange/Assets/Content/Functions/MX_DielectricBSDF.uasset" 508
"../../../Engine/Plugins/Interchange/Assets/Content/Functions/MX_DielectricBSDF.uexp" 509
"../../../Engine/Plugins/Interchange/Assets/Content/Functions/MX_ConicalEDF.uasset" 510
"../../../Engine/Plugins/Interchange/Assets/Content/Functions/MX_ConicalEDF.uexp" 511
"../../../Engine/Plugins/Interchange/Assets/Content/Functions/MX_ConductorBSDF.uasset" 512
"../../../Engine/Plugins/Interchange/Assets/Content/Functions/MX_ConductorBSDF.uexp" 513
"../../../Engine/Plugins/Interchange/Assets/Content/Functions/MX_BurleyDiffuseBSDF.uasset" 514
"../../../Engine/Plugins/Interchange/Assets/Content/Functions/MX_BurleyDiffuseBSDF.uexp" 515
"../../../Engine/Plugins/Interchange/Assets/Content/Functions/MX_AnisotropicVDF.uasset" 516
"../../../Engine/Plugins/Interchange/Assets/Content/Functions/MX_AnisotropicVDF.uexp" 517
"../../../Engine/Plugins/Interchange/Assets/Content/Functions/MX_AbsorptionVDF.uasset" 518
"../../../Engine/Plugins/Interchange/Assets/Content/Functions/MX_AbsorptionVDF.uexp" 519
"../../../Engine/Content/Functions/Engine_MaterialFunctions02/Utility/BreakOutFloat3Components.uasset" 520
"../../../Engine/Content/Functions/Engine_MaterialFunctions02/Utility/BreakOutFloat3Components.uexp" 521
"../../../Engine/Content/Functions/Engine_MaterialFunctions02/Utility/VectorLength.uasset" 522
"../../../Engine/Content/Functions/Engine_MaterialFunctions02/Utility/VectorLength.uexp" 523
"../../../Engine/Content/Functions/Engine_MaterialFunctions02/WorldPositionOffset/ObjectScale.uasset" 524
"../../../Engine/Content/Functions/Engine_MaterialFunctions02/WorldPositionOffset/ObjectScale.uexp" 525
"../../../Engine/Content/Functions/Engine_MaterialFunctions02/SafeNormalize.uasset" 526
"../../../Engine/Content/Functions/Engine_MaterialFunctions02/SafeNormalize.uexp" 527
"../../../Engine/Plugins/Editor/SpeedTreeImporter/Content/SpeedTree9/UnpackInteger3.uasset" 528
"../../../Engine/Plugins/Editor/SpeedTreeImporter/Content/SpeedTree9/UnpackInteger3.uexp" 529
"../../../Engine/Plugins/Editor/SpeedTreeImporter/Content/SpeedTree9/UnpackDirection.uasset" 530
"../../../Engine/Plugins/Editor/SpeedTreeImporter/Content/SpeedTree9/UnpackDirection.uexp" 531
"../../../Engine/Plugins/Editor/SpeedTreeImporter/Content/SpeedTree9/game_wind_noise.ubulk" 532
"../../../Engine/Plugins/Editor/SpeedTreeImporter/Content/SpeedTree9/game_wind_noise.uasset" 533
"../../../Engine/Plugins/Editor/SpeedTreeImporter/Content/SpeedTree9/game_wind_noise.uexp" 534
"../../../Engine/Plugins/Editor/SpeedTreeImporter/Content/SpeedTree9/SpeedTreeWindMotion.uasset" 535
"../../../Engine/Plugins/Editor/SpeedTreeImporter/Content/SpeedTree9/SpeedTreeWindMotion.uexp" 536
"../../../Engine/Content/Functions/Engine_MaterialFunctions02/ObjectLocalBounds.uasset" 537
"../../../Engine/Content/Functions/Engine_MaterialFunctions02/ObjectLocalBounds.uexp" 538
"../../../Engine/Content/Functions/Engine_MaterialFunctions02/UVs/BoundingBoxBased_0-1_UVW.uasset" 539
"../../../Engine/Content/Functions/Engine_MaterialFunctions02/UVs/BoundingBoxBased_0-1_UVW.uexp" 540
"../../../Engine/Plugins/Editor/SpeedTreeImporter/Content/SpeedTree9/SpeedTreeBranchMotion.uasset" 541
"../../../Engine/Plugins/Editor/SpeedTreeImporter/Content/SpeedTree9/SpeedTreeBranchMotion.uexp" 542
"../../../Engine/Plugins/Editor/SpeedTreeImporter/Content/SpeedTree9/SpeedTreeWind.uasset" 543
"../../../Engine/Plugins/Editor/SpeedTreeImporter/Content/SpeedTree9/SpeedTreeWind.uexp" 544
"../../../Engine/Plugins/Editor/SpeedTreeImporter/Content/SpeedTree9/SpeedTreeCameraFacing.uasset" 545
"../../../Engine/Plugins/Editor/SpeedTreeImporter/Content/SpeedTree9/SpeedTreeCameraFacing.uexp" 546
"../../../Engine/Plugins/Editor/SpeedTreeImporter/Content/SpeedTree9/EmptyNormal.uasset" 547
"../../../Engine/Plugins/Editor/SpeedTreeImporter/Content/SpeedTree9/EmptyNormal.uexp" 548
"../../../Engine/Plugins/Editor/SpeedTreeImporter/Content/SpeedTree9/Empty.uasset" 549
"../../../Engine/Plugins/Editor/SpeedTreeImporter/Content/SpeedTree9/Empty.uexp" 550
"../../../Engine/Plugins/Editor/SpeedTreeImporter/Content/SpeedTree9/SpeedTreeMaster.uasset" 551
"../../../Engine/Plugins/Editor/SpeedTreeImporter/Content/SpeedTree9/SpeedTreeMaster.uexp" 552
"../../../Engine/Plugins/Editor/SpeedTreeImporter/Content/SpeedTree9/SpeedTreeBillboard.uasset" 553
"../../../Engine/Plugins/Editor/SpeedTreeImporter/Content/SpeedTree9/SpeedTreeBillboard.uexp" 554
"../../../Engine/Plugins/Editor/SpeedTreeImporter/Content/SpeedTree9/SpeedTreeBillboardMaster.uasset" 555
"../../../Engine/Plugins/Editor/SpeedTreeImporter/Content/SpeedTree9/SpeedTreeBillboardMaster.uexp" 556
"../../../Engine/Content/EditorMaterials/Camera/CineMat.uasset" 557
"../../../Engine/Content/EditorMaterials/Camera/CineMat.uexp" 558
"../../../Engine/Content/EditorMaterials/Camera/MI_CineMat_Rig.uasset" 559
"../../../Engine/Content/EditorMaterials/Camera/MI_CineMat_Rig.uexp" 560
"../../../Engine/Content/EditorMeshes/Camera/SM_RailRig_Track.ubulk" 561
"../../../Engine/Content/EditorMeshes/Camera/SM_RailRig_Track.uasset" 562
"../../../Engine/Content/EditorMeshes/Camera/SM_RailRig_Track.uexp" 563
"../../../Engine/Content/EditorMeshes/Camera/SM_RailRig_Mount.ubulk" 564
"../../../Engine/Content/EditorMeshes/Camera/SM_RailRig_Mount.uasset" 565
"../../../Engine/Content/EditorMeshes/Camera/SM_RailRig_Mount.uexp" 566
"../../../Engine/Content/EditorMeshes/Camera/SM_CraneRig_Mount.ubulk" 567
"../../../Engine/Content/EditorMeshes/Camera/SM_CraneRig_Mount.uasset" 568
"../../../Engine/Content/EditorMeshes/Camera/SM_CraneRig_Mount.uexp" 569
"../../../Engine/Content/EditorMeshes/Camera/SM_CraneRig_Body.ubulk" 570
"../../../Engine/Content/EditorMeshes/Camera/SM_CraneRig_Body.uasset" 571
"../../../Engine/Content/EditorMeshes/Camera/SM_CraneRig_Body.uexp" 572
"../../../Engine/Content/EditorMeshes/Camera/SM_CraneRig_Base.ubulk" 573
"../../../Engine/Content/EditorMeshes/Camera/SM_CraneRig_Base.uasset" 574
"../../../Engine/Content/EditorMeshes/Camera/SM_CraneRig_Base.uexp" 575
"../../../Engine/Content/EditorMeshes/Camera/SM_CraneRig_Arm.ubulk" 576
"../../../Engine/Content/EditorMeshes/Camera/SM_CraneRig_Arm.uasset" 577
"../../../Engine/Content/EditorMeshes/Camera/SM_CraneRig_Arm.uexp" 578
"../../../Engine/Content/EditorMaterials/ParticleSystems/PSysThumbnail_OOD.ubulk" 579
"../../../Engine/Content/EditorMaterials/ParticleSystems/PSysThumbnail_OOD.uasset" 580
"../../../Engine/Content/EditorMaterials/ParticleSystems/PSysThumbnail_OOD.uexp" 581
"../../../Engine/Content/EditorMaterials/ParticleSystems/PSysThumbnail_NoImage.ubulk" 582
"../../../Engine/Content/EditorMaterials/ParticleSystems/PSysThumbnail_NoImage.uasset" 583
"../../../Engine/Content/EditorMaterials/ParticleSystems/PSysThumbnail_NoImage.uexp" 584
"../../../Engine/Content/EditorMaterials/Dataflow/DataflowVertexMaterial.uasset" 585
"../../../Engine/Content/EditorMaterials/Dataflow/DataflowVertexMaterial.uexp" 586
"../../../Engine/Content/EditorMaterials/Dataflow/DataflowTwoSidedVertexMaterial.uasset" 587
"../../../Engine/Content/EditorMaterials/Dataflow/DataflowTwoSidedVertexMaterial.uexp" 588
"../../../Engine/Content/EngineResources/FilmGrains/Marcie_Grain_v3_128_M2_000.uasset" 589
"../../../Engine/Content/EngineResources/FilmGrains/Marcie_Grain_v3_128_M2_000.uexp" 590
"../../../Engine/Content/EngineResources/Development/ZenLogo_64.uasset" 591
"../../../Engine/Content/EngineResources/Development/ZenLogo_64.uexp" 592
"../../../Engine/Content/EngineMaterials/LTC/Sheen_LTC.uasset" 593
"../../../Engine/Content/EngineMaterials/LTC/Sheen_LTC.uexp" 594
"../../../Engine/Content/EngineMaterials/LTC/GGX_LTCMat.uasset" 595
"../../../Engine/Content/EngineMaterials/LTC/GGX_LTCMat.uexp" 596
"../../../Engine/Content/EngineMaterials/LTC/GGX_LTCAmp.uasset" 597
"../../../Engine/Content/EngineMaterials/LTC/GGX_LTCAmp.uexp" 598
"../../../Engine/Content/EngineMaterials/EnergyConservation/Sheen_Energy.uasset" 599
"../../../Engine/Content/EngineMaterials/EnergyConservation/Sheen_Energy.uexp" 600
"../../../Engine/Content/EngineMaterials/EnergyConservation/SheenLegacy_Energy.uasset" 601
"../../../Engine/Content/EngineMaterials/EnergyConservation/SheenLegacy_Energy.uexp" 602
"../../../Engine/Content/EngineMaterials/EnergyConservation/GGX_TransmissionEnergyArray.uasset" 603
"../../../Engine/Content/EngineMaterials/EnergyConservation/GGX_TransmissionEnergyArray.uexp" 604
"../../../Engine/Content/EngineMaterials/EnergyConservation/GGX_ReflectionEnergy.uasset" 605
"../../../Engine/Content/EngineMaterials/EnergyConservation/GGX_ReflectionEnergy.uexp" 606
"../../../Engine/Content/EngineMaterials/EnergyConservation/Diffuse_Energy.uasset" 607
"../../../Engine/Content/EngineMaterials/EnergyConservation/Diffuse_Energy.uexp" 608
"../../../Engine/Content/EditorResources/SequenceRecorder/RecordingIndicator.uasset" 609
"../../../Engine/Content/EditorResources/SequenceRecorder/RecordingIndicator.uexp" 610
"../../../Engine/Content/EditorResources/SequenceRecorder/Countdown.uasset" 611
"../../../Engine/Content/EditorResources/SequenceRecorder/Countdown.uexp" 612
"F:/Users/mihai/Documents/GitHub/ShooterSam/ShooterSam/Content/Input/Actions/IA_MouseLook.uasset" 613
"F:/Users/mihai/Documents/GitHub/ShooterSam/ShooterSam/Content/Input/Actions/IA_MouseLook.uexp" 614
"F:/Users/mihai/Documents/GitHub/ShooterSam/ShooterSam/Content/Input/IMC_MouseLook.uasset" 615
"F:/Users/mihai/Documents/GitHub/ShooterSam/ShooterSam/Content/Input/IMC_MouseLook.uexp" 616
"F:/Users/mihai/Documents/GitHub/ShooterSam/ShooterSam/Content/Input/Actions/IA_Jump.uasset" 617
"F:/Users/mihai/Documents/GitHub/ShooterSam/ShooterSam/Content/Input/Actions/IA_Jump.uexp" 618
"F:/Users/mihai/Documents/GitHub/ShooterSam/ShooterSam/Content/Input/Actions/IA_Move.uasset" 619
"F:/Users/mihai/Documents/GitHub/ShooterSam/ShooterSam/Content/Input/Actions/IA_Move.uexp" 620
"F:/Users/mihai/Documents/GitHub/ShooterSam/ShooterSam/Content/Input/Actions/IA_Shoot.uasset" 621
"F:/Users/mihai/Documents/GitHub/ShooterSam/ShooterSam/Content/Input/Actions/IA_Shoot.uexp" 622
"F:/Users/mihai/Documents/GitHub/ShooterSam/ShooterSam/Content/Input/IMC_Default.uasset" 623
"F:/Users/mihai/Documents/GitHub/ShooterSam/ShooterSam/Content/Input/IMC_Default.uexp" 624
"F:/Users/mihai/Documents/GitHub/ShooterSam/ShooterSam/Content/MyStuff/Blueprints/WPB_HUD.uasset" 625
"F:/Users/mihai/Documents/GitHub/ShooterSam/ShooterSam/Content/MyStuff/Blueprints/WPB_HUD.uexp" 626
"F:/Users/mihai/Documents/GitHub/ShooterSam/ShooterSam/Content/MyStuff/Blueprints/BP_ShooterSamPlayerController.uasset" 627
"F:/Users/mihai/Documents/GitHub/ShooterSam/ShooterSam/Content/MyStuff/Blueprints/BP_ShooterSamPlayerController.uexp" 628
"F:/Users/mihai/Documents/GitHub/ShooterSam/ShooterSam/Content/Characters/Mannequins/Meshes/SK_Mannequin.uasset" 629
"F:/Users/mihai/Documents/GitHub/ShooterSam/ShooterSam/Content/Characters/Mannequins/Meshes/SK_Mannequin.uexp" 630
"F:/Users/mihai/Documents/GitHub/ShooterSam/ShooterSam/Content/Characters/Mannequins/Rigs/PA_Mannequin.uasset" 631
"F:/Users/mihai/Documents/GitHub/ShooterSam/ShooterSam/Content/Characters/Mannequins/Rigs/PA_Mannequin.uexp" 632
"F:/Users/mihai/Documents/GitHub/ShooterSam/ShooterSam/Content/Characters/Mannequins/Textures/Shared/T_UE_Logo_M.uasset" 633
"F:/Users/mihai/Documents/GitHub/ShooterSam/ShooterSam/Content/Characters/Mannequins/Textures/Shared/T_UE_Logo_M.uexp" 634
"F:/Users/mihai/Documents/GitHub/ShooterSam/ShooterSam/Content/Characters/Mannequins/Textures/Manny/T_Manny_01_MRA.ubulk" 635
"F:/Users/mihai/Documents/GitHub/ShooterSam/ShooterSam/Content/Characters/Mannequins/Textures/Manny/T_Manny_01_MRA.uasset" 636
"F:/Users/mihai/Documents/GitHub/ShooterSam/ShooterSam/Content/Characters/Mannequins/Textures/Manny/T_Manny_01_MRA.uexp" 637
"F:/Users/mihai/Documents/GitHub/ShooterSam/ShooterSam/Content/Characters/Mannequins/Textures/Manny/T_Manny_01_D.ubulk" 638
"F:/Users/mihai/Documents/GitHub/ShooterSam/ShooterSam/Content/Characters/Mannequins/Textures/Manny/T_Manny_01_D.uasset" 639
"F:/Users/mihai/Documents/GitHub/ShooterSam/ShooterSam/Content/Characters/Mannequins/Textures/Manny/T_Manny_01_D.uexp" 640
"F:/Users/mihai/Documents/GitHub/ShooterSam/ShooterSam/Content/Characters/Mannequins/Textures/Manny/T_Manny_01_BN.ubulk" 641
"F:/Users/mihai/Documents/GitHub/ShooterSam/ShooterSam/Content/Characters/Mannequins/Textures/Manny/T_Manny_01_BN.uasset" 642
"F:/Users/mihai/Documents/GitHub/ShooterSam/ShooterSam/Content/Characters/Mannequins/Textures/Manny/T_Manny_01_BN.uexp" 643
"F:/Users/mihai/Documents/GitHub/ShooterSam/ShooterSam/Content/Characters/Mannequins/Materials/M_Mannequin.uasset" 644
"F:/Users/mihai/Documents/GitHub/ShooterSam/ShooterSam/Content/Characters/Mannequins/Materials/M_Mannequin.uexp" 645
"F:/Users/mihai/Documents/GitHub/ShooterSam/ShooterSam/Content/Characters/Mannequins/Textures/Quinn/T_Quinn_01_N.ubulk" 646
"F:/Users/mihai/Documents/GitHub/ShooterSam/ShooterSam/Content/Characters/Mannequins/Textures/Quinn/T_Quinn_01_N.uasset" 647
"F:/Users/mihai/Documents/GitHub/ShooterSam/ShooterSam/Content/Characters/Mannequins/Textures/Quinn/T_Quinn_01_N.uexp" 648
"F:/Users/mihai/Documents/GitHub/ShooterSam/ShooterSam/Content/Characters/Mannequins/Textures/Quinn/T_Quinn_01_MRA.ubulk" 649
"F:/Users/mihai/Documents/GitHub/ShooterSam/ShooterSam/Content/Characters/Mannequins/Textures/Quinn/T_Quinn_01_MRA.uasset" 650
"F:/Users/mihai/Documents/GitHub/ShooterSam/ShooterSam/Content/Characters/Mannequins/Textures/Quinn/T_Quinn_01_MRA.uexp" 651
"F:/Users/mihai/Documents/GitHub/ShooterSam/ShooterSam/Content/Characters/Mannequins/Textures/Quinn/T_Quinn_01_D.ubulk" 652
"F:/Users/mihai/Documents/GitHub/ShooterSam/ShooterSam/Content/Characters/Mannequins/Textures/Quinn/T_Quinn_01_D.uasset" 653
"F:/Users/mihai/Documents/GitHub/ShooterSam/ShooterSam/Content/Characters/Mannequins/Textures/Quinn/T_Quinn_01_D.uexp" 654
"F:/Users/mihai/Documents/GitHub/ShooterSam/ShooterSam/Content/Characters/Mannequins/Materials/Quinn/MI_Quinn_01.uasset" 655
"F:/Users/mihai/Documents/GitHub/ShooterSam/ShooterSam/Content/Characters/Mannequins/Materials/Quinn/MI_Quinn_01.uexp" 656
"F:/Users/mihai/Documents/GitHub/ShooterSam/ShooterSam/Content/Characters/Mannequins/Textures/Quinn/T_Quinn_02_N.ubulk" 657
"F:/Users/mihai/Documents/GitHub/ShooterSam/ShooterSam/Content/Characters/Mannequins/Textures/Quinn/T_Quinn_02_N.uasset" 658
"F:/Users/mihai/Documents/GitHub/ShooterSam/ShooterSam/Content/Characters/Mannequins/Textures/Quinn/T_Quinn_02_N.uexp" 659
"F:/Users/mihai/Documents/GitHub/ShooterSam/ShooterSam/Content/Characters/Mannequins/Textures/Quinn/T_Quinn_02_MRA.ubulk" 660
"F:/Users/mihai/Documents/GitHub/ShooterSam/ShooterSam/Content/Characters/Mannequins/Textures/Quinn/T_Quinn_02_MRA.uasset" 661
"F:/Users/mihai/Documents/GitHub/ShooterSam/ShooterSam/Content/Characters/Mannequins/Textures/Quinn/T_Quinn_02_MRA.uexp" 662
"F:/Users/mihai/Documents/GitHub/ShooterSam/ShooterSam/Content/Characters/Mannequins/Textures/Quinn/T_Quinn_02_D.ubulk" 663
"F:/Users/mihai/Documents/GitHub/ShooterSam/ShooterSam/Content/Characters/Mannequins/Textures/Quinn/T_Quinn_02_D.uasset" 664
"F:/Users/mihai/Documents/GitHub/ShooterSam/ShooterSam/Content/Characters/Mannequins/Textures/Quinn/T_Quinn_02_D.uexp" 665
"F:/Users/mihai/Documents/GitHub/ShooterSam/ShooterSam/Content/Characters/Mannequins/Materials/Quinn/MI_Quinn_02.uasset" 666
"F:/Users/mihai/Documents/GitHub/ShooterSam/ShooterSam/Content/Characters/Mannequins/Materials/Quinn/MI_Quinn_02.uexp" 667
"F:/Users/mihai/Documents/GitHub/ShooterSam/ShooterSam/Content/Characters/Mannequins/Meshes/SKM_Quinn_Simple.uasset" 668
"F:/Users/mihai/Documents/GitHub/ShooterSam/ShooterSam/Content/Characters/Mannequins/Meshes/SKM_Quinn_Simple.uexp" 669
"F:/Users/mihai/Documents/GitHub/ShooterSam/ShooterSam/Content/Input/Actions/IA_Look.uasset" 670
"F:/Users/mihai/Documents/GitHub/ShooterSam/ShooterSam/Content/Input/Actions/IA_Look.uexp" 671
"../../../Engine/Content/Animation/DefaultVariableFrameStrippingSettings.uasset" 672
"../../../Engine/Content/Animation/DefaultVariableFrameStrippingSettings.uexp" 673
"../../../Engine/Content/Animation/DefaultAnimCurveCompressionSettings.uasset" 674
"../../../Engine/Content/Animation/DefaultAnimCurveCompressionSettings.uexp" 675
"../../../Engine/Content/Animation/DefaultAnimBoneCompressionSettings.uasset" 676
"../../../Engine/Content/Animation/DefaultAnimBoneCompressionSettings.uexp" 677
"F:/Users/mihai/Documents/GitHub/ShooterSam/ShooterSam/Content/Characters/Mannequins/Anims/Unarmed/MM_Idle.uasset" 678
"F:/Users/mihai/Documents/GitHub/ShooterSam/ShooterSam/Content/Characters/Mannequins/Anims/Unarmed/MM_Idle.uexp" 679
"../../../Engine/Plugins/Animation/ACLPlugin/Content/ACLAnimCurveCompressionSettings.uasset" 680
"../../../Engine/Plugins/Animation/ACLPlugin/Content/ACLAnimCurveCompressionSettings.uexp" 681
"F:/Users/mihai/Documents/GitHub/ShooterSam/ShooterSam/Content/Characters/Mannequins/Anims/Unarmed/Walk/MF_Unarmed_Walk_Right.uasset" 682
"F:/Users/mihai/Documents/GitHub/ShooterSam/ShooterSam/Content/Characters/Mannequins/Anims/Unarmed/Walk/MF_Unarmed_Walk_Right.uexp" 683
"F:/Users/mihai/Documents/GitHub/ShooterSam/ShooterSam/Content/Characters/Mannequins/Anims/Unarmed/Walk/MF_Unarmed_Walk_Left.uasset" 684
"F:/Users/mihai/Documents/GitHub/ShooterSam/ShooterSam/Content/Characters/Mannequins/Anims/Unarmed/Walk/MF_Unarmed_Walk_Left.uexp" 685
"../../../Engine/Content/Animation/DefaultRecorderBoneCompression.uasset" 686
"../../../Engine/Content/Animation/DefaultRecorderBoneCompression.uexp" 687
"F:/Users/mihai/Documents/GitHub/ShooterSam/ShooterSam/Content/Characters/Mannequins/Anims/Unarmed/Walk/MF_Unarmed_Walk_Fwd_Right.uasset" 688
"F:/Users/mihai/Documents/GitHub/ShooterSam/ShooterSam/Content/Characters/Mannequins/Anims/Unarmed/Walk/MF_Unarmed_Walk_Fwd_Right.uexp" 689
"F:/Users/mihai/Documents/GitHub/ShooterSam/ShooterSam/Content/Characters/Mannequins/Anims/Unarmed/Walk/MF_Unarmed_Walk_Fwd_Left.uasset" 690
"F:/Users/mihai/Documents/GitHub/ShooterSam/ShooterSam/Content/Characters/Mannequins/Anims/Unarmed/Walk/MF_Unarmed_Walk_Fwd_Left.uexp" 691
"F:/Users/mihai/Documents/GitHub/ShooterSam/ShooterSam/Content/Characters/Mannequins/Anims/Unarmed/Walk/MF_Unarmed_Walk_Fwd.uasset" 692
"F:/Users/mihai/Documents/GitHub/ShooterSam/ShooterSam/Content/Characters/Mannequins/Anims/Unarmed/Walk/MF_Unarmed_Walk_Fwd.uexp" 693
"F:/Users/mihai/Documents/GitHub/ShooterSam/ShooterSam/Content/Characters/Mannequins/Anims/Unarmed/Walk/MF_Unarmed_Walk_Bwd_Right.uasset" 694
"F:/Users/mihai/Documents/GitHub/ShooterSam/ShooterSam/Content/Characters/Mannequins/Anims/Unarmed/Walk/MF_Unarmed_Walk_Bwd_Right.uexp" 695
"F:/Users/mihai/Documents/GitHub/ShooterSam/ShooterSam/Content/Characters/Mannequins/Anims/Unarmed/Walk/MF_Unarmed_Walk_Bwd_Left.uasset" 696
"F:/Users/mihai/Documents/GitHub/ShooterSam/ShooterSam/Content/Characters/Mannequins/Anims/Unarmed/Walk/MF_Unarmed_Walk_Bwd_Left.uexp" 697
"F:/Users/mihai/Documents/GitHub/ShooterSam/ShooterSam/Content/Characters/Mannequins/Anims/Unarmed/Walk/MF_Unarmed_Walk_Bwd.uasset" 698
"F:/Users/mihai/Documents/GitHub/ShooterSam/ShooterSam/Content/Characters/Mannequins/Anims/Unarmed/Walk/MF_Unarmed_Walk_Bwd.uexp" 699
"F:/Users/mihai/Documents/GitHub/ShooterSam/ShooterSam/Content/Characters/Mannequins/Anims/Unarmed/Jog/MF_Unarmed_Jog_Right.uasset" 700
"F:/Users/mihai/Documents/GitHub/ShooterSam/ShooterSam/Content/Characters/Mannequins/Anims/Unarmed/Jog/MF_Unarmed_Jog_Right.uexp" 701
"F:/Users/mihai/Documents/GitHub/ShooterSam/ShooterSam/Content/Characters/Mannequins/Anims/Unarmed/Jog/MF_Unarmed_Jog_Left.uasset" 702
"F:/Users/mihai/Documents/GitHub/ShooterSam/ShooterSam/Content/Characters/Mannequins/Anims/Unarmed/Jog/MF_Unarmed_Jog_Left.uexp" 703
"F:/Users/mihai/Documents/GitHub/ShooterSam/ShooterSam/Content/Characters/Mannequins/Anims/Unarmed/Jog/MF_Unarmed_Jog_Fwd_Right.uasset" 704
"F:/Users/mihai/Documents/GitHub/ShooterSam/ShooterSam/Content/Characters/Mannequins/Anims/Unarmed/Jog/MF_Unarmed_Jog_Fwd_Right.uexp" 705
"F:/Users/mihai/Documents/GitHub/ShooterSam/ShooterSam/Content/Characters/Mannequins/Anims/Unarmed/Jog/MF_Unarmed_Jog_Fwd_Left.uasset" 706
"F:/Users/mihai/Documents/GitHub/ShooterSam/ShooterSam/Content/Characters/Mannequins/Anims/Unarmed/Jog/MF_Unarmed_Jog_Fwd_Left.uexp" 707
"F:/Users/mihai/Documents/GitHub/ShooterSam/ShooterSam/Content/Characters/Mannequins/Anims/Unarmed/Jog/MF_Unarmed_Jog_Fwd.uasset" 708
"F:/Users/mihai/Documents/GitHub/ShooterSam/ShooterSam/Content/Characters/Mannequins/Anims/Unarmed/Jog/MF_Unarmed_Jog_Fwd.uexp" 709
"F:/Users/mihai/Documents/GitHub/ShooterSam/ShooterSam/Content/Characters/Mannequins/Anims/Unarmed/Jog/MF_Unarmed_Jog_Bwd_Right.uasset" 710
"F:/Users/mihai/Documents/GitHub/ShooterSam/ShooterSam/Content/Characters/Mannequins/Anims/Unarmed/Jog/MF_Unarmed_Jog_Bwd_Right.uexp" 711
"F:/Users/mihai/Documents/GitHub/ShooterSam/ShooterSam/Content/Characters/Mannequins/Anims/Unarmed/Jog/MF_Unarmed_Jog_Bwd_Left.uasset" 712
"F:/Users/mihai/Documents/GitHub/ShooterSam/ShooterSam/Content/Characters/Mannequins/Anims/Unarmed/Jog/MF_Unarmed_Jog_Bwd_Left.uexp" 713
"F:/Users/mihai/Documents/GitHub/ShooterSam/ShooterSam/Content/Characters/Mannequins/Anims/Unarmed/Jog/MF_Unarmed_Jog_Bwd.uasset" 714
"F:/Users/mihai/Documents/GitHub/ShooterSam/ShooterSam/Content/Characters/Mannequins/Anims/Unarmed/Jog/MF_Unarmed_Jog_Bwd.uexp" 715
"F:/Users/mihai/Documents/GitHub/ShooterSam/ShooterSam/Content/Characters/Mannequins/Anims/Unarmed/BS_Idle_Walk_Run.uasset" 716
"F:/Users/mihai/Documents/GitHub/ShooterSam/ShooterSam/Content/Characters/Mannequins/Anims/Unarmed/BS_Idle_Walk_Run.uexp" 717
"F:/Users/mihai/Documents/GitHub/ShooterSam/ShooterSam/Content/Characters/Mannequins/Anims/Unarmed/Jump/MM_Fall_Loop.uasset" 718
"F:/Users/mihai/Documents/GitHub/ShooterSam/ShooterSam/Content/Characters/Mannequins/Anims/Unarmed/Jump/MM_Fall_Loop.uexp" 719
"F:/Users/mihai/Documents/GitHub/ShooterSam/ShooterSam/Content/Characters/Mannequins/Anims/Unarmed/Jump/MM_Jump.uasset" 720
"F:/Users/mihai/Documents/GitHub/ShooterSam/ShooterSam/Content/Characters/Mannequins/Anims/Unarmed/Jump/MM_Jump.uexp" 721
"F:/Users/mihai/Documents/GitHub/ShooterSam/ShooterSam/Content/Characters/Mannequins/Anims/Unarmed/Jump/MM_Land.uasset" 722
"F:/Users/mihai/Documents/GitHub/ShooterSam/ShooterSam/Content/Characters/Mannequins/Anims/Unarmed/Jump/MM_Land.uexp" 723
"../../../Engine/Plugins/Animation/ControlRig/Content/Controls/DefaultGizmoLibraryNormalized.uasset" 724
"../../../Engine/Plugins/Animation/ControlRig/Content/Controls/DefaultGizmoLibraryNormalized.uexp" 725
"F:/Users/mihai/Documents/GitHub/ShooterSam/ShooterSam/Content/Characters/Mannequins/Rigs/CR_Mannequin_FootIK.uasset" 726
"F:/Users/mihai/Documents/GitHub/ShooterSam/ShooterSam/Content/Characters/Mannequins/Rigs/CR_Mannequin_FootIK.uexp" 727
"F:/Users/mihai/Documents/GitHub/ShooterSam/ShooterSam/Content/Characters/Mannequins/Anims/Unarmed/ABP_Unarmed.uasset" 728
"F:/Users/mihai/Documents/GitHub/ShooterSam/ShooterSam/Content/Characters/Mannequins/Anims/Unarmed/ABP_Unarmed.uexp" 729
"F:/Users/mihai/Documents/GitHub/ShooterSam/ShooterSam/Content/Input/Touch/BPI_TouchInterface.uasset" 730
"F:/Users/mihai/Documents/GitHub/ShooterSam/ShooterSam/Content/Input/Touch/BPI_TouchInterface.uexp" 731
"F:/Users/mihai/Documents/GitHub/ShooterSam/ShooterSam/Content/ThirdPerson/Blueprints/BP_ThirdPersonCharacter.uasset" 732
"F:/Users/mihai/Documents/GitHub/ShooterSam/ShooterSam/Content/ThirdPerson/Blueprints/BP_ThirdPersonCharacter.uexp" 733
"F:/Users/mihai/Documents/GitHub/ShooterSam/ShooterSam/Content/ParagonWraith/Characters/Heroes/Wraith/Meshes/Wraith_Skeleton.uasset" 734
"F:/Users/mihai/Documents/GitHub/ShooterSam/ShooterSam/Content/ParagonWraith/Characters/Heroes/Wraith/Meshes/Wraith_Skeleton.uexp" 735
"F:/Users/mihai/Documents/GitHub/ShooterSam/ShooterSam/Content/ParagonWraith/Characters/Heroes/Wraith/Meshes/Wraith_Extents.uasset" 736
"F:/Users/mihai/Documents/GitHub/ShooterSam/ShooterSam/Content/ParagonWraith/Characters/Heroes/Wraith/Meshes/Wraith_Extents.uexp" 737
"../../../Engine/Content/Functions/Engine_MaterialFunctions02/Texturing/ScreenAlignedPixelToPixelUVs.uasset" 738
"../../../Engine/Content/Functions/Engine_MaterialFunctions02/Texturing/ScreenAlignedPixelToPixelUVs.uexp" 739
"../../../Engine/Content/EngineMaterials/Good64x64TilingNoiseHighFreq.uasset" 740
"../../../Engine/Content/EngineMaterials/Good64x64TilingNoiseHighFreq.uexp" 741
"../../../Engine/Content/Functions/Engine_MaterialFunctions02/Utility/DitherTemporalAA.uasset" 742
"../../../Engine/Content/Functions/Engine_MaterialFunctions02/Utility/DitherTemporalAA.uexp" 743
"../../../Engine/Content/Functions/Engine_MaterialFunctions01/Texturing/FlattenNormal.uasset" 744
"../../../Engine/Content/Functions/Engine_MaterialFunctions01/Texturing/FlattenNormal.uexp" 745
"../../../Engine/Content/Functions/Engine_MaterialFunctions01/Gradient/LinearGradient.uasset" 746
"../../../Engine/Content/Functions/Engine_MaterialFunctions01/Gradient/LinearGradient.uexp" 747
"../../../Engine/Content/Functions/Engine_MaterialFunctions01/ImageAdjustment/CheapContrast.uasset" 748
"../../../Engine/Content/Functions/Engine_MaterialFunctions01/ImageAdjustment/CheapContrast.uexp" 749
"../../../Engine/Content/Functions/Engine_MaterialFunctions01/Texturing/WorldAlignedTexture.uasset" 750
"../../../Engine/Content/Functions/Engine_MaterialFunctions01/Texturing/WorldAlignedTexture.uexp" 751
"../../../Engine/Content/Functions/MaterialLayerFunctions/MatLayerBlend_Tint.uasset" 752
"../../../Engine/Content/Functions/MaterialLayerFunctions/MatLayerBlend_Tint.uexp" 753
"../../../Engine/Content/Functions/MaterialLayerFunctions/MatLayerBlend_Standard.uasset" 754
"../../../Engine/Content/Functions/MaterialLayerFunctions/MatLayerBlend_Standard.uexp" 755
"../../../Engine/Content/Functions/MaterialLayerFunctions/MatLayerBlend_BakedNormal.uasset" 756
"../../../Engine/Content/Functions/MaterialLayerFunctions/MatLayerBlend_BakedNormal.uexp" 757
"../../../Engine/Content/Functions/MaterialLayerFunctions/MatLayerBlend_TenLayerBlend.uasset" 758
"../../../Engine/Content/Functions/MaterialLayerFunctions/MatLayerBlend_TenLayerBlend.uexp" 759
"../../../Engine/Content/Functions/MaterialLayerFunctions/MatLayerBlend_OverrideBaseColor.uasset" 760
"../../../Engine/Content/Functions/MaterialLayerFunctions/MatLayerBlend_OverrideBaseColor.uexp" 761
"../../../Engine/Content/Functions/MaterialLayerFunctions/MatLayerBlend_ModulateRoughness.uasset" 762
"../../../Engine/Content/Functions/MaterialLayerFunctions/MatLayerBlend_ModulateRoughness.uexp" 763
"../../../Engine/Content/Functions/MaterialLayerFunctions/MatLayerBlend_Emissive.uasset" 764
"../../../Engine/Content/Functions/MaterialLayerFunctions/MatLayerBlend_Emissive.uexp" 765
"../../../Engine/Content/Functions/MaterialLayerFunctions/MatLayerBlend_BreakBaseColor.uasset" 766
"../../../Engine/Content/Functions/MaterialLayerFunctions/MatLayerBlend_BreakBaseColor.uexp" 767
"../../../Engine/Content/Functions/Engine_MaterialFunctions02/Math/TimeWithSpeedVariable.uasset" 768
"../../../Engine/Content/Functions/Engine_MaterialFunctions02/Math/TimeWithSpeedVariable.uexp" 769
"../../../Engine/Content/Functions/Engine_MaterialFunctions01/Shading/MetallicShading.uasset" 770
"../../../Engine/Content/Functions/Engine_MaterialFunctions01/Shading/MetallicShading.uexp" 771
"../../../Engine/Content/Functions/Engine_MaterialFunctions03/Blends/Lerp_ScratchGrime.uasset" 772
"../../../Engine/Content/Functions/Engine_MaterialFunctions03/Blends/Lerp_ScratchGrime.uexp" 773
"F:/Users/mihai/Documents/GitHub/ShooterSam/ShooterSam/Content/ParagonWraith/Characters/Global/ParameterCollections/OrionGlobalGameplayCollection.uasset" 774
"F:/Users/mihai/Documents/GitHub/ShooterSam/ShooterSam/Content/ParagonWraith/Characters/Global/ParameterCollections/OrionGlobalGameplayCollection.uexp" 775
"../../../Engine/Content/EngineMaterials/DefaultNormal.ubulk" 776
"../../../Engine/Content/EngineMaterials/DefaultNormal.uasset" 777
"../../../Engine/Content/EngineMaterials/DefaultNormal.uexp" 778
"F:/Users/mihai/Documents/GitHub/ShooterSam/ShooterSam/Content/ParagonWraith/Characters/Global/MaterialLayers/T_TestML_Mask.ubulk" 779
"F:/Users/mihai/Documents/GitHub/ShooterSam/ShooterSam/Content/ParagonWraith/Characters/Global/MaterialLayers/T_TestML_Mask.uasset" 780
"F:/Users/mihai/Documents/GitHub/ShooterSam/ShooterSam/Content/ParagonWraith/Characters/Global/MaterialLayers/T_TestML_Mask.uexp" 781
"F:/Users/mihai/Documents/GitHub/ShooterSam/ShooterSam/Content/ParagonWraith/Characters/Global/MaterialLayers/ML__Blank.uasset" 782
"F:/Users/mihai/Documents/GitHub/ShooterSam/ShooterSam/Content/ParagonWraith/Characters/Global/MaterialLayers/ML__Blank.uexp" 783
"F:/Users/mihai/Documents/GitHub/ShooterSam/ShooterSam/Content/ParagonWraith/Characters/Global/MaterialFunctions/MaterialLayerConstructors/MLC_ScratchAndGrime.uasset" 784
"F:/Users/mihai/Documents/GitHub/ShooterSam/ShooterSam/Content/ParagonWraith/Characters/Global/MaterialFunctions/MaterialLayerConstructors/MLC_ScratchAndGrime.uexp" 785
"F:/Users/mihai/Documents/GitHub/ShooterSam/ShooterSam/Content/ParagonWraith/Characters/Global/MaterialFunctions/MaterialLayerConstructors/MLC_Standard.uasset" 786
"F:/Users/mihai/Documents/GitHub/ShooterSam/ShooterSam/Content/ParagonWraith/Characters/Global/MaterialFunctions/MaterialLayerConstructors/MLC_Standard.uexp" 787
"F:/Users/mihai/Documents/GitHub/ShooterSam/ShooterSam/Content/ParagonWraith/Characters/Global/MaterialLayers/Rubber/T_Blank_N.uasset" 788
"F:/Users/mihai/Documents/GitHub/ShooterSam/ShooterSam/Content/ParagonWraith/Characters/Global/MaterialLayers/Rubber/T_Blank_N.uexp" 789
"F:/Users/mihai/Documents/GitHub/ShooterSam/ShooterSam/Content/ParagonWraith/Characters/Global/MaterialLayers/Metal/T_Blue_Metal02.ubulk" 790
"F:/Users/mihai/Documents/GitHub/ShooterSam/ShooterSam/Content/ParagonWraith/Characters/Global/MaterialLayers/Metal/T_Blue_Metal02.uasset" 791
"F:/Users/mihai/Documents/GitHub/ShooterSam/ShooterSam/Content/ParagonWraith/Characters/Global/MaterialLayers/Metal/T_Blue_Metal02.uexp" 792
"F:/Users/mihai/Documents/GitHub/ShooterSam/ShooterSam/Content/ParagonWraith/Characters/Global/MaterialLayers/Metal/ML_blue_Metal.uasset" 793
"F:/Users/mihai/Documents/GitHub/ShooterSam/ShooterSam/Content/ParagonWraith/Characters/Global/MaterialLayers/Metal/ML_blue_Metal.uexp" 794
"F:/Users/mihai/Documents/GitHub/ShooterSam/ShooterSam/Content/ParagonWraith/Characters/Global/MaterialFunctions/MF_OrionRimlight.uasset" 795
"F:/Users/mihai/Documents/GitHub/ShooterSam/ShooterSam/Content/ParagonWraith/Characters/Global/MaterialFunctions/MF_OrionRimlight.uexp" 796
"../../../Engine/Content/EngineResources/WhiteSquareTexture.uasset" 797
"../../../Engine/Content/EngineResources/WhiteSquareTexture.uexp" 798
"F:/Users/mihai/Documents/GitHub/ShooterSam/ShooterSam/Content/ParagonWraith/Characters/Global/T_Black_Linear.uasset" 799
"F:/Users/mihai/Documents/GitHub/ShooterSam/ShooterSam/Content/ParagonWraith/Characters/Global/T_Black_Linear.uexp" 800
"F:/Users/mihai/Documents/GitHub/ShooterSam/ShooterSam/Content/ParagonWraith/Characters/Global/MaterialFunctions/MF_OrionCharacterAO.uasset" 801
"F:/Users/mihai/Documents/GitHub/ShooterSam/ShooterSam/Content/ParagonWraith/Characters/Global/MaterialFunctions/MF_OrionCharacterAO.uexp" 802
"F:/Users/mihai/Documents/GitHub/ShooterSam/ShooterSam/Content/ParagonWraith/Characters/Global/MaterialFunctions/MF_HitFlash.uasset" 803
"F:/Users/mihai/Documents/GitHub/ShooterSam/ShooterSam/Content/ParagonWraith/Characters/Global/MaterialFunctions/MF_HitFlash.uexp" 804
"F:/Users/mihai/Documents/GitHub/ShooterSam/ShooterSam/Content/ParagonWraith/Characters/Global/MaterialFunctions/Textures/T_AtmosphericCloudNoise01.ubulk" 805
"F:/Users/mihai/Documents/GitHub/ShooterSam/ShooterSam/Content/ParagonWraith/Characters/Global/MaterialFunctions/Textures/T_AtmosphericCloudNoise01.uasset" 806
"F:/Users/mihai/Documents/GitHub/ShooterSam/ShooterSam/Content/ParagonWraith/Characters/Global/MaterialFunctions/Textures/T_AtmosphericCloudNoise01.uexp" 807
"F:/Users/mihai/Documents/GitHub/ShooterSam/ShooterSam/Content/ParagonWraith/Characters/Global/MaterialFunctions/Textures/T_AtmosphericCloudNoise01_N.ubulk" 808
"F:/Users/mihai/Documents/GitHub/ShooterSam/ShooterSam/Content/ParagonWraith/Characters/Global/MaterialFunctions/Textures/T_AtmosphericCloudNoise01_N.uasset" 809
"F:/Users/mihai/Documents/GitHub/ShooterSam/ShooterSam/Content/ParagonWraith/Characters/Global/MaterialFunctions/Textures/T_AtmosphericCloudNoise01_N.uexp" 810
"F:/Users/mihai/Documents/GitHub/ShooterSam/ShooterSam/Content/ParagonWraith/Characters/Global/MaterialFunctions/Textures/T_AtmosphericCloudNoise03.ubulk" 811
"F:/Users/mihai/Documents/GitHub/ShooterSam/ShooterSam/Content/ParagonWraith/Characters/Global/MaterialFunctions/Textures/T_AtmosphericCloudNoise03.uasset" 812
"F:/Users/mihai/Documents/GitHub/ShooterSam/ShooterSam/Content/ParagonWraith/Characters/Global/MaterialFunctions/Textures/T_AtmosphericCloudNoise03.uexp" 813
"F:/Users/mihai/Documents/GitHub/ShooterSam/ShooterSam/Content/ParagonWraith/Characters/Global/MaterialFunctions/MF_DeathFade.uasset" 814
"F:/Users/mihai/Documents/GitHub/ShooterSam/ShooterSam/Content/ParagonWraith/Characters/Global/MaterialFunctions/MF_DeathFade.uexp" 815
"F:/Users/mihai/Documents/GitHub/ShooterSam/ShooterSam/Content/ParagonWraith/Characters/Global/MaterialFunctions/MF_Character_MaterialLayerQuality.uasset" 816
"F:/Users/mihai/Documents/GitHub/ShooterSam/ShooterSam/Content/ParagonWraith/Characters/Global/MaterialFunctions/MF_Character_MaterialLayerQuality.uexp" 817
"F:/Users/mihai/Documents/GitHub/ShooterSam/ShooterSam/Content/ParagonWraith/Characters/Global/MaterialFunctions/MF_BrightnessAdjust.uasset" 818
"F:/Users/mihai/Documents/GitHub/ShooterSam/ShooterSam/Content/ParagonWraith/Characters/Global/MaterialFunctions/MF_BrightnessAdjust.uexp" 819
"F:/Users/mihai/Documents/GitHub/ShooterSam/ShooterSam/Content/ParagonWraith/Characters/Global/MaterialFunctions/MF_CharacterEffects.uasset" 820
"F:/Users/mihai/Documents/GitHub/ShooterSam/ShooterSam/Content/ParagonWraith/Characters/Global/MaterialFunctions/MF_CharacterEffects.uexp" 821
"F:/Users/mihai/Documents/GitHub/ShooterSam/ShooterSam/Content/ParagonWraith/Characters/Global/MaterialLayers/Synthetics/T_Rough_Plastic_N.ubulk" 822
"F:/Users/mihai/Documents/GitHub/ShooterSam/ShooterSam/Content/ParagonWraith/Characters/Global/MaterialLayers/Synthetics/T_Rough_Plastic_N.uasset" 823
"F:/Users/mihai/Documents/GitHub/ShooterSam/ShooterSam/Content/ParagonWraith/Characters/Global/MaterialLayers/Synthetics/T_Rough_Plastic_N.uexp" 824
"F:/Users/mihai/Documents/GitHub/ShooterSam/ShooterSam/Content/ParagonWraith/Characters/Global/MaterialLayers/Synthetics/T_Rough_Plastic_D.ubulk" 825
"F:/Users/mihai/Documents/GitHub/ShooterSam/ShooterSam/Content/ParagonWraith/Characters/Global/MaterialLayers/Synthetics/T_Rough_Plastic_D.uasset" 826
"F:/Users/mihai/Documents/GitHub/ShooterSam/ShooterSam/Content/ParagonWraith/Characters/Global/MaterialLayers/Synthetics/T_Rough_Plastic_D.uexp" 827
"F:/Users/mihai/Documents/GitHub/ShooterSam/ShooterSam/Content/ParagonWraith/Characters/Global/MaterialFunctions/MaterialLayerConstructors/MF_BaseColorTintAndContrast.uasset" 828
"F:/Users/mihai/Documents/GitHub/ShooterSam/ShooterSam/Content/ParagonWraith/Characters/Global/MaterialFunctions/MaterialLayerConstructors/MF_BaseColorTintAndContrast.uexp" 829
"F:/Users/mihai/Documents/GitHub/ShooterSam/ShooterSam/Content/ParagonWraith/Characters/Global/MaterialFunctions/MaterialLayerConstructors/MF_RoughnessAdjustment.uasset" 830
"F:/Users/mihai/Documents/GitHub/ShooterSam/ShooterSam/Content/ParagonWraith/Characters/Global/MaterialFunctions/MaterialLayerConstructors/MF_RoughnessAdjustment.uexp" 831
"F:/Users/mihai/Documents/GitHub/ShooterSam/ShooterSam/Content/ParagonWraith/Characters/Global/MaterialLayers/Synthetics/ML_RoughPlastic.uasset" 832
"F:/Users/mihai/Documents/GitHub/ShooterSam/ShooterSam/Content/ParagonWraith/Characters/Global/MaterialLayers/Synthetics/ML_RoughPlastic.uexp" 833
"F:/Users/mihai/Documents/GitHub/ShooterSam/ShooterSam/Content/ParagonWraith/Characters/Global/MaterialLayers/Synthetics/T_CF_Nor.ubulk" 834
"F:/Users/mihai/Documents/GitHub/ShooterSam/ShooterSam/Content/ParagonWraith/Characters/Global/MaterialLayers/Synthetics/T_CF_Nor.uasset" 835
"F:/Users/mihai/Documents/GitHub/ShooterSam/ShooterSam/Content/ParagonWraith/Characters/Global/MaterialLayers/Synthetics/T_CF_Nor.uexp" 836
"F:/Users/mihai/Documents/GitHub/ShooterSam/ShooterSam/Content/ParagonWraith/Characters/Global/MaterialLayers/Synthetics/T_Carbon_Color.ubulk" 837
"F:/Users/mihai/Documents/GitHub/ShooterSam/ShooterSam/Content/ParagonWraith/Characters/Global/MaterialLayers/Synthetics/T_Carbon_Color.uasset" 838
"F:/Users/mihai/Documents/GitHub/ShooterSam/ShooterSam/Content/ParagonWraith/Characters/Global/MaterialLayers/Synthetics/T_Carbon_Color.uexp" 839
"F:/Users/mihai/Documents/GitHub/ShooterSam/ShooterSam/Content/ParagonWraith/Characters/Global/MaterialLayers/Painted/T_Cream_Painted_Metal_N.ubulk" 840
"F:/Users/mihai/Documents/GitHub/ShooterSam/ShooterSam/Content/ParagonWraith/Characters/Global/MaterialLayers/Painted/T_Cream_Painted_Metal_N.uasset" 841
"F:/Users/mihai/Documents/GitHub/ShooterSam/ShooterSam/Content/ParagonWraith/Characters/Global/MaterialLayers/Painted/T_Cream_Painted_Metal_N.uexp" 842
"F:/Users/mihai/Documents/GitHub/ShooterSam/ShooterSam/Content/ParagonWraith/Characters/Global/MaterialLayers/Painted/T_Cream_Paint_D.ubulk" 843
"F:/Users/mihai/Documents/GitHub/ShooterSam/ShooterSam/Content/ParagonWraith/Characters/Global/MaterialLayers/Painted/T_Cream_Paint_D.uasset" 844
"F:/Users/mihai/Documents/GitHub/ShooterSam/ShooterSam/Content/ParagonWraith/Characters/Global/MaterialLayers/Painted/T_Cream_Paint_D.uexp" 845
"F:/Users/mihai/Documents/GitHub/ShooterSam/ShooterSam/Content/ParagonWraith/Characters/Global/MaterialLayers/Synthetics/ML_CarbonFiber.uasset" 846
"F:/Users/mihai/Documents/GitHub/ShooterSam/ShooterSam/Content/ParagonWraith/Characters/Global/MaterialLayers/Synthetics/ML_CarbonFiber.uexp" 847
"F:/Users/mihai/Documents/GitHub/ShooterSam/ShooterSam/Content/ParagonWraith/Characters/Global/MaterialLayers/Metal/T_ML_Aluminum_01_N.ubulk" 848
"F:/Users/mihai/Documents/GitHub/ShooterSam/ShooterSam/Content/ParagonWraith/Characters/Global/MaterialLayers/Metal/T_ML_Aluminum_01_N.uasset" 849
"F:/Users/mihai/Documents/GitHub/ShooterSam/ShooterSam/Content/ParagonWraith/Characters/Global/MaterialLayers/Metal/T_ML_Aluminum_01_N.uexp" 850
"../../../Engine/Content/EngineMaterials/FlatNormal.uasset" 851
"../../../Engine/Content/EngineMaterials/FlatNormal.uexp" 852
"F:/Users/mihai/Documents/GitHub/ShooterSam/ShooterSam/Content/ParagonWraith/Characters/Global/MaterialLayers/Metal/T_hardmetal2_D.ubulk" 853
"F:/Users/mihai/Documents/GitHub/ShooterSam/ShooterSam/Content/ParagonWraith/Characters/Global/MaterialLayers/Metal/T_hardmetal2_D.uasset" 854
"F:/Users/mihai/Documents/GitHub/ShooterSam/ShooterSam/Content/ParagonWraith/Characters/Global/MaterialLayers/Metal/T_hardmetal2_D.uexp" 855
"F:/Users/mihai/Documents/GitHub/ShooterSam/ShooterSam/Content/ParagonWraith/Characters/Global/MaterialFunctions/MaterialLayerConstructors/MLC_SolidValues.uasset" 856
"F:/Users/mihai/Documents/GitHub/ShooterSam/ShooterSam/Content/ParagonWraith/Characters/Global/MaterialFunctions/MaterialLayerConstructors/MLC_SolidValues.uexp" 857
"F:/Users/mihai/Documents/GitHub/ShooterSam/ShooterSam/Content/ParagonWraith/Characters/Global/MaterialLayers/Metal/ML_LowContrastHardMetal.uasset" 858
"F:/Users/mihai/Documents/GitHub/ShooterSam/ShooterSam/Content/ParagonWraith/Characters/Global/MaterialLayers/Metal/ML_LowContrastHardMetal.uexp" 859
"F:/Users/mihai/Documents/GitHub/ShooterSam/ShooterSam/Content/ParagonWraith/Characters/Heroes/Wraith/Textures/T_Wraith_upperbody_N_DEMO.ubulk" 860
"F:/Users/mihai/Documents/GitHub/ShooterSam/ShooterSam/Content/ParagonWraith/Characters/Heroes/Wraith/Textures/T_Wraith_upperbody_N_DEMO.uasset" 861
"F:/Users/mihai/Documents/GitHub/ShooterSam/ShooterSam/Content/ParagonWraith/Characters/Heroes/Wraith/Textures/T_Wraith_upperbody_N_DEMO.uexp" 862
"F:/Users/mihai/Documents/GitHub/ShooterSam/ShooterSam/Content/ParagonWraith/Characters/Global/MaterialLayers/Rubber/T_ML_FineRubber_N.ubulk" 863
"F:/Users/mihai/Documents/GitHub/ShooterSam/ShooterSam/Content/ParagonWraith/Characters/Global/MaterialLayers/Rubber/T_ML_FineRubber_N.uasset" 864
"F:/Users/mihai/Documents/GitHub/ShooterSam/ShooterSam/Content/ParagonWraith/Characters/Global/MaterialLayers/Rubber/T_ML_FineRubber_N.uexp" 865
"F:/Users/mihai/Documents/GitHub/ShooterSam/ShooterSam/Content/ParagonWraith/Characters/Heroes/Wraith/Textures/T_Wraith_BackPackbody_RGBA.ubulk" 866
"F:/Users/mihai/Documents/GitHub/ShooterSam/ShooterSam/Content/ParagonWraith/Characters/Heroes/Wraith/Textures/T_Wraith_BackPackbody_RGBA.uasset" 867
"F:/Users/mihai/Documents/GitHub/ShooterSam/ShooterSam/Content/ParagonWraith/Characters/Heroes/Wraith/Textures/T_Wraith_BackPackbody_RGBA.uexp" 868
"F:/Users/mihai/Documents/GitHub/ShooterSam/ShooterSam/Content/ParagonWraith/Characters/Heroes/Wraith/Materials/MLayer/T_TireRubber_R.ubulk" 869
"F:/Users/mihai/Documents/GitHub/ShooterSam/ShooterSam/Content/ParagonWraith/Characters/Heroes/Wraith/Materials/MLayer/T_TireRubber_R.uasset" 870
"F:/Users/mihai/Documents/GitHub/ShooterSam/ShooterSam/Content/ParagonWraith/Characters/Heroes/Wraith/Materials/MLayer/T_TireRubber_R.uexp" 871
"F:/Users/mihai/Documents/GitHub/ShooterSam/ShooterSam/Content/ParagonWraith/Characters/Heroes/Wraith/Materials/MLayer/ML_Wraithlatex.uasset" 872
"F:/Users/mihai/Documents/GitHub/ShooterSam/ShooterSam/Content/ParagonWraith/Characters/Heroes/Wraith/Materials/MLayer/ML_Wraithlatex.uexp" 873
"F:/Users/mihai/Documents/GitHub/ShooterSam/ShooterSam/Content/ParagonWraith/Characters/Heroes/Wraith/Skins/LunarOps/Textures/T_Wraith_Upperbody_LunarOps_RGBA.ubulk" 874
"F:/Users/mihai/Documents/GitHub/ShooterSam/ShooterSam/Content/ParagonWraith/Characters/Heroes/Wraith/Skins/LunarOps/Textures/T_Wraith_Upperbody_LunarOps_RGBA.uasset" 875
"F:/Users/mihai/Documents/GitHub/ShooterSam/ShooterSam/Content/ParagonWraith/Characters/Heroes/Wraith/Skins/LunarOps/Textures/T_Wraith_Upperbody_LunarOps_RGBA.uexp" 876
"F:/Users/mihai/Documents/GitHub/ShooterSam/ShooterSam/Content/ParagonWraith/Characters/Heroes/Wraith/Skins/LunarOps/Textures/T_Wraith_UpperBody_LunarOps_Mask2.ubulk" 877
"F:/Users/mihai/Documents/GitHub/ShooterSam/ShooterSam/Content/ParagonWraith/Characters/Heroes/Wraith/Skins/LunarOps/Textures/T_Wraith_UpperBody_LunarOps_Mask2.uasset" 878
"F:/Users/mihai/Documents/GitHub/ShooterSam/ShooterSam/Content/ParagonWraith/Characters/Heroes/Wraith/Skins/LunarOps/Textures/T_Wraith_UpperBody_LunarOps_Mask2.uexp" 879
"F:/Users/mihai/Documents/GitHub/ShooterSam/ShooterSam/Content/ParagonWraith/Characters/Heroes/Wraith/Skins/LunarOps/Textures/T_Wraith_UpperBody_LunarOps_Mask.ubulk" 880
"F:/Users/mihai/Documents/GitHub/ShooterSam/ShooterSam/Content/ParagonWraith/Characters/Heroes/Wraith/Skins/LunarOps/Textures/T_Wraith_UpperBody_LunarOps_Mask.uasset" 881
"F:/Users/mihai/Documents/GitHub/ShooterSam/ShooterSam/Content/ParagonWraith/Characters/Heroes/Wraith/Skins/LunarOps/Textures/T_Wraith_UpperBody_LunarOps_Mask.uexp" 882
"F:/Users/mihai/Documents/GitHub/ShooterSam/ShooterSam/Content/ParagonWraith/Characters/Heroes/Wraith/Skins/LunarOps/Materials/ML/T_FlakeMask.ubulk" 883
"F:/Users/mihai/Documents/GitHub/ShooterSam/ShooterSam/Content/ParagonWraith/Characters/Heroes/Wraith/Skins/LunarOps/Materials/ML/T_FlakeMask.uasset" 884
"F:/Users/mihai/Documents/GitHub/ShooterSam/ShooterSam/Content/ParagonWraith/Characters/Heroes/Wraith/Skins/LunarOps/Materials/ML/T_FlakeMask.uexp" 885
"F:/Users/mihai/Documents/GitHub/ShooterSam/ShooterSam/Content/ParagonWraith/Characters/Heroes/Wraith/Skins/LunarOps/Materials/ML/MF_Sparkle_ramdon.uasset" 886
"F:/Users/mihai/Documents/GitHub/ShooterSam/ShooterSam/Content/ParagonWraith/Characters/Heroes/Wraith/Skins/LunarOps/Materials/ML/MF_Sparkle_ramdon.uexp" 887
"../../../Engine/Content/EngineMaterials/RandomAngles.uasset" 888
"../../../Engine/Content/EngineMaterials/RandomAngles.uexp" 889
"F:/Users/mihai/Documents/GitHub/ShooterSam/ShooterSam/Content/ParagonWraith/Characters/Heroes/Wraith/Skins/LunarOps/Materials/ML/T_Bump_N.ubulk" 890
"F:/Users/mihai/Documents/GitHub/ShooterSam/ShooterSam/Content/ParagonWraith/Characters/Heroes/Wraith/Skins/LunarOps/Materials/ML/T_Bump_N.uasset" 891
"F:/Users/mihai/Documents/GitHub/ShooterSam/ShooterSam/Content/ParagonWraith/Characters/Heroes/Wraith/Skins/LunarOps/Materials/ML/T_Bump_N.uexp" 892
"F:/Users/mihai/Documents/GitHub/ShooterSam/ShooterSam/Content/ParagonWraith/Characters/Heroes/Wraith/Skins/LunarOps/Materials/ML/MF_Wraith_CarPaint.uasset" 893
"F:/Users/mihai/Documents/GitHub/ShooterSam/ShooterSam/Content/ParagonWraith/Characters/Heroes/Wraith/Skins/LunarOps/Materials/ML/MF_Wraith_CarPaint.uexp" 894
"F:/Users/mihai/Documents/GitHub/ShooterSam/ShooterSam/Content/ParagonWraith/Characters/Heroes/Wraith/Skins/LunarOps/Materials/M_Wraith_Upperbody_LunarOps.uasset" 895
"F:/Users/mihai/Documents/GitHub/ShooterSam/ShooterSam/Content/ParagonWraith/Characters/Heroes/Wraith/Skins/LunarOps/Materials/M_Wraith_Upperbody_LunarOps.uexp" 896
"F:/Users/mihai/Documents/GitHub/ShooterSam/ShooterSam/Content/ParagonWraith/Characters/Global/MaterialLayers/Metal/T_Brushed_Copper_N.ubulk" 897
"F:/Users/mihai/Documents/GitHub/ShooterSam/ShooterSam/Content/ParagonWraith/Characters/Global/MaterialLayers/Metal/T_Brushed_Copper_N.uasset" 898
"F:/Users/mihai/Documents/GitHub/ShooterSam/ShooterSam/Content/ParagonWraith/Characters/Global/MaterialLayers/Metal/T_Brushed_Copper_N.uexp" 899
"F:/Users/mihai/Documents/GitHub/ShooterSam/ShooterSam/Content/ParagonWraith/Characters/Global/MaterialLayers/Metal/T_Brushed_Copper_D.ubulk" 900
"F:/Users/mihai/Documents/GitHub/ShooterSam/ShooterSam/Content/ParagonWraith/Characters/Global/MaterialLayers/Metal/T_Brushed_Copper_D.uasset" 901
"F:/Users/mihai/Documents/GitHub/ShooterSam/ShooterSam/Content/ParagonWraith/Characters/Global/MaterialLayers/Metal/T_Brushed_Copper_D.uexp" 902
"F:/Users/mihai/Documents/GitHub/ShooterSam/ShooterSam/Content/ParagonWraith/Characters/Global/MaterialLayers/Metal/ML_AnodizedAluminium.uasset" 903
"F:/Users/mihai/Documents/GitHub/ShooterSam/ShooterSam/Content/ParagonWraith/Characters/Global/MaterialLayers/Metal/ML_AnodizedAluminium.uexp" 904
"F:/Users/mihai/Documents/GitHub/ShooterSam/ShooterSam/Content/ParagonWraith/Characters/Heroes/Wraith/Textures/T_Wraith_Lowerbody_RGBA.ubulk" 905
"F:/Users/mihai/Documents/GitHub/ShooterSam/ShooterSam/Content/ParagonWraith/Characters/Heroes/Wraith/Textures/T_Wraith_Lowerbody_RGBA.uasset" 906
"F:/Users/mihai/Documents/GitHub/ShooterSam/ShooterSam/Content/ParagonWraith/Characters/Heroes/Wraith/Textures/T_Wraith_Lowerbody_RGBA.uexp" 907
"F:/Users/mihai/Documents/GitHub/ShooterSam/ShooterSam/Content/ParagonWraith/Characters/Heroes/Wraith/Textures/T_Wraith_lowerbody_N_DEMO.ubulk" 908
"F:/Users/mihai/Documents/GitHub/ShooterSam/ShooterSam/Content/ParagonWraith/Characters/Heroes/Wraith/Textures/T_Wraith_lowerbody_N_DEMO.uasset" 909
"F:/Users/mihai/Documents/GitHub/ShooterSam/ShooterSam/Content/ParagonWraith/Characters/Heroes/Wraith/Textures/T_Wraith_lowerbody_N_DEMO.uexp" 910
"F:/Users/mihai/Documents/GitHub/ShooterSam/ShooterSam/Content/ParagonWraith/Characters/Heroes/Wraith/Skins/LunarOps/Textures/T_Wraith_LunarOps_Lowerbody_RGBA.ubulk" 911
"F:/Users/mihai/Documents/GitHub/ShooterSam/ShooterSam/Content/ParagonWraith/Characters/Heroes/Wraith/Skins/LunarOps/Textures/T_Wraith_LunarOps_Lowerbody_RGBA.uasset" 912
"F:/Users/mihai/Documents/GitHub/ShooterSam/ShooterSam/Content/ParagonWraith/Characters/Heroes/Wraith/Skins/LunarOps/Textures/T_Wraith_LunarOps_Lowerbody_RGBA.uexp" 913
"F:/Users/mihai/Documents/GitHub/ShooterSam/ShooterSam/Content/ParagonWraith/Characters/Heroes/Wraith/Skins/LunarOps/Textures/T_Wraith_lowerBody_LunarOps_Mask2.ubulk" 914
"F:/Users/mihai/Documents/GitHub/ShooterSam/ShooterSam/Content/ParagonWraith/Characters/Heroes/Wraith/Skins/LunarOps/Textures/T_Wraith_lowerBody_LunarOps_Mask2.uasset" 915
"F:/Users/mihai/Documents/GitHub/ShooterSam/ShooterSam/Content/ParagonWraith/Characters/Heroes/Wraith/Skins/LunarOps/Textures/T_Wraith_lowerBody_LunarOps_Mask2.uexp" 916
"F:/Users/mihai/Documents/GitHub/ShooterSam/ShooterSam/Content/ParagonWraith/Characters/Heroes/Wraith/Skins/LunarOps/Textures/T_Wraith_lowerBody_LunarOps_Mask.ubulk" 917
"F:/Users/mihai/Documents/GitHub/ShooterSam/ShooterSam/Content/ParagonWraith/Characters/Heroes/Wraith/Skins/LunarOps/Textures/T_Wraith_lowerBody_LunarOps_Mask.uasset" 918
"F:/Users/mihai/Documents/GitHub/ShooterSam/ShooterSam/Content/ParagonWraith/Characters/Heroes/Wraith/Skins/LunarOps/Textures/T_Wraith_lowerBody_LunarOps_Mask.uexp" 919
"F:/Users/mihai/Documents/GitHub/ShooterSam/ShooterSam/Content/ParagonWraith/Characters/Heroes/Wraith/Skins/LunarOps/Materials/M_Wraith_Lowerbody_LunarOps.uasset" 920
"F:/Users/mihai/Documents/GitHub/ShooterSam/ShooterSam/Content/ParagonWraith/Characters/Heroes/Wraith/Skins/LunarOps/Materials/M_Wraith_Lowerbody_LunarOps.uexp" 921
"F:/Users/mihai/Documents/GitHub/ShooterSam/ShooterSam/Content/ParagonWraith/Characters/Heroes/Wraith/Textures/T_Wraith_Gun_RGB.ubulk" 922
"F:/Users/mihai/Documents/GitHub/ShooterSam/ShooterSam/Content/ParagonWraith/Characters/Heroes/Wraith/Textures/T_Wraith_Gun_RGB.uasset" 923
"F:/Users/mihai/Documents/GitHub/ShooterSam/ShooterSam/Content/ParagonWraith/Characters/Heroes/Wraith/Textures/T_Wraith_Gun_RGB.uexp" 924
"F:/Users/mihai/Documents/GitHub/ShooterSam/ShooterSam/Content/ParagonWraith/Characters/Heroes/Wraith/Textures/T_Wraith_gun_N_DEMO.ubulk" 925
"F:/Users/mihai/Documents/GitHub/ShooterSam/ShooterSam/Content/ParagonWraith/Characters/Heroes/Wraith/Textures/T_Wraith_gun_N_DEMO.uasset" 926
"F:/Users/mihai/Documents/GitHub/ShooterSam/ShooterSam/Content/ParagonWraith/Characters/Heroes/Wraith/Textures/T_Wraith_gun_N_DEMO.uexp" 927
"F:/Users/mihai/Documents/GitHub/ShooterSam/ShooterSam/Content/ParagonWraith/Characters/Heroes/Wraith/Textures/T_Wraith_Gun_Mask2.ubulk" 928
"F:/Users/mihai/Documents/GitHub/ShooterSam/ShooterSam/Content/ParagonWraith/Characters/Heroes/Wraith/Textures/T_Wraith_Gun_Mask2.uasset" 929
"F:/Users/mihai/Documents/GitHub/ShooterSam/ShooterSam/Content/ParagonWraith/Characters/Heroes/Wraith/Textures/T_Wraith_Gun_Mask2.uexp" 930
"F:/Users/mihai/Documents/GitHub/ShooterSam/ShooterSam/Content/ParagonWraith/Characters/Global/MaterialLayers/Metal/T_Blank_N.ubulk" 931
"F:/Users/mihai/Documents/GitHub/ShooterSam/ShooterSam/Content/ParagonWraith/Characters/Global/MaterialLayers/Metal/T_Blank_N.uasset" 932
"F:/Users/mihai/Documents/GitHub/ShooterSam/ShooterSam/Content/ParagonWraith/Characters/Global/MaterialLayers/Metal/T_Blank_N.uexp" 933
"F:/Users/mihai/Documents/GitHub/ShooterSam/ShooterSam/Content/ParagonWraith/Characters/Global/MaterialLayers/Metal/T_Rough_Metal_N.ubulk" 934
"F:/Users/mihai/Documents/GitHub/ShooterSam/ShooterSam/Content/ParagonWraith/Characters/Global/MaterialLayers/Metal/T_Rough_Metal_N.uasset" 935
"F:/Users/mihai/Documents/GitHub/ShooterSam/ShooterSam/Content/ParagonWraith/Characters/Global/MaterialLayers/Metal/T_Rough_Metal_N.uexp" 936
"F:/Users/mihai/Documents/GitHub/ShooterSam/ShooterSam/Content/ParagonWraith/Characters/Global/MaterialLayers/Metal/T_Primer_Black_Metal2.ubulk" 937
"F:/Users/mihai/Documents/GitHub/ShooterSam/ShooterSam/Content/ParagonWraith/Characters/Global/MaterialLayers/Metal/T_Primer_Black_Metal2.uasset" 938
"F:/Users/mihai/Documents/GitHub/ShooterSam/ShooterSam/Content/ParagonWraith/Characters/Global/MaterialLayers/Metal/T_Primer_Black_Metal2.uexp" 939
"F:/Users/mihai/Documents/GitHub/ShooterSam/ShooterSam/Content/ParagonWraith/Characters/Heroes/Wraith/Materials/MLayer/ML_WraithGunmetal02.uasset" 940
"F:/Users/mihai/Documents/GitHub/ShooterSam/ShooterSam/Content/ParagonWraith/Characters/Heroes/Wraith/Materials/MLayer/ML_WraithGunmetal02.uexp" 941
"F:/Users/mihai/Documents/GitHub/ShooterSam/ShooterSam/Content/ParagonWraith/Characters/Heroes/Wraith/Materials/MLayer/T_WheelHub_R.ubulk" 942
"F:/Users/mihai/Documents/GitHub/ShooterSam/ShooterSam/Content/ParagonWraith/Characters/Heroes/Wraith/Materials/MLayer/T_WheelHub_R.uasset" 943
"F:/Users/mihai/Documents/GitHub/ShooterSam/ShooterSam/Content/ParagonWraith/Characters/Heroes/Wraith/Materials/MLayer/T_WheelHub_R.uexp" 944
"F:/Users/mihai/Documents/GitHub/ShooterSam/ShooterSam/Content/ParagonWraith/Characters/Heroes/Wraith/Materials/MLayer/MF_GunCarMat.uasset" 945
"F:/Users/mihai/Documents/GitHub/ShooterSam/ShooterSam/Content/ParagonWraith/Characters/Heroes/Wraith/Materials/MLayer/MF_GunCarMat.uexp" 946
"F:/Users/mihai/Documents/GitHub/ShooterSam/ShooterSam/Content/ParagonWraith/Characters/Heroes/Wraith/Skins/ODGreen/Textures/T_Wraith_Gun_ODGreen_Mask.ubulk" 947
"F:/Users/mihai/Documents/GitHub/ShooterSam/ShooterSam/Content/ParagonWraith/Characters/Heroes/Wraith/Skins/ODGreen/Textures/T_Wraith_Gun_ODGreen_Mask.uasset" 948
"F:/Users/mihai/Documents/GitHub/ShooterSam/ShooterSam/Content/ParagonWraith/Characters/Heroes/Wraith/Skins/ODGreen/Textures/T_Wraith_Gun_ODGreen_Mask.uexp" 949
"F:/Users/mihai/Documents/GitHub/ShooterSam/ShooterSam/Content/ParagonWraith/Characters/Heroes/Wraith/Skins/LunarOps/Materials/M_Wraith_Gun_LunarOps.uasset" 950
"F:/Users/mihai/Documents/GitHub/ShooterSam/ShooterSam/Content/ParagonWraith/Characters/Heroes/Wraith/Skins/LunarOps/Materials/M_Wraith_Gun_LunarOps.uexp" 951
"F:/Users/mihai/Documents/GitHub/ShooterSam/ShooterSam/Content/ParagonWraith/Characters/Global/MaterialLayers/Synthetics/T_Wraith_Eye_D.ubulk" 952
"F:/Users/mihai/Documents/GitHub/ShooterSam/ShooterSam/Content/ParagonWraith/Characters/Global/MaterialLayers/Synthetics/T_Wraith_Eye_D.uasset" 953
"F:/Users/mihai/Documents/GitHub/ShooterSam/ShooterSam/Content/ParagonWraith/Characters/Global/MaterialLayers/Synthetics/T_Wraith_Eye_D.uexp" 954
"F:/Users/mihai/Documents/GitHub/ShooterSam/ShooterSam/Content/ParagonWraith/Characters/Global/MaterialLayers/Synthetics/ML_Gem.uasset" 955
"F:/Users/mihai/Documents/GitHub/ShooterSam/ShooterSam/Content/ParagonWraith/Characters/Global/MaterialLayers/Synthetics/ML_Gem.uexp" 956
"F:/Users/mihai/Documents/GitHub/ShooterSam/ShooterSam/Content/ParagonWraith/Characters/Global/MaterialLayers/Metal/T_ScratchMask.ubulk" 957
"F:/Users/mihai/Documents/GitHub/ShooterSam/ShooterSam/Content/ParagonWraith/Characters/Global/MaterialLayers/Metal/T_ScratchMask.uasset" 958
"F:/Users/mihai/Documents/GitHub/ShooterSam/ShooterSam/Content/ParagonWraith/Characters/Global/MaterialLayers/Metal/T_ScratchMask.uexp" 959
"F:/Users/mihai/Documents/GitHub/ShooterSam/ShooterSam/Content/ParagonWraith/Characters/Global/MaterialLayers/Metal/T_Noise_Rough_Dark_Big.ubulk" 960
"F:/Users/mihai/Documents/GitHub/ShooterSam/ShooterSam/Content/ParagonWraith/Characters/Global/MaterialLayers/Metal/T_Noise_Rough_Dark_Big.uasset" 961
"F:/Users/mihai/Documents/GitHub/ShooterSam/ShooterSam/Content/ParagonWraith/Characters/Global/MaterialLayers/Metal/T_Noise_Rough_Dark_Big.uexp" 962
"F:/Users/mihai/Documents/GitHub/ShooterSam/ShooterSam/Content/ParagonWraith/Characters/Global/MaterialLayers/Metal/T_Metal_Scratched_Circular_01_N.ubulk" 963
"F:/Users/mihai/Documents/GitHub/ShooterSam/ShooterSam/Content/ParagonWraith/Characters/Global/MaterialLayers/Metal/T_Metal_Scratched_Circular_01_N.uasset" 964
"F:/Users/mihai/Documents/GitHub/ShooterSam/ShooterSam/Content/ParagonWraith/Characters/Global/MaterialLayers/Metal/T_Metal_Scratched_Circular_01_N.uexp" 965
"F:/Users/mihai/Documents/GitHub/ShooterSam/ShooterSam/Content/ParagonWraith/Characters/Global/MaterialLayers/Metal/T_Metal_Scratched_Circular_01_COLOR.ubulk" 966
"F:/Users/mihai/Documents/GitHub/ShooterSam/ShooterSam/Content/ParagonWraith/Characters/Global/MaterialLayers/Metal/T_Metal_Scratched_Circular_01_COLOR.uasset" 967
"F:/Users/mihai/Documents/GitHub/ShooterSam/ShooterSam/Content/ParagonWraith/Characters/Global/MaterialLayers/Metal/T_Metal_Scratched_Circular_01_COLOR.uexp" 968
"F:/Users/mihai/Documents/GitHub/ShooterSam/ShooterSam/Content/ParagonWraith/Characters/Global/MaterialLayers/Metal/ML_Metal_Scratched_Circular.uasset" 969
"F:/Users/mihai/Documents/GitHub/ShooterSam/ShooterSam/Content/ParagonWraith/Characters/Global/MaterialLayers/Metal/ML_Metal_Scratched_Circular.uexp" 970
"F:/Users/mihai/Documents/GitHub/ShooterSam/ShooterSam/Content/ParagonWraith/Characters/Global/MaterialLayers/Metal/ML_Brushed_Copper2.uasset" 971
"F:/Users/mihai/Documents/GitHub/ShooterSam/ShooterSam/Content/ParagonWraith/Characters/Global/MaterialLayers/Metal/ML_Brushed_Copper2.uexp" 972
"F:/Users/mihai/Documents/GitHub/ShooterSam/ShooterSam/Content/ParagonWraith/Characters/Heroes/Wraith/Textures/T_Wraith_backpack_N_DEMO.ubulk" 973
"F:/Users/mihai/Documents/GitHub/ShooterSam/ShooterSam/Content/ParagonWraith/Characters/Heroes/Wraith/Textures/T_Wraith_backpack_N_DEMO.uasset" 974
"F:/Users/mihai/Documents/GitHub/ShooterSam/ShooterSam/Content/ParagonWraith/Characters/Heroes/Wraith/Textures/T_Wraith_backpack_N_DEMO.uexp" 975
"F:/Users/mihai/Documents/GitHub/ShooterSam/ShooterSam/Content/ParagonWraith/Characters/Heroes/Wraith/Textures/T_Wraith_Backpack_Mask2.ubulk" 976
"F:/Users/mihai/Documents/GitHub/ShooterSam/ShooterSam/Content/ParagonWraith/Characters/Heroes/Wraith/Textures/T_Wraith_Backpack_Mask2.uasset" 977
"F:/Users/mihai/Documents/GitHub/ShooterSam/ShooterSam/Content/ParagonWraith/Characters/Heroes/Wraith/Textures/T_Wraith_Backpack_Mask2.uexp" 978
"F:/Users/mihai/Documents/GitHub/ShooterSam/ShooterSam/Content/ParagonWraith/Characters/Heroes/Wraith/Textures/T_Wraith_Emissive_Mask.ubulk" 979
"F:/Users/mihai/Documents/GitHub/ShooterSam/ShooterSam/Content/ParagonWraith/Characters/Heroes/Wraith/Textures/T_Wraith_Emissive_Mask.uasset" 980
"F:/Users/mihai/Documents/GitHub/ShooterSam/ShooterSam/Content/ParagonWraith/Characters/Heroes/Wraith/Textures/T_Wraith_Emissive_Mask.uexp" 981
"F:/Users/mihai/Documents/GitHub/ShooterSam/ShooterSam/Content/ParagonWraith/Characters/Heroes/Wraith/Materials/MLayer/MF_Wraith_Emissive_Fade.uasset" 982
"F:/Users/mihai/Documents/GitHub/ShooterSam/ShooterSam/Content/ParagonWraith/Characters/Heroes/Wraith/Materials/MLayer/MF_Wraith_Emissive_Fade.uexp" 983
"F:/Users/mihai/Documents/GitHub/ShooterSam/ShooterSam/Content/ParagonWraith/Characters/Heroes/Wraith/Skins/LunarOps/Textures/T_Wraith_Backpack_LunarOps_Mask.ubulk" 984
"F:/Users/mihai/Documents/GitHub/ShooterSam/ShooterSam/Content/ParagonWraith/Characters/Heroes/Wraith/Skins/LunarOps/Textures/T_Wraith_Backpack_LunarOps_Mask.uasset" 985
"F:/Users/mihai/Documents/GitHub/ShooterSam/ShooterSam/Content/ParagonWraith/Characters/Heroes/Wraith/Skins/LunarOps/Textures/T_Wraith_Backpack_LunarOps_Mask.uexp" 986
"F:/Users/mihai/Documents/GitHub/ShooterSam/ShooterSam/Content/ParagonWraith/Characters/Heroes/Wraith/Skins/LunarOps/Materials/M_Wraith_Backpack_LunarOps.uasset" 987
"F:/Users/mihai/Documents/GitHub/ShooterSam/ShooterSam/Content/ParagonWraith/Characters/Heroes/Wraith/Skins/LunarOps/Materials/M_Wraith_Backpack_LunarOps.uexp" 988
"F:/Users/mihai/Documents/GitHub/ShooterSam/ShooterSam/Content/ParagonWraith/Characters/Global/MaterialLayers/Fabric/T_nylonstap_N.ubulk" 989
"F:/Users/mihai/Documents/GitHub/ShooterSam/ShooterSam/Content/ParagonWraith/Characters/Global/MaterialLayers/Fabric/T_nylonstap_N.uasset" 990
"F:/Users/mihai/Documents/GitHub/ShooterSam/ShooterSam/Content/ParagonWraith/Characters/Global/MaterialLayers/Fabric/T_nylonstap_N.uexp" 991
"F:/Users/mihai/Documents/GitHub/ShooterSam/ShooterSam/Content/ParagonWraith/Characters/Global/MaterialLayers/Fabric/T_nylonstap_D.ubulk" 992
"F:/Users/mihai/Documents/GitHub/ShooterSam/ShooterSam/Content/ParagonWraith/Characters/Global/MaterialLayers/Fabric/T_nylonstap_D.uasset" 993
"F:/Users/mihai/Documents/GitHub/ShooterSam/ShooterSam/Content/ParagonWraith/Characters/Global/MaterialLayers/Fabric/T_nylonstap_D.uexp" 994
"F:/Users/mihai/Documents/GitHub/ShooterSam/ShooterSam/Content/ParagonWraith/Characters/Global/MaterialLayers/Fabric/MF_ClothShading.uasset" 995
"F:/Users/mihai/Documents/GitHub/ShooterSam/ShooterSam/Content/ParagonWraith/Characters/Global/MaterialLayers/Fabric/MF_ClothShading.uexp" 996
"F:/Users/mihai/Documents/GitHub/ShooterSam/ShooterSam/Content/ParagonWraith/Characters/Global/MaterialLayers/Fabric/ML_NylonStrap.uasset" 997
"F:/Users/mihai/Documents/GitHub/ShooterSam/ShooterSam/Content/ParagonWraith/Characters/Global/MaterialLayers/Fabric/ML_NylonStrap.uexp" 998
"F:/Users/mihai/Documents/GitHub/ShooterSam/ShooterSam/Content/ParagonWraith/FX/Textures/Heroes/Wraith/T_Wraith_BackPackbody_RGBA.ubulk" 999
"F:/Users/mihai/Documents/GitHub/ShooterSam/ShooterSam/Content/ParagonWraith/FX/Textures/Heroes/Wraith/T_Wraith_BackPackbody_RGBA.uasset" 1000
"F:/Users/mihai/Documents/GitHub/ShooterSam/ShooterSam/Content/ParagonWraith/FX/Textures/Heroes/Wraith/T_Wraith_BackPackbody_RGBA.uexp" 1001
"F:/Users/mihai/Documents/GitHub/ShooterSam/ShooterSam/Content/ParagonWraith/FX/Materials/MaterialLayers/Rubber/T_ML_FineRubber_N.ubulk" 1002
"F:/Users/mihai/Documents/GitHub/ShooterSam/ShooterSam/Content/ParagonWraith/FX/Materials/MaterialLayers/Rubber/T_ML_FineRubber_N.uasset" 1003
"F:/Users/mihai/Documents/GitHub/ShooterSam/ShooterSam/Content/ParagonWraith/FX/Materials/MaterialLayers/Rubber/T_ML_FineRubber_N.uexp" 1004
"F:/Users/mihai/Documents/GitHub/ShooterSam/ShooterSam/Content/ParagonWraith/FX/Materials/Heroes/Wraith/MLayer/T_TireRubber_R.ubulk" 1005
"F:/Users/mihai/Documents/GitHub/ShooterSam/ShooterSam/Content/ParagonWraith/FX/Materials/Heroes/Wraith/MLayer/T_TireRubber_R.uasset" 1006
"F:/Users/mihai/Documents/GitHub/ShooterSam/ShooterSam/Content/ParagonWraith/FX/Materials/Heroes/Wraith/MLayer/T_TireRubber_R.uexp" 1007
"F:/Users/mihai/Documents/GitHub/ShooterSam/ShooterSam/Content/ParagonWraith/FX/Materials/Heroes/Wraith/MLayer/MF_Wraithlatex.uasset" 1008
"F:/Users/mihai/Documents/GitHub/ShooterSam/ShooterSam/Content/ParagonWraith/FX/Materials/Heroes/Wraith/MLayer/MF_Wraithlatex.uexp" 1009
"F:/Users/mihai/Documents/GitHub/ShooterSam/ShooterSam/Content/ParagonWraith/Characters/Heroes/Wraith/Skins/LunarOps/Textures/T_Wraith_attachment_LunarOps_RGB.ubulk" 1010
"F:/Users/mihai/Documents/GitHub/ShooterSam/ShooterSam/Content/ParagonWraith/Characters/Heroes/Wraith/Skins/LunarOps/Textures/T_Wraith_attachment_LunarOps_RGB.uasset" 1011
"F:/Users/mihai/Documents/GitHub/ShooterSam/ShooterSam/Content/ParagonWraith/Characters/Heroes/Wraith/Skins/LunarOps/Textures/T_Wraith_attachment_LunarOps_RGB.uexp" 1012
"F:/Users/mihai/Documents/GitHub/ShooterSam/ShooterSam/Content/ParagonWraith/Characters/Heroes/Wraith/Skins/LunarOps/Textures/T_Wraith_attachment_LunarOps_Mask2.ubulk" 1013
"F:/Users/mihai/Documents/GitHub/ShooterSam/ShooterSam/Content/ParagonWraith/Characters/Heroes/Wraith/Skins/LunarOps/Textures/T_Wraith_attachment_LunarOps_Mask2.uasset" 1014
"F:/Users/mihai/Documents/GitHub/ShooterSam/ShooterSam/Content/ParagonWraith/Characters/Heroes/Wraith/Skins/LunarOps/Textures/T_Wraith_attachment_LunarOps_Mask2.uexp" 1015
"F:/Users/mihai/Documents/GitHub/ShooterSam/ShooterSam/Content/ParagonWraith/Characters/Heroes/Wraith/Skins/LunarOps/Textures/T_Wraith_attachment_LunarOps_Mask1.ubulk" 1016
"F:/Users/mihai/Documents/GitHub/ShooterSam/ShooterSam/Content/ParagonWraith/Characters/Heroes/Wraith/Skins/LunarOps/Textures/T_Wraith_attachment_LunarOps_Mask1.uasset" 1017
"F:/Users/mihai/Documents/GitHub/ShooterSam/ShooterSam/Content/ParagonWraith/Characters/Heroes/Wraith/Skins/LunarOps/Textures/T_Wraith_attachment_LunarOps_Mask1.uexp" 1018
"F:/Users/mihai/Documents/GitHub/ShooterSam/ShooterSam/Content/ParagonWraith/Characters/Heroes/Wraith/Skins/LunarOps/Textures/T_Accessories_ts_DEMO.ubulk" 1019
"F:/Users/mihai/Documents/GitHub/ShooterSam/ShooterSam/Content/ParagonWraith/Characters/Heroes/Wraith/Skins/LunarOps/Textures/T_Accessories_ts_DEMO.uasset" 1020
"F:/Users/mihai/Documents/GitHub/ShooterSam/ShooterSam/Content/ParagonWraith/Characters/Heroes/Wraith/Skins/LunarOps/Textures/T_Accessories_ts_DEMO.uexp" 1021
"F:/Users/mihai/Documents/GitHub/ShooterSam/ShooterSam/Content/ParagonWraith/Characters/Heroes/Wraith/Skins/LunarOps/Materials/M_Wraith_Attachment_LunarOps.uasset" 1022
"F:/Users/mihai/Documents/GitHub/ShooterSam/ShooterSam/Content/ParagonWraith/Characters/Heroes/Wraith/Skins/LunarOps/Materials/M_Wraith_Attachment_LunarOps.uexp" 1023
"F:/Users/mihai/Documents/GitHub/ShooterSam/ShooterSam/Content/ParagonWraith/Characters/Heroes/Wraith/Skins/LunarOps/Meshes/Wraith_LunarOps.uasset" 1024
"F:/Users/mihai/Documents/GitHub/ShooterSam/ShooterSam/Content/ParagonWraith/Characters/Heroes/Wraith/Skins/LunarOps/Meshes/Wraith_LunarOps.uexp" 1025
"F:/Users/mihai/Documents/GitHub/ShooterSam/ShooterSam/Content/ParagonWraith/Characters/Heroes/Wraith/Animations/Ability_RMB_Walk_Fwd.uasset" 1026
"F:/Users/mihai/Documents/GitHub/ShooterSam/ShooterSam/Content/ParagonWraith/Characters/Heroes/Wraith/Animations/Ability_RMB_Walk_Fwd.uexp" 1027
"F:/Users/mihai/Documents/GitHub/ShooterSam/ShooterSam/Content/ShooterGame/Weapons/Rifle_Skeleton.uasset" 1028
"F:/Users/mihai/Documents/GitHub/ShooterSam/ShooterSam/Content/ShooterGame/Weapons/Rifle_Skeleton.uexp" 1029
"../../../Engine/Content/Functions/MaterialLayerFunctions/MatLayerBlend_TintAllChannels.uasset" 1030
"../../../Engine/Content/Functions/MaterialLayerFunctions/MatLayerBlend_TintAllChannels.uexp" 1031
"../../../Engine/Content/Functions/MaterialLayerFunctions/MatLayerBlend_RoughnessOverride.uasset" 1032
"../../../Engine/Content/Functions/MaterialLayerFunctions/MatLayerBlend_RoughnessOverride.uexp" 1033
"../../../Engine/Content/Functions/MaterialLayerFunctions/MatLayerBlend_Decal.uasset" 1034
"../../../Engine/Content/Functions/MaterialLayerFunctions/MatLayerBlend_Decal.uexp" 1035
"F:/Users/mihai/Documents/GitHub/ShooterSam/ShooterSam/Content/ShooterGame/Weapons/Textures/MagGun_Decals.ubulk" 1036
"F:/Users/mihai/Documents/GitHub/ShooterSam/ShooterSam/Content/ShooterGame/Weapons/Textures/MagGun_Decals.uasset" 1037
"F:/Users/mihai/Documents/GitHub/ShooterSam/ShooterSam/Content/ShooterGame/Weapons/Textures/MagGun_Decals.uexp" 1038
"F:/Users/mihai/Documents/GitHub/ShooterSam/ShooterSam/Content/ShooterGame/Weapons/Textures/MagGun_01_N.ubulk" 1039
"F:/Users/mihai/Documents/GitHub/ShooterSam/ShooterSam/Content/ShooterGame/Weapons/Textures/MagGun_01_N.uasset" 1040
"F:/Users/mihai/Documents/GitHub/ShooterSam/ShooterSam/Content/ShooterGame/Weapons/Textures/MagGun_01_N.uexp" 1041
"F:/Users/mihai/Documents/GitHub/ShooterSam/ShooterSam/Content/ShooterGame/Weapons/Textures/MagGunT1_shade.ubulk" 1042
"F:/Users/mihai/Documents/GitHub/ShooterSam/ShooterSam/Content/ShooterGame/Weapons/Textures/MagGunT1_shade.uasset" 1043
"F:/Users/mihai/Documents/GitHub/ShooterSam/ShooterSam/Content/ShooterGame/Weapons/Textures/MagGunT1_shade.uexp" 1044
"F:/Users/mihai/Documents/GitHub/ShooterSam/ShooterSam/Content/ShooterGame/Weapons/Textures/MagGunT1_section.ubulk" 1045
"F:/Users/mihai/Documents/GitHub/ShooterSam/ShooterSam/Content/ShooterGame/Weapons/Textures/MagGunT1_section.uasset" 1046
"F:/Users/mihai/Documents/GitHub/ShooterSam/ShooterSam/Content/ShooterGame/Weapons/Textures/MagGunT1_section.uexp" 1047
"F:/Users/mihai/Documents/GitHub/ShooterSam/ShooterSam/Content/ShooterGame/Weapons/MaterialLayers/T_Rubber.ubulk" 1048
"F:/Users/mihai/Documents/GitHub/ShooterSam/ShooterSam/Content/ShooterGame/Weapons/MaterialLayers/T_Rubber.uasset" 1049
"F:/Users/mihai/Documents/GitHub/ShooterSam/ShooterSam/Content/ShooterGame/Weapons/MaterialLayers/T_Rubber.uexp" 1050
"F:/Users/mihai/Documents/GitHub/ShooterSam/ShooterSam/Content/ShooterGame/Weapons/MaterialLayers/T_PaintedMetal02.ubulk" 1051
"F:/Users/mihai/Documents/GitHub/ShooterSam/ShooterSam/Content/ShooterGame/Weapons/MaterialLayers/T_PaintedMetal02.uasset" 1052
"F:/Users/mihai/Documents/GitHub/ShooterSam/ShooterSam/Content/ShooterGame/Weapons/MaterialLayers/T_PaintedMetal02.uexp" 1053
"F:/Users/mihai/Documents/GitHub/ShooterSam/ShooterSam/Content/ShooterGame/Weapons/MaterialLayers/T_PaintedMetal01_N.ubulk" 1054
"F:/Users/mihai/Documents/GitHub/ShooterSam/ShooterSam/Content/ShooterGame/Weapons/MaterialLayers/T_PaintedMetal01_N.uasset" 1055
"F:/Users/mihai/Documents/GitHub/ShooterSam/ShooterSam/Content/ShooterGame/Weapons/MaterialLayers/T_PaintedMetal01_N.uexp" 1056
"F:/Users/mihai/Documents/GitHub/ShooterSam/ShooterSam/Content/ShooterGame/Weapons/MaterialLayers/T_Metal_Metal02_D.ubulk" 1057
"F:/Users/mihai/Documents/GitHub/ShooterSam/ShooterSam/Content/ShooterGame/Weapons/MaterialLayers/T_Metal_Metal02_D.uasset" 1058
"F:/Users/mihai/Documents/GitHub/ShooterSam/ShooterSam/Content/ShooterGame/Weapons/MaterialLayers/T_Metal_Metal02_D.uexp" 1059
"F:/Users/mihai/Documents/GitHub/ShooterSam/ShooterSam/Content/ShooterGame/Weapons/MaterialLayers/T_ExampleLayers_Metal02_N.ubulk" 1060
"F:/Users/mihai/Documents/GitHub/ShooterSam/ShooterSam/Content/ShooterGame/Weapons/MaterialLayers/T_ExampleLayers_Metal02_N.uasset" 1061
"F:/Users/mihai/Documents/GitHub/ShooterSam/ShooterSam/Content/ShooterGame/Weapons/MaterialLayers/T_ExampleLayers_Metal02_N.uexp" 1062
"F:/Users/mihai/Documents/GitHub/ShooterSam/ShooterSam/Content/ShooterGame/Weapons/MaterialLayers/ML_Rubber.uasset" 1063
"F:/Users/mihai/Documents/GitHub/ShooterSam/ShooterSam/Content/ShooterGame/Weapons/MaterialLayers/ML_Rubber.uexp" 1064
"F:/Users/mihai/Documents/GitHub/ShooterSam/ShooterSam/Content/ShooterGame/Weapons/MaterialLayers/ML_Paint.uasset" 1065
"F:/Users/mihai/Documents/GitHub/ShooterSam/ShooterSam/Content/ShooterGame/Weapons/MaterialLayers/ML_Paint.uexp" 1066
"F:/Users/mihai/Documents/GitHub/ShooterSam/ShooterSam/Content/ShooterGame/Weapons/MaterialLayers/ML_Metal_Gray.uasset" 1067
"F:/Users/mihai/Documents/GitHub/ShooterSam/ShooterSam/Content/ShooterGame/Weapons/MaterialLayers/ML_Metal_Gray.uexp" 1068
"F:/Users/mihai/Documents/GitHub/ShooterSam/ShooterSam/Content/ShooterGame/Characters/Textures/Chr_FPS_Metal_02.ubulk" 1069
"F:/Users/mihai/Documents/GitHub/ShooterSam/ShooterSam/Content/ShooterGame/Characters/Textures/Chr_FPS_Metal_02.uasset" 1070
"F:/Users/mihai/Documents/GitHub/ShooterSam/ShooterSam/Content/ShooterGame/Characters/Textures/Chr_FPS_Metal_02.uexp" 1071
"F:/Users/mihai/Documents/GitHub/ShooterSam/ShooterSam/Content/ShooterGame/Weapons/MaterialLayers/ML_Metal_Copper.uasset" 1072
"F:/Users/mihai/Documents/GitHub/ShooterSam/ShooterSam/Content/ShooterGame/Weapons/MaterialLayers/ML_Metal_Copper.uexp" 1073
"F:/Users/mihai/Documents/GitHub/ShooterSam/ShooterSam/Content/ShooterGame/Weapons/MaterialLayers/ML_BoltMetal.uasset" 1074
"F:/Users/mihai/Documents/GitHub/ShooterSam/ShooterSam/Content/ShooterGame/Weapons/MaterialLayers/ML_BoltMetal.uexp" 1075
"F:/Users/mihai/Documents/GitHub/ShooterSam/ShooterSam/Content/ShooterGame/Weapons/Materials/MagGun_MatA.uasset" 1076
"F:/Users/mihai/Documents/GitHub/ShooterSam/ShooterSam/Content/ShooterGame/Weapons/Materials/MagGun_MatA.uexp" 1077
"F:/Users/mihai/Documents/GitHub/ShooterSam/ShooterSam/Content/ShooterGame/Weapons/Materials/MagGun_MatA_Inst3.uasset" 1078
"F:/Users/mihai/Documents/GitHub/ShooterSam/ShooterSam/Content/ShooterGame/Weapons/Materials/MagGun_MatA_Inst3.uexp" 1079
"F:/Users/mihai/Documents/GitHub/ShooterSam/ShooterSam/Content/ShooterGame/Weapons/Textures/MagGun_Display_EM.ubulk" 1080
"F:/Users/mihai/Documents/GitHub/ShooterSam/ShooterSam/Content/ShooterGame/Weapons/Textures/MagGun_Display_EM.uasset" 1081
"F:/Users/mihai/Documents/GitHub/ShooterSam/ShooterSam/Content/ShooterGame/Weapons/Textures/MagGun_Display_EM.uexp" 1082
"F:/Users/mihai/Documents/GitHub/ShooterSam/ShooterSam/Content/ShooterGame/Weapons/Textures/MagGun_02_N.ubulk" 1083
"F:/Users/mihai/Documents/GitHub/ShooterSam/ShooterSam/Content/ShooterGame/Weapons/Textures/MagGun_02_N.uasset" 1084
"F:/Users/mihai/Documents/GitHub/ShooterSam/ShooterSam/Content/ShooterGame/Weapons/Textures/MagGun_02_N.uexp" 1085
"F:/Users/mihai/Documents/GitHub/ShooterSam/ShooterSam/Content/ShooterGame/Weapons/Textures/MagGunT2_shade.ubulk" 1086
"F:/Users/mihai/Documents/GitHub/ShooterSam/ShooterSam/Content/ShooterGame/Weapons/Textures/MagGunT2_shade.uasset" 1087
"F:/Users/mihai/Documents/GitHub/ShooterSam/ShooterSam/Content/ShooterGame/Weapons/Textures/MagGunT2_shade.uexp" 1088
"F:/Users/mihai/Documents/GitHub/ShooterSam/ShooterSam/Content/ShooterGame/Weapons/Textures/MagGunT2_section.ubulk" 1089
"F:/Users/mihai/Documents/GitHub/ShooterSam/ShooterSam/Content/ShooterGame/Weapons/Textures/MagGunT2_section.uasset" 1090
"F:/Users/mihai/Documents/GitHub/ShooterSam/ShooterSam/Content/ShooterGame/Weapons/Textures/MagGunT2_section.uexp" 1091
"F:/Users/mihai/Documents/GitHub/ShooterSam/ShooterSam/Content/ShooterGame/Weapons/Materials/MagGun_MatB.uasset" 1092
"F:/Users/mihai/Documents/GitHub/ShooterSam/ShooterSam/Content/ShooterGame/Weapons/Materials/MagGun_MatB.uexp" 1093
"F:/Users/mihai/Documents/GitHub/ShooterSam/ShooterSam/Content/ShooterGame/Weapons/Materials/MagGun_MatB_Inst2.uasset" 1094
"F:/Users/mihai/Documents/GitHub/ShooterSam/ShooterSam/Content/ShooterGame/Weapons/Materials/MagGun_MatB_Inst2.uexp" 1095
"F:/Users/mihai/Documents/GitHub/ShooterSam/ShooterSam/Content/ShooterGame/Weapons/Textures/SightLens_maskB.ubulk" 1096
"F:/Users/mihai/Documents/GitHub/ShooterSam/ShooterSam/Content/ShooterGame/Weapons/Textures/SightLens_maskB.uasset" 1097
"F:/Users/mihai/Documents/GitHub/ShooterSam/ShooterSam/Content/ShooterGame/Weapons/Textures/SightLens_maskB.uexp" 1098
"F:/Users/mihai/Documents/GitHub/ShooterSam/ShooterSam/Content/ShooterGame/Weapons/Textures/SightLens_maskA.ubulk" 1099
"F:/Users/mihai/Documents/GitHub/ShooterSam/ShooterSam/Content/ShooterGame/Weapons/Textures/SightLens_maskA.uasset" 1100
"F:/Users/mihai/Documents/GitHub/ShooterSam/ShooterSam/Content/ShooterGame/Weapons/Textures/SightLens_maskA.uexp" 1101
"F:/Users/mihai/Documents/GitHub/ShooterSam/ShooterSam/Content/ShooterGame/Environment/Textures/holo_layer_1_5.ubulk" 1102
"F:/Users/mihai/Documents/GitHub/ShooterSam/ShooterSam/Content/ShooterGame/Environment/Textures/holo_layer_1_5.uasset" 1103
"F:/Users/mihai/Documents/GitHub/ShooterSam/ShooterSam/Content/ShooterGame/Environment/Textures/holo_layer_1_5.uexp" 1104
"F:/Users/mihai/Documents/GitHub/ShooterSam/ShooterSam/Content/ShooterGame/Weapons/Materials/MagGun_SightLens_Mat.uasset" 1105
"F:/Users/mihai/Documents/GitHub/ShooterSam/ShooterSam/Content/ShooterGame/Weapons/Materials/MagGun_SightLens_Mat.uexp" 1106
"F:/Users/mihai/Documents/GitHub/ShooterSam/ShooterSam/Content/ShooterGame/Weapons/Materials/MagGun_SightLens_Mat_Inst.uasset" 1107
"F:/Users/mihai/Documents/GitHub/ShooterSam/ShooterSam/Content/ShooterGame/Weapons/Materials/MagGun_SightLens_Mat_Inst.uexp" 1108
"F:/Users/mihai/Documents/GitHub/ShooterSam/ShooterSam/Content/ShooterGame/Weapons/Rifle.uasset" 1109
"F:/Users/mihai/Documents/GitHub/ShooterSam/ShooterSam/Content/ShooterGame/Weapons/Rifle.uexp" 1110
"F:/Users/mihai/Documents/GitHub/ShooterSam/ShooterSam/Content/ShooterGame/Sounds/Weapon_AssaultRifle/Mono/Weapon_AssaultRifle_ImpactConcrete06.ubulk" 1111
"F:/Users/mihai/Documents/GitHub/ShooterSam/ShooterSam/Content/ShooterGame/Sounds/Weapon_AssaultRifle/Mono/Weapon_AssaultRifle_ImpactConcrete06.uasset" 1112
"F:/Users/mihai/Documents/GitHub/ShooterSam/ShooterSam/Content/ShooterGame/Sounds/Weapon_AssaultRifle/Mono/Weapon_AssaultRifle_ImpactConcrete06.uexp" 1113
"F:/Users/mihai/Documents/GitHub/ShooterSam/ShooterSam/Content/ShooterGame/Sounds/Weapon_AssaultRifle/Mono/Weapon_AssaultRifle_ImpactConcrete05.ubulk" 1114
"F:/Users/mihai/Documents/GitHub/ShooterSam/ShooterSam/Content/ShooterGame/Sounds/Weapon_AssaultRifle/Mono/Weapon_AssaultRifle_ImpactConcrete05.uasset" 1115
"F:/Users/mihai/Documents/GitHub/ShooterSam/ShooterSam/Content/ShooterGame/Sounds/Weapon_AssaultRifle/Mono/Weapon_AssaultRifle_ImpactConcrete05.uexp" 1116
"F:/Users/mihai/Documents/GitHub/ShooterSam/ShooterSam/Content/ShooterGame/Sounds/Weapon_AssaultRifle/Mono/Weapon_AssaultRifle_ImpactConcrete04.ubulk" 1117
"F:/Users/mihai/Documents/GitHub/ShooterSam/ShooterSam/Content/ShooterGame/Sounds/Weapon_AssaultRifle/Mono/Weapon_AssaultRifle_ImpactConcrete04.uasset" 1118
"F:/Users/mihai/Documents/GitHub/ShooterSam/ShooterSam/Content/ShooterGame/Sounds/Weapon_AssaultRifle/Mono/Weapon_AssaultRifle_ImpactConcrete04.uexp" 1119
"F:/Users/mihai/Documents/GitHub/ShooterSam/ShooterSam/Content/ShooterGame/Sounds/Weapon_AssaultRifle/Mono/Weapon_AssaultRifle_ImpactConcrete03.ubulk" 1120
"F:/Users/mihai/Documents/GitHub/ShooterSam/ShooterSam/Content/ShooterGame/Sounds/Weapon_AssaultRifle/Mono/Weapon_AssaultRifle_ImpactConcrete03.uasset" 1121
"F:/Users/mihai/Documents/GitHub/ShooterSam/ShooterSam/Content/ShooterGame/Sounds/Weapon_AssaultRifle/Mono/Weapon_AssaultRifle_ImpactConcrete03.uexp" 1122
"F:/Users/mihai/Documents/GitHub/ShooterSam/ShooterSam/Content/ShooterGame/Sounds/Weapon_AssaultRifle/Mono/Weapon_AssaultRifle_ImpactConcrete02.ubulk" 1123
"F:/Users/mihai/Documents/GitHub/ShooterSam/ShooterSam/Content/ShooterGame/Sounds/Weapon_AssaultRifle/Mono/Weapon_AssaultRifle_ImpactConcrete02.uasset" 1124
"F:/Users/mihai/Documents/GitHub/ShooterSam/ShooterSam/Content/ShooterGame/Sounds/Weapon_AssaultRifle/Mono/Weapon_AssaultRifle_ImpactConcrete02.uexp" 1125
"F:/Users/mihai/Documents/GitHub/ShooterSam/ShooterSam/Content/ShooterGame/Sounds/Weapon_AssaultRifle/Mono/Weapon_AssaultRifle_ImpactConcrete01.ubulk" 1126
"F:/Users/mihai/Documents/GitHub/ShooterSam/ShooterSam/Content/ShooterGame/Sounds/Weapon_AssaultRifle/Mono/Weapon_AssaultRifle_ImpactConcrete01.uasset" 1127
"F:/Users/mihai/Documents/GitHub/ShooterSam/ShooterSam/Content/ShooterGame/Sounds/Weapon_AssaultRifle/Mono/Weapon_AssaultRifle_ImpactConcrete01.uexp" 1128
"F:/Users/mihai/Documents/GitHub/ShooterSam/ShooterSam/Content/MyStuff/SFX/SC_RifleShotImpact.uasset" 1129
"F:/Users/mihai/Documents/GitHub/ShooterSam/ShooterSam/Content/MyStuff/SFX/SC_RifleShotImpact.uexp" 1130
"F:/Users/mihai/Documents/GitHub/ShooterSam/ShooterSam/Content/ShooterGame/Sounds/Weapon_AssaultRifle/Mono/AssaultRifle_Shot06.ubulk" 1131
"F:/Users/mihai/Documents/GitHub/ShooterSam/ShooterSam/Content/ShooterGame/Sounds/Weapon_AssaultRifle/Mono/AssaultRifle_Shot06.uasset" 1132
"F:/Users/mihai/Documents/GitHub/ShooterSam/ShooterSam/Content/ShooterGame/Sounds/Weapon_AssaultRifle/Mono/AssaultRifle_Shot06.uexp" 1133
"F:/Users/mihai/Documents/GitHub/ShooterSam/ShooterSam/Content/ShooterGame/Sounds/Weapon_AssaultRifle/Mono/AssaultRifle_Shot05.ubulk" 1134
"F:/Users/mihai/Documents/GitHub/ShooterSam/ShooterSam/Content/ShooterGame/Sounds/Weapon_AssaultRifle/Mono/AssaultRifle_Shot05.uasset" 1135
"F:/Users/mihai/Documents/GitHub/ShooterSam/ShooterSam/Content/ShooterGame/Sounds/Weapon_AssaultRifle/Mono/AssaultRifle_Shot05.uexp" 1136
"F:/Users/mihai/Documents/GitHub/ShooterSam/ShooterSam/Content/ShooterGame/Sounds/Weapon_AssaultRifle/Mono/AssaultRifle_Shot04.ubulk" 1137
"F:/Users/mihai/Documents/GitHub/ShooterSam/ShooterSam/Content/ShooterGame/Sounds/Weapon_AssaultRifle/Mono/AssaultRifle_Shot04.uasset" 1138
"F:/Users/mihai/Documents/GitHub/ShooterSam/ShooterSam/Content/ShooterGame/Sounds/Weapon_AssaultRifle/Mono/AssaultRifle_Shot04.uexp" 1139
"F:/Users/mihai/Documents/GitHub/ShooterSam/ShooterSam/Content/ShooterGame/Sounds/Weapon_AssaultRifle/Mono/AssaultRifle_Shot03.ubulk" 1140
"F:/Users/mihai/Documents/GitHub/ShooterSam/ShooterSam/Content/ShooterGame/Sounds/Weapon_AssaultRifle/Mono/AssaultRifle_Shot03.uasset" 1141
"F:/Users/mihai/Documents/GitHub/ShooterSam/ShooterSam/Content/ShooterGame/Sounds/Weapon_AssaultRifle/Mono/AssaultRifle_Shot03.uexp" 1142
"F:/Users/mihai/Documents/GitHub/ShooterSam/ShooterSam/Content/ShooterGame/Sounds/Weapon_AssaultRifle/Mono/AssaultRifle_Shot02.ubulk" 1143
"F:/Users/mihai/Documents/GitHub/ShooterSam/ShooterSam/Content/ShooterGame/Sounds/Weapon_AssaultRifle/Mono/AssaultRifle_Shot02.uasset" 1144
"F:/Users/mihai/Documents/GitHub/ShooterSam/ShooterSam/Content/ShooterGame/Sounds/Weapon_AssaultRifle/Mono/AssaultRifle_Shot02.uexp" 1145
"F:/Users/mihai/Documents/GitHub/ShooterSam/ShooterSam/Content/ShooterGame/Sounds/Weapon_AssaultRifle/Mono/AssaultRifle_Shot01.ubulk" 1146
"F:/Users/mihai/Documents/GitHub/ShooterSam/ShooterSam/Content/ShooterGame/Sounds/Weapon_AssaultRifle/Mono/AssaultRifle_Shot01.uasset" 1147
"F:/Users/mihai/Documents/GitHub/ShooterSam/ShooterSam/Content/ShooterGame/Sounds/Weapon_AssaultRifle/Mono/AssaultRifle_Shot01.uexp" 1148
"F:/Users/mihai/Documents/GitHub/ShooterSam/ShooterSam/Content/MyStuff/SFX/SC_RifleShot.uasset" 1149
"F:/Users/mihai/Documents/GitHub/ShooterSam/ShooterSam/Content/MyStuff/SFX/SC_RifleShot.uexp" 1150
"F:/Users/mihai/Documents/GitHub/ShooterSam/ShooterSam/Content/ParagonWraith/FX/Materials/Functions/FX_EmissiveModulate.uasset" 1151
"F:/Users/mihai/Documents/GitHub/ShooterSam/ShooterSam/Content/ParagonWraith/FX/Materials/Functions/FX_EmissiveModulate.uexp" 1152
"F:/Users/mihai/Documents/GitHub/ShooterSam/ShooterSam/Content/ParagonWraith/FX/Materials/Flares/M_Lensflare_TB_SoftGlow.uasset" 1153
"F:/Users/mihai/Documents/GitHub/ShooterSam/ShooterSam/Content/ParagonWraith/FX/Materials/Flares/M_Lensflare_TB_SoftGlow.uexp" 1154
"F:/Users/mihai/Documents/GitHub/ShooterSam/ShooterSam/Content/ParagonWraith/FX/Textures/Smoke/T_PriceSmoke_01_Depth.ubulk" 1155
"F:/Users/mihai/Documents/GitHub/ShooterSam/ShooterSam/Content/ParagonWraith/FX/Textures/Smoke/T_PriceSmoke_01_Depth.uasset" 1156
"F:/Users/mihai/Documents/GitHub/ShooterSam/ShooterSam/Content/ParagonWraith/FX/Textures/Smoke/T_PriceSmoke_01_Depth.uexp" 1157
"F:/Users/mihai/Documents/GitHub/ShooterSam/ShooterSam/Content/ParagonWraith/FX/Meshes/Smoke/SM_Plasma_Mesh.ubulk" 1158
"F:/Users/mihai/Documents/GitHub/ShooterSam/ShooterSam/Content/ParagonWraith/FX/Meshes/Smoke/SM_Plasma_Mesh.uasset" 1159
"F:/Users/mihai/Documents/GitHub/ShooterSam/ShooterSam/Content/ParagonWraith/FX/Meshes/Smoke/SM_Plasma_Mesh.uexp" 1160
"F:/Users/mihai/Documents/GitHub/ShooterSam/ShooterSam/Content/ParagonWraith/FX/Meshes/MuzzleFlashes/SM_Muzzle_Flash.ubulk" 1161
"F:/Users/mihai/Documents/GitHub/ShooterSam/ShooterSam/Content/ParagonWraith/FX/Meshes/MuzzleFlashes/SM_Muzzle_Flash.uasset" 1162
"F:/Users/mihai/Documents/GitHub/ShooterSam/ShooterSam/Content/ParagonWraith/FX/Meshes/MuzzleFlashes/SM_Muzzle_Flash.uexp" 1163
"../../../Engine/Content/Functions/Engine_MaterialFunctions01/ImageAdjustment/DeriveHDRfromLDR.uasset" 1164
"../../../Engine/Content/Functions/Engine_MaterialFunctions01/ImageAdjustment/DeriveHDRfromLDR.uexp" 1165
"F:/Users/mihai/Documents/GitHub/ShooterSam/ShooterSam/Content/ParagonWraith/FX/Textures/Sparks/T_Spark_Soft.ubulk" 1166
"F:/Users/mihai/Documents/GitHub/ShooterSam/ShooterSam/Content/ParagonWraith/FX/Textures/Sparks/T_Spark_Soft.uasset" 1167
"F:/Users/mihai/Documents/GitHub/ShooterSam/ShooterSam/Content/ParagonWraith/FX/Textures/Sparks/T_Spark_Soft.uexp" 1168
"F:/Users/mihai/Documents/GitHub/ShooterSam/ShooterSam/Content/ParagonWraith/FX/Materials/Sparks/M_Hotdog_Spark_VLerp_MASTER.uasset" 1169
"F:/Users/mihai/Documents/GitHub/ShooterSam/ShooterSam/Content/ParagonWraith/FX/Materials/Sparks/M_Hotdog_Spark_VLerp_MASTER.uexp" 1170
"F:/Users/mihai/Documents/GitHub/ShooterSam/ShooterSam/Content/ParagonWraith/FX/Textures/MuzzleFlashes/T_Muzzle_Flash.ubulk" 1171
"F:/Users/mihai/Documents/GitHub/ShooterSam/ShooterSam/Content/ParagonWraith/FX/Textures/MuzzleFlashes/T_Muzzle_Flash.uasset" 1172
"F:/Users/mihai/Documents/GitHub/ShooterSam/ShooterSam/Content/ParagonWraith/FX/Textures/MuzzleFlashes/T_Muzzle_Flash.uexp" 1173
"F:/Users/mihai/Documents/GitHub/ShooterSam/ShooterSam/Content/ParagonWraith/FX/Materials/MaterialFunctions/Textures/Noise/T_noise_flamy_Tile_NRM.ubulk" 1174
"F:/Users/mihai/Documents/GitHub/ShooterSam/ShooterSam/Content/ParagonWraith/FX/Materials/MaterialFunctions/Textures/Noise/T_noise_flamy_Tile_NRM.uasset" 1175
"F:/Users/mihai/Documents/GitHub/ShooterSam/ShooterSam/Content/ParagonWraith/FX/Materials/MaterialFunctions/Textures/Noise/T_noise_flamy_Tile_NRM.uexp" 1176
"F:/Users/mihai/Documents/GitHub/ShooterSam/ShooterSam/Content/ParagonWraith/FX/Materials/Heroes/M_Wraith_Muzzle_Flash.uasset" 1177
"F:/Users/mihai/Documents/GitHub/ShooterSam/ShooterSam/Content/ParagonWraith/FX/Materials/Heroes/M_Wraith_Muzzle_Flash.uexp" 1178
"F:/Users/mihai/Documents/GitHub/ShooterSam/ShooterSam/Content/ParagonWraith/FX/Materials/Functions/MF_DitheredRefraction.uasset" 1179
"F:/Users/mihai/Documents/GitHub/ShooterSam/ShooterSam/Content/ParagonWraith/FX/Materials/Functions/MF_DitheredRefraction.uexp" 1180
"F:/Users/mihai/Documents/GitHub/ShooterSam/ShooterSam/Content/ParagonWraith/FX/Textures/NormalShapes/T_Sphere_N.ubulk" 1181
"F:/Users/mihai/Documents/GitHub/ShooterSam/ShooterSam/Content/ParagonWraith/FX/Textures/NormalShapes/T_Sphere_N.uasset" 1182
"F:/Users/mihai/Documents/GitHub/ShooterSam/ShooterSam/Content/ParagonWraith/FX/Textures/NormalShapes/T_Sphere_N.uexp" 1183
"F:/Users/mihai/Documents/GitHub/ShooterSam/ShooterSam/Content/ParagonWraith/FX/Textures/Masks/T_Sphere_A.ubulk" 1184
"F:/Users/mihai/Documents/GitHub/ShooterSam/ShooterSam/Content/ParagonWraith/FX/Textures/Masks/T_Sphere_A.uasset" 1185
"F:/Users/mihai/Documents/GitHub/ShooterSam/ShooterSam/Content/ParagonWraith/FX/Textures/Masks/T_Sphere_A.uexp" 1186
"F:/Users/mihai/Documents/GitHub/ShooterSam/ShooterSam/Content/ParagonWraith/FX/Materials/Functions/MF_FX_NearCameraFade.uasset" 1187
"F:/Users/mihai/Documents/GitHub/ShooterSam/ShooterSam/Content/ParagonWraith/FX/Materials/Functions/MF_FX_NearCameraFade.uexp" 1188
"F:/Users/mihai/Documents/GitHub/ShooterSam/ShooterSam/Content/ParagonWraith/FX/Materials/HeatDistort/M_Shockwave_Refract.uasset" 1189
"F:/Users/mihai/Documents/GitHub/ShooterSam/ShooterSam/Content/ParagonWraith/FX/Materials/HeatDistort/M_Shockwave_Refract.uexp" 1190
"F:/Users/mihai/Documents/GitHub/ShooterSam/ShooterSam/Content/ParagonWraith/FX/Textures/Flares/T_Flare_Spikeball.ubulk" 1191
"F:/Users/mihai/Documents/GitHub/ShooterSam/ShooterSam/Content/ParagonWraith/FX/Textures/Flares/T_Flare_Spikeball.uasset" 1192
"F:/Users/mihai/Documents/GitHub/ShooterSam/ShooterSam/Content/ParagonWraith/FX/Textures/Flares/T_Flare_Spikeball.uexp" 1193
"F:/Users/mihai/Documents/GitHub/ShooterSam/ShooterSam/Content/ParagonWraith/FX/Materials/Flares/M_Lensflare_TB_Soft.uasset" 1194
"F:/Users/mihai/Documents/GitHub/ShooterSam/ShooterSam/Content/ParagonWraith/FX/Materials/Flares/M_Lensflare_TB_Soft.uexp" 1195
"F:/Users/mihai/Documents/GitHub/ShooterSam/ShooterSam/Content/ParagonWraith/FX/Textures/Smoke/T_WraithSmoke_01_N.ubulk" 1196
"F:/Users/mihai/Documents/GitHub/ShooterSam/ShooterSam/Content/ParagonWraith/FX/Textures/Smoke/T_WraithSmoke_01_N.uasset" 1197
"F:/Users/mihai/Documents/GitHub/ShooterSam/ShooterSam/Content/ParagonWraith/FX/Textures/Smoke/T_WraithSmoke_01_N.uexp" 1198
"F:/Users/mihai/Documents/GitHub/ShooterSam/ShooterSam/Content/ParagonWraith/FX/Textures/Explosions/HyperBreach/T_FireBall_07D_N.ubulk" 1199
"F:/Users/mihai/Documents/GitHub/ShooterSam/ShooterSam/Content/ParagonWraith/FX/Textures/Explosions/HyperBreach/T_FireBall_07D_N.uasset" 1200
"F:/Users/mihai/Documents/GitHub/ShooterSam/ShooterSam/Content/ParagonWraith/FX/Textures/Explosions/HyperBreach/T_FireBall_07D_N.uexp" 1201
"F:/Users/mihai/Documents/GitHub/ShooterSam/ShooterSam/Content/ParagonWraith/FX/Textures/Explosions/HyperBreach/T_FireBall_07D_Depth.ubulk" 1202
"F:/Users/mihai/Documents/GitHub/ShooterSam/ShooterSam/Content/ParagonWraith/FX/Textures/Explosions/HyperBreach/T_FireBall_07D_Depth.uasset" 1203
"F:/Users/mihai/Documents/GitHub/ShooterSam/ShooterSam/Content/ParagonWraith/FX/Textures/Explosions/HyperBreach/T_FireBall_07D_Depth.uexp" 1204
"F:/Users/mihai/Documents/GitHub/ShooterSam/ShooterSam/Content/ParagonWraith/FX/Materials/Smoke/DirectionalLit/M_ResidualMuzzleSmoke_Master.uasset" 1205
"F:/Users/mihai/Documents/GitHub/ShooterSam/ShooterSam/Content/ParagonWraith/FX/Materials/Smoke/DirectionalLit/M_ResidualMuzzleSmoke_Master.uexp" 1206
"F:/Users/mihai/Documents/GitHub/ShooterSam/ShooterSam/Content/ParagonWraith/FX/Materials/Smoke/DirectionalLit/M_residualMuzzleSmoke_Inst.uasset" 1207
"F:/Users/mihai/Documents/GitHub/ShooterSam/ShooterSam/Content/ParagonWraith/FX/Materials/Smoke/DirectionalLit/M_residualMuzzleSmoke_Inst.uexp" 1208
"F:/Users/mihai/Documents/GitHub/ShooterSam/ShooterSam/Content/ParagonWraith/FX/Particles/Abilities/Primary/FX/P_Wraith_Primary_MuzzleFlash_Converted.uasset" 1209
"F:/Users/mihai/Documents/GitHub/ShooterSam/ShooterSam/Content/ParagonWraith/FX/Particles/Abilities/Primary/FX/P_Wraith_Primary_MuzzleFlash_Converted.uexp" 1210
"F:/Users/mihai/Documents/GitHub/ShooterSam/ShooterSam/Content/ParagonWraith/FX/Textures/Explosions/T_Explosion_Test_v1_Depth.ubulk" 1211
"F:/Users/mihai/Documents/GitHub/ShooterSam/ShooterSam/Content/ParagonWraith/FX/Textures/Explosions/T_Explosion_Test_v1_Depth.uasset" 1212
"F:/Users/mihai/Documents/GitHub/ShooterSam/ShooterSam/Content/ParagonWraith/FX/Textures/Explosions/T_Explosion_Test_v1_Depth.uexp" 1213
"F:/Users/mihai/Documents/GitHub/ShooterSam/ShooterSam/Content/ParagonWraith/FX/Textures/Energy/T_Plasma_Wisps_N.ubulk" 1214
"F:/Users/mihai/Documents/GitHub/ShooterSam/ShooterSam/Content/ParagonWraith/FX/Textures/Energy/T_Plasma_Wisps_N.uasset" 1215
"F:/Users/mihai/Documents/GitHub/ShooterSam/ShooterSam/Content/ParagonWraith/FX/Textures/Energy/T_Plasma_Wisps_N.uexp" 1216
"F:/Users/mihai/Documents/GitHub/ShooterSam/ShooterSam/Content/ParagonWraith/FX/Textures/Energy/T_Plasma_Wisps.ubulk" 1217
"F:/Users/mihai/Documents/GitHub/ShooterSam/ShooterSam/Content/ParagonWraith/FX/Textures/Energy/T_Plasma_Wisps.uasset" 1218
"F:/Users/mihai/Documents/GitHub/ShooterSam/ShooterSam/Content/ParagonWraith/FX/Textures/Energy/T_Plasma_Wisps.uexp" 1219
"F:/Users/mihai/Documents/GitHub/ShooterSam/ShooterSam/Content/ParagonWraith/FX/Materials/Functions/MF_CameraDistanceFade.uasset" 1220
"F:/Users/mihai/Documents/GitHub/ShooterSam/ShooterSam/Content/ParagonWraith/FX/Materials/Functions/MF_CameraDistanceFade.uexp" 1221
"F:/Users/mihai/Documents/GitHub/ShooterSam/ShooterSam/Content/ParagonWraith/FX/Materials/Smoke/M_WispySmokeTest.uasset" 1222
"F:/Users/mihai/Documents/GitHub/ShooterSam/ShooterSam/Content/ParagonWraith/FX/Materials/Smoke/M_WispySmokeTest.uexp" 1223
"F:/Users/mihai/Documents/GitHub/ShooterSam/ShooterSam/Content/ParagonWraith/FX/Textures/Sparks/T_StretchSpark_01.ubulk" 1224
"F:/Users/mihai/Documents/GitHub/ShooterSam/ShooterSam/Content/ParagonWraith/FX/Textures/Sparks/T_StretchSpark_01.uasset" 1225
"F:/Users/mihai/Documents/GitHub/ShooterSam/ShooterSam/Content/ParagonWraith/FX/Textures/Sparks/T_StretchSpark_01.uexp" 1226
"F:/Users/mihai/Documents/GitHub/ShooterSam/ShooterSam/Content/ParagonWraith/FX/Textures/Masks/T_TankMoteNoise.ubulk" 1227
"F:/Users/mihai/Documents/GitHub/ShooterSam/ShooterSam/Content/ParagonWraith/FX/Textures/Masks/T_TankMoteNoise.uasset" 1228
"F:/Users/mihai/Documents/GitHub/ShooterSam/ShooterSam/Content/ParagonWraith/FX/Textures/Masks/T_TankMoteNoise.uexp" 1229
"F:/Users/mihai/Documents/GitHub/ShooterSam/ShooterSam/Content/ParagonWraith/FX/Textures/Flares/T_Glow_Sphere_Soft.ubulk" 1230
"F:/Users/mihai/Documents/GitHub/ShooterSam/ShooterSam/Content/ParagonWraith/FX/Textures/Flares/T_Glow_Sphere_Soft.uasset" 1231
"F:/Users/mihai/Documents/GitHub/ShooterSam/ShooterSam/Content/ParagonWraith/FX/Textures/Flares/T_Glow_Sphere_Soft.uexp" 1232
"F:/Users/mihai/Documents/GitHub/ShooterSam/ShooterSam/Content/ParagonWraith/FX/Materials/Heroes/M_Spark_VelocityLerp_TeamColor.uasset" 1233
"F:/Users/mihai/Documents/GitHub/ShooterSam/ShooterSam/Content/ParagonWraith/FX/Materials/Heroes/M_Spark_VelocityLerp_TeamColor.uexp" 1234
"F:/Users/mihai/Documents/GitHub/ShooterSam/ShooterSam/Content/ParagonWraith/FX/Materials/Heroes/M_Spark_VelocityLerp_Pellets_Inst.uasset" 1235
"F:/Users/mihai/Documents/GitHub/ShooterSam/ShooterSam/Content/ParagonWraith/FX/Materials/Heroes/M_Spark_VelocityLerp_Pellets_Inst.uexp" 1236
"F:/Users/mihai/Documents/GitHub/ShooterSam/ShooterSam/Content/ParagonWraith/FX/Materials/Functions/MF_ParticleShrinkDistance.uasset" 1237
"F:/Users/mihai/Documents/GitHub/ShooterSam/ShooterSam/Content/ParagonWraith/FX/Materials/Functions/MF_ParticleShrinkDistance.uexp" 1238
"F:/Users/mihai/Documents/GitHub/ShooterSam/ShooterSam/Content/ParagonWraith/FX/Materials/Flares/M_DarkFlare_DistShrink.uasset" 1239
"F:/Users/mihai/Documents/GitHub/ShooterSam/ShooterSam/Content/ParagonWraith/FX/Materials/Flares/M_DarkFlare_DistShrink.uexp" 1240
"F:/Users/mihai/Documents/GitHub/ShooterSam/ShooterSam/Content/ParagonWraith/FX/Textures/Debris/T_Concrete_ChunkSubUV_N_TGA.ubulk" 1241
"F:/Users/mihai/Documents/GitHub/ShooterSam/ShooterSam/Content/ParagonWraith/FX/Textures/Debris/T_Concrete_ChunkSubUV_N_TGA.uasset" 1242
"F:/Users/mihai/Documents/GitHub/ShooterSam/ShooterSam/Content/ParagonWraith/FX/Textures/Debris/T_Concrete_ChunkSubUV_N_TGA.uexp" 1243
"F:/Users/mihai/Documents/GitHub/ShooterSam/ShooterSam/Content/ParagonWraith/FX/Textures/Debris/T_Concrete_ChunkSubUV_D.ubulk" 1244
"F:/Users/mihai/Documents/GitHub/ShooterSam/ShooterSam/Content/ParagonWraith/FX/Textures/Debris/T_Concrete_ChunkSubUV_D.uasset" 1245
"F:/Users/mihai/Documents/GitHub/ShooterSam/ShooterSam/Content/ParagonWraith/FX/Textures/Debris/T_Concrete_ChunkSubUV_D.uexp" 1246
"F:/Users/mihai/Documents/GitHub/ShooterSam/ShooterSam/Content/ParagonWraith/FX/Materials/Debris/M_Explosion_RockChunks.uasset" 1247
"F:/Users/mihai/Documents/GitHub/ShooterSam/ShooterSam/Content/ParagonWraith/FX/Materials/Debris/M_Explosion_RockChunks.uexp" 1248
"F:/Users/mihai/Documents/GitHub/ShooterSam/ShooterSam/Content/ParagonWraith/FX/Textures/Explosions/T_Explosion_Test_v1_Temperature.ubulk" 1249
"F:/Users/mihai/Documents/GitHub/ShooterSam/ShooterSam/Content/ParagonWraith/FX/Textures/Explosions/T_Explosion_Test_v1_Temperature.uasset" 1250
"F:/Users/mihai/Documents/GitHub/ShooterSam/ShooterSam/Content/ParagonWraith/FX/Textures/Explosions/T_Explosion_Test_v1_Temperature.uexp" 1251
"F:/Users/mihai/Documents/GitHub/ShooterSam/ShooterSam/Content/ParagonWraith/FX/Textures/Explosions/T_Explosion_Test_v1_Normal.ubulk" 1252
"F:/Users/mihai/Documents/GitHub/ShooterSam/ShooterSam/Content/ParagonWraith/FX/Textures/Explosions/T_Explosion_Test_v1_Normal.uasset" 1253
"F:/Users/mihai/Documents/GitHub/ShooterSam/ShooterSam/Content/ParagonWraith/FX/Textures/Explosions/T_Explosion_Test_v1_Normal.uexp" 1254
"F:/Users/mihai/Documents/GitHub/ShooterSam/ShooterSam/Content/ParagonWraith/FX/Materials/Functions/MF_ExplosionColor.uasset" 1255
"F:/Users/mihai/Documents/GitHub/ShooterSam/ShooterSam/Content/ParagonWraith/FX/Materials/Functions/MF_ExplosionColor.uexp" 1256
"F:/Users/mihai/Documents/GitHub/ShooterSam/ShooterSam/Content/ParagonWraith/FX/Materials/Smoke/Hyperbreach/M_Smoke_Offset_Particles_SubUV_LIT.uasset" 1257
"F:/Users/mihai/Documents/GitHub/ShooterSam/ShooterSam/Content/ParagonWraith/FX/Materials/Smoke/Hyperbreach/M_Smoke_Offset_Particles_SubUV_LIT.uexp" 1258
"F:/Users/mihai/Documents/GitHub/ShooterSam/ShooterSam/Content/ParagonWraith/FX/Textures/Smoke/T_FluidSmoke_04_N.ubulk" 1259
"F:/Users/mihai/Documents/GitHub/ShooterSam/ShooterSam/Content/ParagonWraith/FX/Textures/Smoke/T_FluidSmoke_04_N.uasset" 1260
"F:/Users/mihai/Documents/GitHub/ShooterSam/ShooterSam/Content/ParagonWraith/FX/Textures/Smoke/T_FluidSmoke_04_N.uexp" 1261
"F:/Users/mihai/Documents/GitHub/ShooterSam/ShooterSam/Content/ParagonWraith/FX/Textures/Smoke/T_FluidSmoke_04_Depth.ubulk" 1262
"F:/Users/mihai/Documents/GitHub/ShooterSam/ShooterSam/Content/ParagonWraith/FX/Textures/Smoke/T_FluidSmoke_04_Depth.uasset" 1263
"F:/Users/mihai/Documents/GitHub/ShooterSam/ShooterSam/Content/ParagonWraith/FX/Textures/Smoke/T_FluidSmoke_04_Depth.uexp" 1264
"F:/Users/mihai/Documents/GitHub/ShooterSam/ShooterSam/Content/ParagonWraith/FX/Textures/Smoke/T_FluidSmoke_04.ubulk" 1265
"F:/Users/mihai/Documents/GitHub/ShooterSam/ShooterSam/Content/ParagonWraith/FX/Textures/Smoke/T_FluidSmoke_04.uasset" 1266
"F:/Users/mihai/Documents/GitHub/ShooterSam/ShooterSam/Content/ParagonWraith/FX/Textures/Smoke/T_FluidSmoke_04.uexp" 1267
"F:/Users/mihai/Documents/GitHub/ShooterSam/ShooterSam/Content/ParagonWraith/FX/Textures/Flares/T_FlareWide_04.ubulk" 1268
"F:/Users/mihai/Documents/GitHub/ShooterSam/ShooterSam/Content/ParagonWraith/FX/Textures/Flares/T_FlareWide_04.uasset" 1269
"F:/Users/mihai/Documents/GitHub/ShooterSam/ShooterSam/Content/ParagonWraith/FX/Textures/Flares/T_FlareWide_04.uexp" 1270
"../../../Engine/Content/EngineResources/DefaultTexture.ubulk" 1271
"../../../Engine/Content/EngineResources/DefaultTexture.uasset" 1272
"../../../Engine/Content/EngineResources/DefaultTexture.uexp" 1273
"F:/Users/mihai/Documents/GitHub/ShooterSam/ShooterSam/Content/ParagonWraith/FX/Materials/Functions/MF_Tile_Isolate_XY.uasset" 1274
"F:/Users/mihai/Documents/GitHub/ShooterSam/ShooterSam/Content/ParagonWraith/FX/Materials/Functions/MF_Tile_Isolate_XY.uexp" 1275
"F:/Users/mihai/Documents/GitHub/ShooterSam/ShooterSam/Content/ParagonWraith/FX/Materials/Smoke/DirectionalLit/M_Directional_Lit_DepthSmoke_Master.uasset" 1276
"F:/Users/mihai/Documents/GitHub/ShooterSam/ShooterSam/Content/ParagonWraith/FX/Materials/Smoke/DirectionalLit/M_Directional_Lit_DepthSmoke_Master.uexp" 1277
"F:/Users/mihai/Documents/GitHub/ShooterSam/ShooterSam/Content/ParagonWraith/FX/Materials/Smoke/DirectionalLit/M_Directional_Lit_Depth_Smoke_Spikey_Inst.uasset" 1278
"F:/Users/mihai/Documents/GitHub/ShooterSam/ShooterSam/Content/ParagonWraith/FX/Materials/Smoke/DirectionalLit/M_Directional_Lit_Depth_Smoke_Spikey_Inst.uexp" 1279
"F:/Users/mihai/Documents/GitHub/ShooterSam/ShooterSam/Content/ParagonWraith/FX/Textures/Smoke/T_SmokeJet_Element_01_N.ubulk" 1280
"F:/Users/mihai/Documents/GitHub/ShooterSam/ShooterSam/Content/ParagonWraith/FX/Textures/Smoke/T_SmokeJet_Element_01_N.uasset" 1281
"F:/Users/mihai/Documents/GitHub/ShooterSam/ShooterSam/Content/ParagonWraith/FX/Textures/Smoke/T_SmokeJet_Element_01_N.uexp" 1282
"F:/Users/mihai/Documents/GitHub/ShooterSam/ShooterSam/Content/ParagonWraith/FX/Textures/Smoke/T_SmokeJet_Element_01_Depth.ubulk" 1283
"F:/Users/mihai/Documents/GitHub/ShooterSam/ShooterSam/Content/ParagonWraith/FX/Textures/Smoke/T_SmokeJet_Element_01_Depth.uasset" 1284
"F:/Users/mihai/Documents/GitHub/ShooterSam/ShooterSam/Content/ParagonWraith/FX/Textures/Smoke/T_SmokeJet_Element_01_Depth.uexp" 1285
"F:/Users/mihai/Documents/GitHub/ShooterSam/ShooterSam/Content/ParagonWraith/FX/Textures/Smoke/T_SmokeJet_Element_01.ubulk" 1286
"F:/Users/mihai/Documents/GitHub/ShooterSam/ShooterSam/Content/ParagonWraith/FX/Textures/Smoke/T_SmokeJet_Element_01.uasset" 1287
"F:/Users/mihai/Documents/GitHub/ShooterSam/ShooterSam/Content/ParagonWraith/FX/Textures/Smoke/T_SmokeJet_Element_01.uexp" 1288
"F:/Users/mihai/Documents/GitHub/ShooterSam/ShooterSam/Content/ParagonWraith/FX/Materials/Smoke/DirectionalLit/M_Directional_Lit_Depth_SmokeElement_Inst.uasset" 1289
"F:/Users/mihai/Documents/GitHub/ShooterSam/ShooterSam/Content/ParagonWraith/FX/Materials/Smoke/DirectionalLit/M_Directional_Lit_Depth_SmokeElement_Inst.uexp" 1290
"F:/Users/mihai/Documents/GitHub/ShooterSam/ShooterSam/Content/ParagonWraith/FX/Particles/Abilities/Primary/FX/P_Wraith_Primary_HitWorld_Converted.uasset" 1291
"F:/Users/mihai/Documents/GitHub/ShooterSam/ShooterSam/Content/ParagonWraith/FX/Particles/Abilities/Primary/FX/P_Wraith_Primary_HitWorld_Converted.uexp" 1292
"F:/Users/mihai/Documents/GitHub/ShooterSam/ShooterSam/Content/MyStuff/Blueprints/BP_Rifle.uasset" 1293
"F:/Users/mihai/Documents/GitHub/ShooterSam/ShooterSam/Content/MyStuff/Blueprints/BP_Rifle.uexp" 1294
"../../../Engine/Content/EditorBlueprintResources/StandardMacros.uasset" 1295
"../../../Engine/Content/EditorBlueprintResources/StandardMacros.uexp" 1296
"F:/Users/mihai/Documents/GitHub/ShooterSam/ShooterSam/Content/ParagonWraith/Characters/Heroes/Wraith/Animations/Idle_Ability_RMB.uasset" 1297
"F:/Users/mihai/Documents/GitHub/ShooterSam/ShooterSam/Content/ParagonWraith/Characters/Heroes/Wraith/Animations/Idle_Ability_RMB.uexp" 1298
"F:/Users/mihai/Documents/GitHub/ShooterSam/ShooterSam/Content/ParagonWraith/Characters/Heroes/Wraith/Animations/Ability_RMB_Walk_Right.uasset" 1299
"F:/Users/mihai/Documents/GitHub/ShooterSam/ShooterSam/Content/ParagonWraith/Characters/Heroes/Wraith/Animations/Ability_RMB_Walk_Right.uexp" 1300
"F:/Users/mihai/Documents/GitHub/ShooterSam/ShooterSam/Content/ParagonWraith/Characters/Heroes/Wraith/Animations/Ability_RMB_Walk_Left.uasset" 1301
"F:/Users/mihai/Documents/GitHub/ShooterSam/ShooterSam/Content/ParagonWraith/Characters/Heroes/Wraith/Animations/Ability_RMB_Walk_Left.uexp" 1302
"F:/Users/mihai/Documents/GitHub/ShooterSam/ShooterSam/Content/ParagonWraith/Characters/Heroes/Wraith/Animations/Ability_RMB_Walk_Bwd.uasset" 1303
"F:/Users/mihai/Documents/GitHub/ShooterSam/ShooterSam/Content/ParagonWraith/Characters/Heroes/Wraith/Animations/Ability_RMB_Walk_Bwd.uexp" 1304
"F:/Users/mihai/Documents/GitHub/ShooterSam/ShooterSam/Content/ParagonWraith/Characters/Heroes/Wraith/Animations/Locomotion_Combat/Jog_Fwd_Combat.uasset" 1305
"F:/Users/mihai/Documents/GitHub/ShooterSam/ShooterSam/Content/ParagonWraith/Characters/Heroes/Wraith/Animations/Locomotion_Combat/Jog_Fwd_Combat.uexp" 1306
"F:/Users/mihai/Documents/GitHub/ShooterSam/ShooterSam/Content/ParagonWraith/Characters/Heroes/Wraith/Animations/Locomotion_Combat/Jog_Right_Combat.uasset" 1307
"F:/Users/mihai/Documents/GitHub/ShooterSam/ShooterSam/Content/ParagonWraith/Characters/Heroes/Wraith/Animations/Locomotion_Combat/Jog_Right_Combat.uexp" 1308
"F:/Users/mihai/Documents/GitHub/ShooterSam/ShooterSam/Content/ParagonWraith/Characters/Heroes/Wraith/Animations/Locomotion_Combat/Jog_Left_Combat.uasset" 1309
"F:/Users/mihai/Documents/GitHub/ShooterSam/ShooterSam/Content/ParagonWraith/Characters/Heroes/Wraith/Animations/Locomotion_Combat/Jog_Left_Combat.uexp" 1310
"F:/Users/mihai/Documents/GitHub/ShooterSam/ShooterSam/Content/ParagonWraith/Characters/Heroes/Wraith/Animations/Locomotion_Combat/Jog_Bwd_Combat.uasset" 1311
"F:/Users/mihai/Documents/GitHub/ShooterSam/ShooterSam/Content/ParagonWraith/Characters/Heroes/Wraith/Animations/Locomotion_Combat/Jog_Bwd_Combat.uexp" 1312
"F:/Users/mihai/Documents/GitHub/ShooterSam/ShooterSam/Content/MyStuff/Animation/BS_Locomotion.uasset" 1313
"F:/Users/mihai/Documents/GitHub/ShooterSam/ShooterSam/Content/MyStuff/Animation/BS_Locomotion.uexp" 1314
"F:/Users/mihai/Documents/GitHub/ShooterSam/ShooterSam/Content/ParagonWraith/Characters/Heroes/Wraith/Animations/Locomotion_Combat/Idle_Combat.uasset" 1315
"F:/Users/mihai/Documents/GitHub/ShooterSam/ShooterSam/Content/ParagonWraith/Characters/Heroes/Wraith/Animations/Locomotion_Combat/Idle_Combat.uexp" 1316
"F:/Users/mihai/Documents/GitHub/ShooterSam/ShooterSam/Content/ParagonWraith/Characters/Heroes/Wraith/Animations/Locomotion_Combat/AO/Idle_AO_CC_Combat.uasset" 1317
"F:/Users/mihai/Documents/GitHub/ShooterSam/ShooterSam/Content/ParagonWraith/Characters/Heroes/Wraith/Animations/Locomotion_Combat/AO/Idle_AO_CC_Combat.uexp" 1318
"F:/Users/mihai/Documents/GitHub/ShooterSam/ShooterSam/Content/ParagonWraith/Characters/Heroes/Wraith/Animations/Locomotion_Combat/AO/Idle_AO_RU_Combat.uasset" 1319
"F:/Users/mihai/Documents/GitHub/ShooterSam/ShooterSam/Content/ParagonWraith/Characters/Heroes/Wraith/Animations/Locomotion_Combat/AO/Idle_AO_RU_Combat.uexp" 1320
"F:/Users/mihai/Documents/GitHub/ShooterSam/ShooterSam/Content/ParagonWraith/Characters/Heroes/Wraith/Animations/Locomotion_Combat/AO/Idle_AO_RD_Combat.uasset" 1321
"F:/Users/mihai/Documents/GitHub/ShooterSam/ShooterSam/Content/ParagonWraith/Characters/Heroes/Wraith/Animations/Locomotion_Combat/AO/Idle_AO_RD_Combat.uexp" 1322
"F:/Users/mihai/Documents/GitHub/ShooterSam/ShooterSam/Content/ParagonWraith/Characters/Heroes/Wraith/Animations/Locomotion_Combat/AO/Idle_AO_RC_Combat.uasset" 1323
"F:/Users/mihai/Documents/GitHub/ShooterSam/ShooterSam/Content/ParagonWraith/Characters/Heroes/Wraith/Animations/Locomotion_Combat/AO/Idle_AO_RC_Combat.uexp" 1324
"F:/Users/mihai/Documents/GitHub/ShooterSam/ShooterSam/Content/ParagonWraith/Characters/Heroes/Wraith/Animations/Locomotion_Combat/AO/Idle_AO_LU_Combat.uasset" 1325
"F:/Users/mihai/Documents/GitHub/ShooterSam/ShooterSam/Content/ParagonWraith/Characters/Heroes/Wraith/Animations/Locomotion_Combat/AO/Idle_AO_LU_Combat.uexp" 1326
"F:/Users/mihai/Documents/GitHub/ShooterSam/ShooterSam/Content/ParagonWraith/Characters/Heroes/Wraith/Animations/Locomotion_Combat/AO/Idle_AO_LD_Combat.uasset" 1327
"F:/Users/mihai/Documents/GitHub/ShooterSam/ShooterSam/Content/ParagonWraith/Characters/Heroes/Wraith/Animations/Locomotion_Combat/AO/Idle_AO_LD_Combat.uexp" 1328
"F:/Users/mihai/Documents/GitHub/ShooterSam/ShooterSam/Content/ParagonWraith/Characters/Heroes/Wraith/Animations/Locomotion_Combat/AO/Idle_AO_LC_Combat.uasset" 1329
"F:/Users/mihai/Documents/GitHub/ShooterSam/ShooterSam/Content/ParagonWraith/Characters/Heroes/Wraith/Animations/Locomotion_Combat/AO/Idle_AO_LC_Combat.uexp" 1330
"F:/Users/mihai/Documents/GitHub/ShooterSam/ShooterSam/Content/ParagonWraith/Characters/Heroes/Wraith/Animations/Locomotion_Combat/AO/Idle_AO_CU_Combat.uasset" 1331
"F:/Users/mihai/Documents/GitHub/ShooterSam/ShooterSam/Content/ParagonWraith/Characters/Heroes/Wraith/Animations/Locomotion_Combat/AO/Idle_AO_CU_Combat.uexp" 1332
"F:/Users/mihai/Documents/GitHub/ShooterSam/ShooterSam/Content/ParagonWraith/Characters/Heroes/Wraith/Animations/Locomotion_Combat/AO/Idle_AO_CD_Combat.uasset" 1333
"F:/Users/mihai/Documents/GitHub/ShooterSam/ShooterSam/Content/ParagonWraith/Characters/Heroes/Wraith/Animations/Locomotion_Combat/AO/Idle_AO_CD_Combat.uexp" 1334
"F:/Users/mihai/Documents/GitHub/ShooterSam/ShooterSam/Content/ParagonWraith/Characters/Heroes/Wraith/Animations/Locomotion_Combat/AO/Idle_AO_Combat.uasset" 1335
"F:/Users/mihai/Documents/GitHub/ShooterSam/ShooterSam/Content/ParagonWraith/Characters/Heroes/Wraith/Animations/Locomotion_Combat/AO/Idle_AO_Combat.uexp" 1336
"F:/Users/mihai/Documents/GitHub/ShooterSam/ShooterSam/Content/ParagonWraith/Characters/Heroes/Wraith/Animations/Death_Forward.uasset" 1337
"F:/Users/mihai/Documents/GitHub/ShooterSam/ShooterSam/Content/ParagonWraith/Characters/Heroes/Wraith/Animations/Death_Forward.uexp" 1338
"F:/Users/mihai/Documents/GitHub/ShooterSam/ShooterSam/Content/ParagonWraith/Characters/Heroes/Wraith/Animations/Locomotion_Combat/Jump_Start_Combat.uasset" 1339
"F:/Users/mihai/Documents/GitHub/ShooterSam/ShooterSam/Content/ParagonWraith/Characters/Heroes/Wraith/Animations/Locomotion_Combat/Jump_Start_Combat.uexp" 1340
"F:/Users/mihai/Documents/GitHub/ShooterSam/ShooterSam/Content/ParagonWraith/Characters/Heroes/Wraith/Animations/Locomotion_Combat/Jump_Land_Combat.uasset" 1341
"F:/Users/mihai/Documents/GitHub/ShooterSam/ShooterSam/Content/ParagonWraith/Characters/Heroes/Wraith/Animations/Locomotion_Combat/Jump_Land_Combat.uexp" 1342
"F:/Users/mihai/Documents/GitHub/ShooterSam/ShooterSam/Content/ParagonWraith/Characters/Heroes/Wraith/Animations/Locomotion_Combat/Jump_Apex_Combat.uasset" 1343
"F:/Users/mihai/Documents/GitHub/ShooterSam/ShooterSam/Content/ParagonWraith/Characters/Heroes/Wraith/Animations/Locomotion_Combat/Jump_Apex_Combat.uexp" 1344
"F:/Users/mihai/Documents/GitHub/ShooterSam/ShooterSam/Content/MyStuff/Animation/ABP_ShooterCharacter.uasset" 1345
"F:/Users/mihai/Documents/GitHub/ShooterSam/ShooterSam/Content/MyStuff/Animation/ABP_ShooterCharacter.uexp" 1346
"F:/Users/mihai/Documents/GitHub/ShooterSam/ShooterSam/Content/MyStuff/AI/BB_EnemyAI.uasset" 1347
"F:/Users/mihai/Documents/GitHub/ShooterSam/ShooterSam/Content/MyStuff/AI/BB_EnemyAI.uexp" 1348
"F:/Users/mihai/Documents/GitHub/ShooterSam/ShooterSam/Content/MyStuff/AI/BT_EnemyAI.uasset" 1349
"F:/Users/mihai/Documents/GitHub/ShooterSam/ShooterSam/Content/MyStuff/AI/BT_EnemyAI.uexp" 1350
"F:/Users/mihai/Documents/GitHub/ShooterSam/ShooterSam/Content/MyStuff/AI/BP_ShooterAI.uasset" 1351
"F:/Users/mihai/Documents/GitHub/ShooterSam/ShooterSam/Content/MyStuff/AI/BP_ShooterAI.uexp" 1352
"F:/Users/mihai/Documents/GitHub/ShooterSam/ShooterSam/Content/MyStuff/Blueprints/BP_ShooterCharacter.uasset" 1353
"F:/Users/mihai/Documents/GitHub/ShooterSam/ShooterSam/Content/MyStuff/Blueprints/BP_ShooterCharacter.uexp" 1354
"F:/Users/mihai/Documents/GitHub/ShooterSam/ShooterSam/Content/ParagonWraith/Characters/Global/MaterialLayers/Metal/T_Wraith_Body_Color_Overlay.ubulk" 1355
"F:/Users/mihai/Documents/GitHub/ShooterSam/ShooterSam/Content/ParagonWraith/Characters/Global/MaterialLayers/Metal/T_Wraith_Body_Color_Overlay.uasset" 1356
"F:/Users/mihai/Documents/GitHub/ShooterSam/ShooterSam/Content/ParagonWraith/Characters/Global/MaterialLayers/Metal/T_Wraith_Body_Color_Overlay.uexp" 1357
"F:/Users/mihai/Documents/GitHub/ShooterSam/ShooterSam/Content/ParagonWraith/Characters/Global/MaterialLayers/Metal/T_Primer_Black_Metal.ubulk" 1358
"F:/Users/mihai/Documents/GitHub/ShooterSam/ShooterSam/Content/ParagonWraith/Characters/Global/MaterialLayers/Metal/T_Primer_Black_Metal.uasset" 1359
"F:/Users/mihai/Documents/GitHub/ShooterSam/ShooterSam/Content/ParagonWraith/Characters/Global/MaterialLayers/Metal/T_Primer_Black_Metal.uexp" 1360
"F:/Users/mihai/Documents/GitHub/ShooterSam/ShooterSam/Content/ParagonWraith/Characters/Global/MaterialLayers/Metal/ML_Gray_Gun_Metal.uasset" 1361
"F:/Users/mihai/Documents/GitHub/ShooterSam/ShooterSam/Content/ParagonWraith/Characters/Global/MaterialLayers/Metal/ML_Gray_Gun_Metal.uexp" 1362
"F:/Users/mihai/Documents/GitHub/ShooterSam/ShooterSam/Content/ParagonWraith/Characters/Heroes/Wraith/Skins/ODGreen/Textures/T_Wraith_UpperBody_ODGreen_Mask2.ubulk" 1363
"F:/Users/mihai/Documents/GitHub/ShooterSam/ShooterSam/Content/ParagonWraith/Characters/Heroes/Wraith/Skins/ODGreen/Textures/T_Wraith_UpperBody_ODGreen_Mask2.uasset" 1364
"F:/Users/mihai/Documents/GitHub/ShooterSam/ShooterSam/Content/ParagonWraith/Characters/Heroes/Wraith/Skins/ODGreen/Textures/T_Wraith_UpperBody_ODGreen_Mask2.uexp" 1365
"F:/Users/mihai/Documents/GitHub/ShooterSam/ShooterSam/Content/ParagonWraith/Characters/Heroes/Wraith/Skins/ODGreen/Textures/T_Wraith_UpperBody_ODGreen_Mask.ubulk" 1366
"F:/Users/mihai/Documents/GitHub/ShooterSam/ShooterSam/Content/ParagonWraith/Characters/Heroes/Wraith/Skins/ODGreen/Textures/T_Wraith_UpperBody_ODGreen_Mask.uasset" 1367
"F:/Users/mihai/Documents/GitHub/ShooterSam/ShooterSam/Content/ParagonWraith/Characters/Heroes/Wraith/Skins/ODGreen/Textures/T_Wraith_UpperBody_ODGreen_Mask.uexp" 1368
"F:/Users/mihai/Documents/GitHub/ShooterSam/ShooterSam/Content/ParagonWraith/Characters/Heroes/Wraith/Skins/ODGreen/Materials/M_Wraith_Upperbody_ODGreen.uasset" 1369
"F:/Users/mihai/Documents/GitHub/ShooterSam/ShooterSam/Content/ParagonWraith/Characters/Heroes/Wraith/Skins/ODGreen/Materials/M_Wraith_Upperbody_ODGreen.uexp" 1370
"F:/Users/mihai/Documents/GitHub/ShooterSam/ShooterSam/Content/ParagonWraith/Characters/Heroes/Wraith/Skins/ODGreen/Textures/T_Wraith_lowerBody_ODGreen_Mask2.ubulk" 1371
"F:/Users/mihai/Documents/GitHub/ShooterSam/ShooterSam/Content/ParagonWraith/Characters/Heroes/Wraith/Skins/ODGreen/Textures/T_Wraith_lowerBody_ODGreen_Mask2.uasset" 1372
"F:/Users/mihai/Documents/GitHub/ShooterSam/ShooterSam/Content/ParagonWraith/Characters/Heroes/Wraith/Skins/ODGreen/Textures/T_Wraith_lowerBody_ODGreen_Mask2.uexp" 1373
"F:/Users/mihai/Documents/GitHub/ShooterSam/ShooterSam/Content/ParagonWraith/Characters/Heroes/Wraith/Skins/ODGreen/Textures/T_Wraith_lowerBody_ODGreen_Mask.ubulk" 1374
"F:/Users/mihai/Documents/GitHub/ShooterSam/ShooterSam/Content/ParagonWraith/Characters/Heroes/Wraith/Skins/ODGreen/Textures/T_Wraith_lowerBody_ODGreen_Mask.uasset" 1375
"F:/Users/mihai/Documents/GitHub/ShooterSam/ShooterSam/Content/ParagonWraith/Characters/Heroes/Wraith/Skins/ODGreen/Textures/T_Wraith_lowerBody_ODGreen_Mask.uexp" 1376
"F:/Users/mihai/Documents/GitHub/ShooterSam/ShooterSam/Content/ParagonWraith/Characters/Heroes/Wraith/Skins/ODGreen/Materials/M_Wraith_Lowerbody_ODGreen.uasset" 1377
"F:/Users/mihai/Documents/GitHub/ShooterSam/ShooterSam/Content/ParagonWraith/Characters/Heroes/Wraith/Skins/ODGreen/Materials/M_Wraith_Lowerbody_ODGreen.uexp" 1378
"F:/Users/mihai/Documents/GitHub/ShooterSam/ShooterSam/Content/ParagonWraith/Characters/Heroes/Wraith/Skins/ODGreen/Textures/T_Wraith_Gun_ODGreen_Mask2.ubulk" 1379
"F:/Users/mihai/Documents/GitHub/ShooterSam/ShooterSam/Content/ParagonWraith/Characters/Heroes/Wraith/Skins/ODGreen/Textures/T_Wraith_Gun_ODGreen_Mask2.uasset" 1380
"F:/Users/mihai/Documents/GitHub/ShooterSam/ShooterSam/Content/ParagonWraith/Characters/Heroes/Wraith/Skins/ODGreen/Textures/T_Wraith_Gun_ODGreen_Mask2.uexp" 1381
"F:/Users/mihai/Documents/GitHub/ShooterSam/ShooterSam/Content/ParagonWraith/Characters/Heroes/Wraith/Skins/LunarOps/Textures/T_Wraith_LunarOps_Gun_RGB.ubulk" 1382
"F:/Users/mihai/Documents/GitHub/ShooterSam/ShooterSam/Content/ParagonWraith/Characters/Heroes/Wraith/Skins/LunarOps/Textures/T_Wraith_LunarOps_Gun_RGB.uasset" 1383
"F:/Users/mihai/Documents/GitHub/ShooterSam/ShooterSam/Content/ParagonWraith/Characters/Heroes/Wraith/Skins/LunarOps/Textures/T_Wraith_LunarOps_Gun_RGB.uexp" 1384
"F:/Users/mihai/Documents/GitHub/ShooterSam/ShooterSam/Content/ParagonWraith/Characters/Heroes/Wraith/Skins/ODGreen/Materials/M_Wraith_Gun_ODGreen.uasset" 1385
"F:/Users/mihai/Documents/GitHub/ShooterSam/ShooterSam/Content/ParagonWraith/Characters/Heroes/Wraith/Skins/ODGreen/Materials/M_Wraith_Gun_ODGreen.uexp" 1386
"F:/Users/mihai/Documents/GitHub/ShooterSam/ShooterSam/Content/ParagonWraith/Characters/Heroes/Wraith/Skins/ODGreen/Materials/M_Wraith_Backpack_ODGreen.uasset" 1387
"F:/Users/mihai/Documents/GitHub/ShooterSam/ShooterSam/Content/ParagonWraith/Characters/Heroes/Wraith/Skins/ODGreen/Materials/M_Wraith_Backpack_ODGreen.uexp" 1388
"F:/Users/mihai/Documents/GitHub/ShooterSam/ShooterSam/Content/ParagonWraith/Characters/Global/MaterialLayers/Metal/T_AnodizedMetal_N.ubulk" 1389
"F:/Users/mihai/Documents/GitHub/ShooterSam/ShooterSam/Content/ParagonWraith/Characters/Global/MaterialLayers/Metal/T_AnodizedMetal_N.uasset" 1390
"F:/Users/mihai/Documents/GitHub/ShooterSam/ShooterSam/Content/ParagonWraith/Characters/Global/MaterialLayers/Metal/T_AnodizedMetal_N.uexp" 1391
"F:/Users/mihai/Documents/GitHub/ShooterSam/ShooterSam/Content/ParagonWraith/Characters/Global/MaterialLayers/Metal/T_AnodizedMetal_D.ubulk" 1392
"F:/Users/mihai/Documents/GitHub/ShooterSam/ShooterSam/Content/ParagonWraith/Characters/Global/MaterialLayers/Metal/T_AnodizedMetal_D.uasset" 1393
"F:/Users/mihai/Documents/GitHub/ShooterSam/ShooterSam/Content/ParagonWraith/Characters/Global/MaterialLayers/Metal/T_AnodizedMetal_D.uexp" 1394
"F:/Users/mihai/Documents/GitHub/ShooterSam/ShooterSam/Content/ParagonWraith/Characters/Global/MaterialLayers/Metal/ML_AnisotropicMetal.uasset" 1395
"F:/Users/mihai/Documents/GitHub/ShooterSam/ShooterSam/Content/ParagonWraith/Characters/Global/MaterialLayers/Metal/ML_AnisotropicMetal.uexp" 1396
"F:/Users/mihai/Documents/GitHub/ShooterSam/ShooterSam/Content/ParagonWraith/Characters/Heroes/Wraith/Skins/ODGreen/Textures/T_Wraith_Accessories_ODGreen_RGB.ubulk" 1397
"F:/Users/mihai/Documents/GitHub/ShooterSam/ShooterSam/Content/ParagonWraith/Characters/Heroes/Wraith/Skins/ODGreen/Textures/T_Wraith_Accessories_ODGreen_RGB.uasset" 1398
"F:/Users/mihai/Documents/GitHub/ShooterSam/ShooterSam/Content/ParagonWraith/Characters/Heroes/Wraith/Skins/ODGreen/Textures/T_Wraith_Accessories_ODGreen_RGB.uexp" 1399
"F:/Users/mihai/Documents/GitHub/ShooterSam/ShooterSam/Content/ParagonWraith/Characters/Heroes/Wraith/Skins/ODGreen/Textures/T_Wraith_Accessories_ODGreen_Mask2.ubulk" 1400
"F:/Users/mihai/Documents/GitHub/ShooterSam/ShooterSam/Content/ParagonWraith/Characters/Heroes/Wraith/Skins/ODGreen/Textures/T_Wraith_Accessories_ODGreen_Mask2.uasset" 1401
"F:/Users/mihai/Documents/GitHub/ShooterSam/ShooterSam/Content/ParagonWraith/Characters/Heroes/Wraith/Skins/ODGreen/Textures/T_Wraith_Accessories_ODGreen_Mask2.uexp" 1402
"F:/Users/mihai/Documents/GitHub/ShooterSam/ShooterSam/Content/ParagonWraith/Characters/Heroes/Wraith/Skins/ODGreen/Textures/T_Wraith_Accessories_ODGreen_Mask.ubulk" 1403
"F:/Users/mihai/Documents/GitHub/ShooterSam/ShooterSam/Content/ParagonWraith/Characters/Heroes/Wraith/Skins/ODGreen/Textures/T_Wraith_Accessories_ODGreen_Mask.uasset" 1404
"F:/Users/mihai/Documents/GitHub/ShooterSam/ShooterSam/Content/ParagonWraith/Characters/Heroes/Wraith/Skins/ODGreen/Textures/T_Wraith_Accessories_ODGreen_Mask.uexp" 1405
"F:/Users/mihai/Documents/GitHub/ShooterSam/ShooterSam/Content/ParagonWraith/Characters/Heroes/Wraith/Skins/ODGreen/Textures/T_Accessories_ts_DEMO.ubulk" 1406
"F:/Users/mihai/Documents/GitHub/ShooterSam/ShooterSam/Content/ParagonWraith/Characters/Heroes/Wraith/Skins/ODGreen/Textures/T_Accessories_ts_DEMO.uasset" 1407
"F:/Users/mihai/Documents/GitHub/ShooterSam/ShooterSam/Content/ParagonWraith/Characters/Heroes/Wraith/Skins/ODGreen/Textures/T_Accessories_ts_DEMO.uexp" 1408
"F:/Users/mihai/Documents/GitHub/ShooterSam/ShooterSam/Content/ParagonWraith/Characters/Heroes/Wraith/Skins/ODGreen/Materials/ML/ML_Wraith_PrimaryMetal.uasset" 1409
"F:/Users/mihai/Documents/GitHub/ShooterSam/ShooterSam/Content/ParagonWraith/Characters/Heroes/Wraith/Skins/ODGreen/Materials/ML/ML_Wraith_PrimaryMetal.uexp" 1410
"F:/Users/mihai/Documents/GitHub/ShooterSam/ShooterSam/Content/ParagonWraith/Characters/Heroes/Wraith/Skins/ODGreen/Materials/M_Wraith_Attachment_ODGreen.uasset" 1411
"F:/Users/mihai/Documents/GitHub/ShooterSam/ShooterSam/Content/ParagonWraith/Characters/Heroes/Wraith/Skins/ODGreen/Materials/M_Wraith_Attachment_ODGreen.uexp" 1412
"F:/Users/mihai/Documents/GitHub/ShooterSam/ShooterSam/Content/ParagonWraith/Characters/Heroes/Wraith/Skins/ODGreen/Meshes/Wraith_ODGreen.uasset" 1413
"F:/Users/mihai/Documents/GitHub/ShooterSam/ShooterSam/Content/ParagonWraith/Characters/Heroes/Wraith/Skins/ODGreen/Meshes/Wraith_ODGreen.uexp" 1414
"F:/Users/mihai/Documents/GitHub/ShooterSam/ShooterSam/Content/MyStuff/Blueprints/BP_Player.uasset" 1415
"F:/Users/mihai/Documents/GitHub/ShooterSam/ShooterSam/Content/MyStuff/Blueprints/BP_Player.uexp" 1416
"F:/Users/mihai/Documents/GitHub/ShooterSam/ShooterSam/Content/MyStuff/Blueprints/BP_ShooterSamGameMode.uasset" 1417
"F:/Users/mihai/Documents/GitHub/ShooterSam/ShooterSam/Content/MyStuff/Blueprints/BP_ShooterSamGameMode.uexp" 1418
"../../../Engine/Content/VREditor/TransformGizmo/Xray.uasset" 1419
"../../../Engine/Content/VREditor/TransformGizmo/Xray.uexp" 1420
"../../../Engine/Content/VREditor/TransformGizmo/Main.uasset" 1421
"../../../Engine/Content/VREditor/TransformGizmo/Main.uexp" 1422
"../../../Engine/Content/VREditor/TransformGizmo/SM_Sequencer_Node.ubulk" 1423
"../../../Engine/Content/VREditor/TransformGizmo/SM_Sequencer_Node.uasset" 1424
"../../../Engine/Content/VREditor/TransformGizmo/SM_Sequencer_Node.uexp" 1425
"../../../Engine/Content/VREditor/LaserPointer/VR_LaserPower_01.ubulk" 1426
"../../../Engine/Content/VREditor/LaserPointer/VR_LaserPower_01.uasset" 1427
"../../../Engine/Content/VREditor/LaserPointer/VR_LaserPower_01.uexp" 1428
"../../../Engine/Content/VREditor/TransformGizmo/TransformGizmoMaterial.uasset" 1429
"../../../Engine/Content/VREditor/TransformGizmo/TransformGizmoMaterial.uexp" 1430
"../../../Engine/Content/VREditor/TransformGizmo/TranslucentTransformGizmoMaterial.uasset" 1431
"../../../Engine/Content/VREditor/TransformGizmo/TranslucentTransformGizmoMaterial.uexp" 1432
"../../../Engine/Content/VREditor/TransformGizmo/BoundingBoxEdge.ubulk" 1433
"../../../Engine/Content/VREditor/TransformGizmo/BoundingBoxEdge.uasset" 1434
"../../../Engine/Content/VREditor/TransformGizmo/BoundingBoxEdge.uexp" 1435
"../../../Engine/Content/VREditor/TransformGizmo/BoundingBoxCorner.ubulk" 1436
"../../../Engine/Content/VREditor/TransformGizmo/BoundingBoxCorner.uasset" 1437
"../../../Engine/Content/VREditor/TransformGizmo/BoundingBoxCorner.uexp" 1438
"../../../Engine/Content/ArtTools/RenderToTexture/Meshes/S_1_Unit_Plane.ubulk" 1439
"../../../Engine/Content/ArtTools/RenderToTexture/Meshes/S_1_Unit_Plane.uasset" 1440
"../../../Engine/Content/ArtTools/RenderToTexture/Meshes/S_1_Unit_Plane.uexp" 1441
"../../../Engine/Content/Functions/Engine_MaterialFunctions01/Shading/PowerToRoughness.uasset" 1442
"../../../Engine/Content/Functions/Engine_MaterialFunctions01/Shading/PowerToRoughness.uexp" 1443
"../../../Engine/Content/Functions/Engine_MaterialFunctions01/Shading/ConvertFromDiffSpec.uasset" 1444
"../../../Engine/Content/Functions/Engine_MaterialFunctions01/Shading/ConvertFromDiffSpec.uexp" 1445
"../../../Engine/Content/EngineMaterials/Substrate/GLints/AGlintTex2dArray.uasset" 1446
"../../../Engine/Content/EngineMaterials/Substrate/GLints/AGlintTex2dArray.uexp" 1447
"../../../Engine/Content/EngineMaterials/Substrate/Glints2/AGlintTex2dArray2.uasset" 1448
"../../../Engine/Content/EngineMaterials/Substrate/Glints2/AGlintTex2dArray2.uexp" 1449
"../../../Engine/Content/EngineMaterials/WeightMapPlaceholderTexture.uasset" 1450
"../../../Engine/Content/EngineMaterials/WeightMapPlaceholderTexture.uexp" 1451
"../../../Engine/Content/EngineMaterials/WeightMapArrayPlaceholderTexture.uasset" 1452
"../../../Engine/Content/EngineMaterials/WeightMapArrayPlaceholderTexture.uexp" 1453
"../../../Engine/Content/EngineResources/DefaultTextureCube.uasset" 1454
"../../../Engine/Content/EngineResources/DefaultTextureCube.uexp" 1455
"../../../Engine/Content/EngineResources/DefaultVolumeTexture2D.uasset" 1456
"../../../Engine/Content/EngineResources/DefaultVolumeTexture2D.uexp" 1457
"../../../Engine/Content/EngineResources/DefaultVolumeTexture.uasset" 1458
"../../../Engine/Content/EngineResources/DefaultVolumeTexture.uexp" 1459
"../../../Engine/Content/EngineMaterials/Substrate/Volume/SubstrateSimpleVolumeEnvLUT3D.uasset" 1460
"../../../Engine/Content/EngineMaterials/Substrate/Volume/SubstrateSimpleVolumeEnvLUT3D.uexp" 1461
"../../../Engine/Content/EngineMaterials/Substrate/Volume/SubstrateSimpleVolumeLUT3D.uasset" 1462
"../../../Engine/Content/EngineMaterials/Substrate/Volume/SubstrateSimpleVolumeLUT3D.uexp" 1463
"../../../Engine/Plugins/Interchange/Assets/Content/Utilities/New_LUT.uasset" 1464
"../../../Engine/Plugins/Interchange/Assets/Content/Utilities/New_LUT.uexp" 1465
"../../../Engine/Content/Functions/Engine_MaterialFunctions03/Math/RemapValueRange.uasset" 1466
"../../../Engine/Content/Functions/Engine_MaterialFunctions03/Math/RemapValueRange.uexp" 1467
"../../../Engine/Plugins/Interchange/Assets/Content/Functions/MF_Iridescence.uasset" 1468
"../../../Engine/Plugins/Interchange/Assets/Content/Functions/MF_Iridescence.uexp" 1469
"../../../Engine/Plugins/Interchange/Assets/Content/gltf/Textures/T_White_srgb.uasset" 1470
"../../../Engine/Plugins/Interchange/Assets/Content/gltf/Textures/T_White_srgb.uexp" 1471
"../../../Engine/Plugins/Interchange/Assets/Content/gltf/MaterialFunctions/MF_BaseColor.uasset" 1472
"../../../Engine/Plugins/Interchange/Assets/Content/gltf/MaterialFunctions/MF_BaseColor.uexp" 1473
"../../../Engine/Plugins/Interchange/Assets/Content/gltf/MaterialFunctions/MF_RotateV2.uasset" 1474
"../../../Engine/Plugins/Interchange/Assets/Content/gltf/MaterialFunctions/MF_RotateV2.uexp" 1475
"../../../Engine/Plugins/Interchange/Assets/Content/gltf/MaterialFunctions/MF_TransformUVs.uasset" 1476
"../../../Engine/Plugins/Interchange/Assets/Content/gltf/MaterialFunctions/MF_TransformUVs.uexp" 1477
"../../../Engine/Plugins/Interchange/Assets/Content/gltf/MaterialFunctions/MF_IOR.uasset" 1478
"../../../Engine/Plugins/Interchange/Assets/Content/gltf/MaterialFunctions/MF_IOR.uexp" 1479
"../../../Engine/Plugins/Interchange/Assets/Content/gltf/MaterialFunctions/MF_Iridescence.uasset" 1480
"../../../Engine/Plugins/Interchange/Assets/Content/gltf/MaterialFunctions/MF_Iridescence.uexp" 1481
"../../../Engine/Plugins/Interchange/Assets/Content/gltf/Textures/T_White_Linear.uasset" 1482
"../../../Engine/Plugins/Interchange/Assets/Content/gltf/Textures/T_White_Linear.uexp" 1483
"../../../Engine/Plugins/Interchange/Assets/Content/gltf/MaterialFunctions/MF_MetallicRoughness.uasset" 1484
"../../../Engine/Plugins/Interchange/Assets/Content/gltf/MaterialFunctions/MF_MetallicRoughness.uexp" 1485
"../../../Engine/Content/Functions/Engine_MaterialFunctions02/Math/Transform3x3Matrix.uasset" 1486
"../../../Engine/Content/Functions/Engine_MaterialFunctions02/Math/Transform3x3Matrix.uexp" 1487
"../../../Engine/Plugins/Interchange/Assets/Content/gltf/MaterialFunctions/MF_RotateNormals_TS.uasset" 1488
"../../../Engine/Plugins/Interchange/Assets/Content/gltf/MaterialFunctions/MF_RotateNormals_TS.uexp" 1489
"../../../Engine/Plugins/Interchange/Assets/Content/gltf/MaterialFunctions/MF_ScaleNormal.uasset" 1490
"../../../Engine/Plugins/Interchange/Assets/Content/gltf/MaterialFunctions/MF_ScaleNormal.uexp" 1491
"../../../Engine/Plugins/Interchange/Assets/Content/gltf/Textures/T_Generic_N.uasset" 1492
"../../../Engine/Plugins/Interchange/Assets/Content/gltf/Textures/T_Generic_N.uexp" 1493
"../../../Engine/Plugins/Interchange/Assets/Content/gltf/MaterialFunctions/MF_Normals.uasset" 1494
"../../../Engine/Plugins/Interchange/Assets/Content/gltf/MaterialFunctions/MF_Normals.uexp" 1495
"../../../Engine/Plugins/Interchange/Assets/Content/gltf/MaterialFunctions/MF_Occlusion.uasset" 1496
"../../../Engine/Plugins/Interchange/Assets/Content/gltf/MaterialFunctions/MF_Occlusion.uexp" 1497
"../../../Engine/Plugins/Interchange/Assets/Content/gltf/MaterialFunctions/MF_Specular.uasset" 1498
"../../../Engine/Plugins/Interchange/Assets/Content/gltf/MaterialFunctions/MF_Specular.uexp" 1499
"../../../Engine/Plugins/Interchange/Assets/Content/gltf/Textures/T_Anisotropy_Direction_Linear.uasset" 1500
"../../../Engine/Plugins/Interchange/Assets/Content/gltf/Textures/T_Anisotropy_Direction_Linear.uexp" 1501
"../../../Engine/Plugins/Interchange/Assets/Content/gltf/MaterialFunctions/MF_SpecularAnisotropy.uasset" 1502
"../../../Engine/Plugins/Interchange/Assets/Content/gltf/MaterialFunctions/MF_SpecularAnisotropy.uexp" 1503
"../../../Engine/Plugins/Interchange/Assets/Content/gltf/MaterialFunctions/MF_Emissive.uasset" 1504
"../../../Engine/Plugins/Interchange/Assets/Content/gltf/MaterialFunctions/MF_Emissive.uexp" 1505
"../../../Engine/Plugins/Interchange/Assets/Content/gltf/MaterialFunctions/MF_Clearcoat.uasset" 1506
"../../../Engine/Plugins/Interchange/Assets/Content/gltf/MaterialFunctions/MF_Clearcoat.uexp" 1507
"../../../Engine/Plugins/Interchange/Assets/Content/gltf/MaterialBodies/MF_ClearCoat_Body.uasset" 1508
"../../../Engine/Plugins/Interchange/Assets/Content/gltf/MaterialBodies/MF_ClearCoat_Body.uexp" 1509
"../../../Engine/Plugins/Interchange/Assets/Content/gltf/M_ClearCoat.uasset" 1510
"../../../Engine/Plugins/Interchange/Assets/Content/gltf/M_ClearCoat.uexp" 1511
"../../../Engine/Plugins/Interchange/Assets/Content/gltf/MaterialInstances/MI_ClearCoat_Blend.uasset" 1512
"../../../Engine/Plugins/Interchange/Assets/Content/gltf/MaterialInstances/MI_ClearCoat_Blend.uexp" 1513
"../../../Engine/Plugins/Interchange/Assets/Content/gltf/MaterialInstances/MI_ClearCoat_Blend_DS.uasset" 1514
"../../../Engine/Plugins/Interchange/Assets/Content/gltf/MaterialInstances/MI_ClearCoat_Blend_DS.uexp" 1515
"../../../Engine/Plugins/Interchange/Assets/Content/gltf/MaterialInstances/MI_ClearCoat_Mask.uasset" 1516
"../../../Engine/Plugins/Interchange/Assets/Content/gltf/MaterialInstances/MI_ClearCoat_Mask.uexp" 1517
"../../../Engine/Plugins/Interchange/Assets/Content/gltf/MaterialInstances/MI_ClearCoat_Mask_DS.uasset" 1518
"../../../Engine/Plugins/Interchange/Assets/Content/gltf/MaterialInstances/MI_ClearCoat_Mask_DS.uexp" 1519
"../../../Engine/Plugins/Interchange/Assets/Content/gltf/MaterialInstances/MI_ClearCoat_Opaque.uasset" 1520
"../../../Engine/Plugins/Interchange/Assets/Content/gltf/MaterialInstances/MI_ClearCoat_Opaque.uexp" 1521
"../../../Engine/Plugins/Interchange/Assets/Content/gltf/MaterialInstances/MI_ClearCoat_Opaque_DS.uasset" 1522
"../../../Engine/Plugins/Interchange/Assets/Content/gltf/MaterialInstances/MI_ClearCoat_Opaque_DS.uexp" 1523
"../../../Engine/Plugins/Interchange/Assets/Content/gltf/MaterialBodies/MF_Default_Body.uasset" 1524
"../../../Engine/Plugins/Interchange/Assets/Content/gltf/MaterialBodies/MF_Default_Body.uexp" 1525
"../../../Engine/Plugins/Interchange/Assets/Content/gltf/M_Default.uasset" 1526
"../../../Engine/Plugins/Interchange/Assets/Content/gltf/M_Default.uexp" 1527
"../../../Engine/Plugins/Interchange/Assets/Content/gltf/MaterialInstances/MI_Default_Blend.uasset" 1528
"../../../Engine/Plugins/Interchange/Assets/Content/gltf/MaterialInstances/MI_Default_Blend.uexp" 1529
"../../../Engine/Plugins/Interchange/Assets/Content/gltf/MaterialInstances/MI_Default_Blend_DS.uasset" 1530
"../../../Engine/Plugins/Interchange/Assets/Content/gltf/MaterialInstances/MI_Default_Blend_DS.uexp" 1531
"../../../Engine/Plugins/Interchange/Assets/Content/gltf/MaterialInstances/MI_Default_Mask.uasset" 1532
"../../../Engine/Plugins/Interchange/Assets/Content/gltf/MaterialInstances/MI_Default_Mask.uexp" 1533
"../../../Engine/Plugins/Interchange/Assets/Content/gltf/MaterialInstances/MI_Default_Mask_DS.uasset" 1534
"../../../Engine/Plugins/Interchange/Assets/Content/gltf/MaterialInstances/MI_Default_Mask_DS.uexp" 1535
"../../../Engine/Plugins/Interchange/Assets/Content/gltf/MaterialInstances/MI_Default_Opaque.uasset" 1536
"../../../Engine/Plugins/Interchange/Assets/Content/gltf/MaterialInstances/MI_Default_Opaque.uexp" 1537
"../../../Engine/Plugins/Interchange/Assets/Content/gltf/MaterialInstances/MI_Default_Opaque_DS.uasset" 1538
"../../../Engine/Plugins/Interchange/Assets/Content/gltf/MaterialInstances/MI_Default_Opaque_DS.uexp" 1539
"../../../Engine/Plugins/Interchange/Assets/Content/gltf/MaterialFunctions/MF_Sheen.uasset" 1540
"../../../Engine/Plugins/Interchange/Assets/Content/gltf/MaterialFunctions/MF_Sheen.uexp" 1541
"../../../Engine/Plugins/Interchange/Assets/Content/gltf/MaterialBodies/MF_Sheen_Body.uasset" 1542
"../../../Engine/Plugins/Interchange/Assets/Content/gltf/MaterialBodies/MF_Sheen_Body.uexp" 1543
"../../../Engine/Plugins/Interchange/Assets/Content/gltf/M_Sheen.uasset" 1544
"../../../Engine/Plugins/Interchange/Assets/Content/gltf/M_Sheen.uexp" 1545
"../../../Engine/Plugins/Interchange/Assets/Content/gltf/MaterialInstances/MI_Sheen_Blend.uasset" 1546
"../../../Engine/Plugins/Interchange/Assets/Content/gltf/MaterialInstances/MI_Sheen_Blend.uexp" 1547
"../../../Engine/Plugins/Interchange/Assets/Content/gltf/MaterialInstances/MI_Sheen_Blend_DS.uasset" 1548
"../../../Engine/Plugins/Interchange/Assets/Content/gltf/MaterialInstances/MI_Sheen_Blend_DS.uexp" 1549
"../../../Engine/Plugins/Interchange/Assets/Content/gltf/MaterialInstances/MI_Sheen_Mask.uasset" 1550
"../../../Engine/Plugins/Interchange/Assets/Content/gltf/MaterialInstances/MI_Sheen_Mask.uexp" 1551
"../../../Engine/Plugins/Interchange/Assets/Content/gltf/MaterialInstances/MI_Sheen_Mask_DS.uasset" 1552
"../../../Engine/Plugins/Interchange/Assets/Content/gltf/MaterialInstances/MI_Sheen_Mask_DS.uexp" 1553
"../../../Engine/Plugins/Interchange/Assets/Content/gltf/MaterialInstances/MI_Sheen_Opaque.uasset" 1554
"../../../Engine/Plugins/Interchange/Assets/Content/gltf/MaterialInstances/MI_Sheen_Opaque.uexp" 1555
"../../../Engine/Plugins/Interchange/Assets/Content/gltf/MaterialInstances/MI_Sheen_Opaque_DS.uasset" 1556
"../../../Engine/Plugins/Interchange/Assets/Content/gltf/MaterialInstances/MI_Sheen_Opaque_DS.uexp" 1557
"../../../Engine/Content/Functions/Engine_MaterialFunctions02/Math/AddComponents.uasset" 1558
"../../../Engine/Content/Functions/Engine_MaterialFunctions02/Math/AddComponents.uexp" 1559
"../../../Engine/Plugins/Interchange/Assets/Content/gltf/MaterialFunctions/MF_DiffuseSpecGloss.uasset" 1560
"../../../Engine/Plugins/Interchange/Assets/Content/gltf/MaterialFunctions/MF_DiffuseSpecGloss.uexp" 1561
"../../../Engine/Plugins/Interchange/Assets/Content/gltf/MaterialFunctions/MF_MaxComponentValue.uasset" 1562
"../../../Engine/Plugins/Interchange/Assets/Content/gltf/MaterialFunctions/MF_MaxComponentValue.uexp" 1563
"../../../Engine/Plugins/Interchange/Assets/Content/gltf/MaterialFunctions/MF_PerceivedBrightness.uasset" 1564
"../../../Engine/Plugins/Interchange/Assets/Content/gltf/MaterialFunctions/MF_PerceivedBrightness.uexp" 1565
"../../../Engine/Plugins/Interchange/Assets/Content/gltf/MaterialFunctions/MF_SpecGlossToMetalRoughness.uasset" 1566
"../../../Engine/Plugins/Interchange/Assets/Content/gltf/MaterialFunctions/MF_SpecGlossToMetalRoughness.uexp" 1567
"../../../Engine/Plugins/Interchange/Assets/Content/gltf/MaterialBodies/MF_SpecularGlossiness_Body.uasset" 1568
"../../../Engine/Plugins/Interchange/Assets/Content/gltf/MaterialBodies/MF_SpecularGlossiness_Body.uexp" 1569
"../../../Engine/Plugins/Interchange/Assets/Content/gltf/M_SpecularGlossiness.uasset" 1570
"../../../Engine/Plugins/Interchange/Assets/Content/gltf/M_SpecularGlossiness.uexp" 1571
"../../../Engine/Plugins/Interchange/Assets/Content/gltf/MaterialInstances/MI_SpecularGlossiness_Blend.uasset" 1572
"../../../Engine/Plugins/Interchange/Assets/Content/gltf/MaterialInstances/MI_SpecularGlossiness_Blend.uexp" 1573
"../../../Engine/Plugins/Interchange/Assets/Content/gltf/MaterialInstances/MI_SpecularGlossiness_Blend_DS.uasset" 1574
"../../../Engine/Plugins/Interchange/Assets/Content/gltf/MaterialInstances/MI_SpecularGlossiness_Blend_DS.uexp" 1575
"../../../Engine/Plugins/Interchange/Assets/Content/gltf/MaterialInstances/MI_SpecularGlossiness_Mask.uasset" 1576
"../../../Engine/Plugins/Interchange/Assets/Content/gltf/MaterialInstances/MI_SpecularGlossiness_Mask.uexp" 1577
"../../../Engine/Plugins/Interchange/Assets/Content/gltf/MaterialInstances/MI_SpecularGlossiness_Mask_DS.uasset" 1578
"../../../Engine/Plugins/Interchange/Assets/Content/gltf/MaterialInstances/MI_SpecularGlossiness_Mask_DS.uexp" 1579
"../../../Engine/Plugins/Interchange/Assets/Content/gltf/MaterialInstances/MI_SpecularGlossiness_Opaque.uasset" 1580
"../../../Engine/Plugins/Interchange/Assets/Content/gltf/MaterialInstances/MI_SpecularGlossiness_Opaque.uexp" 1581
"../../../Engine/Plugins/Interchange/Assets/Content/gltf/MaterialInstances/MI_SpecularGlossiness_Opaque_DS.uasset" 1582
"../../../Engine/Plugins/Interchange/Assets/Content/gltf/MaterialInstances/MI_SpecularGlossiness_Opaque_DS.uexp" 1583
"../../../Engine/Plugins/Interchange/Assets/Content/gltf/MaterialFunctions/MF_Fresnel_DS.uasset" 1584
"../../../Engine/Plugins/Interchange/Assets/Content/gltf/MaterialFunctions/MF_Fresnel_DS.uexp" 1585
"../../../Engine/Plugins/Interchange/Assets/Content/gltf/MaterialFunctions/MF_Temporal_Blur.uasset" 1586
"../../../Engine/Plugins/Interchange/Assets/Content/gltf/MaterialFunctions/MF_Temporal_Blur.uexp" 1587
"../../../Engine/Plugins/Interchange/Assets/Content/gltf/MaterialFunctions/MF_Transmission.uasset" 1588
"../../../Engine/Plugins/Interchange/Assets/Content/gltf/MaterialFunctions/MF_Transmission.uexp" 1589
"../../../Engine/Plugins/Interchange/Assets/Content/gltf/MaterialBodies/MF_Transmission_Body.uasset" 1590
"../../../Engine/Plugins/Interchange/Assets/Content/gltf/MaterialBodies/MF_Transmission_Body.uexp" 1591
"../../../Engine/Plugins/Interchange/Assets/Content/gltf/M_Transmission.uasset" 1592
"../../../Engine/Plugins/Interchange/Assets/Content/gltf/M_Transmission.uexp" 1593
"../../../Engine/Plugins/Interchange/Assets/Content/gltf/MaterialInstances/MI_Transmission.uasset" 1594
"../../../Engine/Plugins/Interchange/Assets/Content/gltf/MaterialInstances/MI_Transmission.uexp" 1595
"../../../Engine/Plugins/Interchange/Assets/Content/gltf/MaterialInstances/MI_Transmission_DS.uasset" 1596
"../../../Engine/Plugins/Interchange/Assets/Content/gltf/MaterialInstances/MI_Transmission_DS.uexp" 1597
"../../../Engine/Plugins/Interchange/Assets/Content/gltf/MaterialBodies/MF_Unlit_Body.uasset" 1598
"../../../Engine/Plugins/Interchange/Assets/Content/gltf/MaterialBodies/MF_Unlit_Body.uexp" 1599
"../../../Engine/Plugins/Interchange/Assets/Content/gltf/M_Unlit.uasset" 1600
"../../../Engine/Plugins/Interchange/Assets/Content/gltf/M_Unlit.uexp" 1601
"../../../Engine/Plugins/Interchange/Assets/Content/gltf/MaterialInstances/MI_Unlit_Blend.uasset" 1602
"../../../Engine/Plugins/Interchange/Assets/Content/gltf/MaterialInstances/MI_Unlit_Blend.uexp" 1603
"../../../Engine/Plugins/Interchange/Assets/Content/gltf/MaterialInstances/MI_Unlit_Blend_DS.uasset" 1604
"../../../Engine/Plugins/Interchange/Assets/Content/gltf/MaterialInstances/MI_Unlit_Blend_DS.uexp" 1605
"../../../Engine/Plugins/Interchange/Assets/Content/gltf/MaterialInstances/MI_Unlit_Mask.uasset" 1606
"../../../Engine/Plugins/Interchange/Assets/Content/gltf/MaterialInstances/MI_Unlit_Mask.uexp" 1607
"../../../Engine/Plugins/Interchange/Assets/Content/gltf/MaterialInstances/MI_Unlit_Mask_DS.uasset" 1608
"../../../Engine/Plugins/Interchange/Assets/Content/gltf/MaterialInstances/MI_Unlit_Mask_DS.uexp" 1609
"../../../Engine/Plugins/Interchange/Assets/Content/gltf/MaterialInstances/MI_Unlit_Opaque.uasset" 1610
"../../../Engine/Plugins/Interchange/Assets/Content/gltf/MaterialInstances/MI_Unlit_Opaque.uexp" 1611
"../../../Engine/Plugins/Interchange/Assets/Content/gltf/MaterialInstances/MI_Unlit_Opaque_DS.uasset" 1612
"../../../Engine/Plugins/Interchange/Assets/Content/gltf/MaterialInstances/MI_Unlit_Opaque_DS.uexp" 1613
"../../../Engine/Content/EngineMaterials/Widget3DPassThrough.uasset" 1614
"../../../Engine/Content/EngineMaterials/Widget3DPassThrough.uexp" 1615
"../../../Engine/Content/EngineMaterials/Widget3DPassThrough_Masked.uasset" 1616
"../../../Engine/Content/EngineMaterials/Widget3DPassThrough_Masked.uexp" 1617
"../../../Engine/Content/EngineMaterials/Widget3DPassThrough_Opaque.uasset" 1618
"../../../Engine/Content/EngineMaterials/Widget3DPassThrough_Opaque.uexp" 1619
"../../../Engine/Content/EngineMaterials/Widget3DPassThrough_Masked_OneSided.uasset" 1620
"../../../Engine/Content/EngineMaterials/Widget3DPassThrough_Masked_OneSided.uexp" 1621
"../../../Engine/Content/EngineMaterials/Widget3DPassThrough_Opaque_OneSided.uasset" 1622
"../../../Engine/Content/EngineMaterials/Widget3DPassThrough_Opaque_OneSided.uexp" 1623
"../../../Engine/Content/EngineMaterials/Widget3DPassThrough_Translucent.uasset" 1624
"../../../Engine/Content/EngineMaterials/Widget3DPassThrough_Translucent.uexp" 1625
"../../../Engine/Content/EngineMaterials/Widget3DPassThrough_Translucent_OneSided.uasset" 1626
"../../../Engine/Content/EngineMaterials/Widget3DPassThrough_Translucent_OneSided.uexp" 1627
"../../../Engine/Content/EngineResources/LandscapeVisibilityLayerInfo.uasset" 1628
"../../../Engine/Content/EngineResources/LandscapeVisibilityLayerInfo.uexp" 1629
"../../../Engine/Content/VREditor/Sounds/UI/Drop_Item_From_ContentBrowser.ubulk" 1630
"../../../Engine/Content/VREditor/Sounds/UI/Drop_Item_From_ContentBrowser.uasset" 1631
"../../../Engine/Content/VREditor/Sounds/UI/Drop_Item_From_ContentBrowser.uexp" 1632
"../../../Engine/Content/VREditor/TransformGizmo/TransformGizmoMaterial_Inst.uasset" 1633
"../../../Engine/Content/VREditor/TransformGizmo/TransformGizmoMaterial_Inst.uexp" 1634
"../../../Engine/Content/VREditor/TransformGizmo/TranslucentTransformGizmoMaterial_Inst.uasset" 1635
"../../../Engine/Content/VREditor/TransformGizmo/TranslucentTransformGizmoMaterial_Inst.uexp" 1636
"../../../Engine/Content/Functions/Engine_MaterialFunctions02/SplitComponents.uasset" 1637
"../../../Engine/Content/Functions/Engine_MaterialFunctions02/SplitComponents.uexp" 1638
"../../../Engine/Content/VREditor/SnapGrid/SnapGridMaterial.uasset" 1639
"../../../Engine/Content/VREditor/SnapGrid/SnapGridMaterial.uexp" 1640
"../../../Engine/Content/VREditor/SnapGrid/SnapGridPlaneMesh.ubulk" 1641
"../../../Engine/Content/VREditor/SnapGrid/SnapGridPlaneMesh.uasset" 1642
"../../../Engine/Content/VREditor/SnapGrid/SnapGridPlaneMesh.uexp" 1643
"../../../Engine/Content/VREditor/Sounds/UI/Gizmo_Handle_Clicked.ubulk" 1644
"../../../Engine/Content/VREditor/Sounds/UI/Gizmo_Handle_Clicked.uasset" 1645
"../../../Engine/Content/VREditor/Sounds/UI/Gizmo_Handle_Clicked.uexp" 1646
"../../../Engine/Content/VREditor/Sounds/UI/Object_PickUp.ubulk" 1647
"../../../Engine/Content/VREditor/Sounds/UI/Object_PickUp.uasset" 1648
"../../../Engine/Content/VREditor/Sounds/UI/Object_PickUp.uexp" 1649
"../../../Engine/Content/VREditor/Sounds/UI/Object_Snaps_To_Another_Actor.ubulk" 1650
"../../../Engine/Content/VREditor/Sounds/UI/Object_Snaps_To_Another_Actor.uasset" 1651
"../../../Engine/Content/VREditor/Sounds/UI/Object_Snaps_To_Another_Actor.uexp" 1652
"../../../Engine/Content/VREditor/Sounds/UI/Object_Snaps_To_Grid.ubulk" 1653
"../../../Engine/Content/VREditor/Sounds/UI/Object_Snaps_To_Grid.uasset" 1654
"../../../Engine/Content/VREditor/Sounds/UI/Object_Snaps_To_Grid.uexp" 1655
"../../../Engine/Content/VREditor/Sounds/UI/Scaling_Down.ubulk" 1656
"../../../Engine/Content/VREditor/Sounds/UI/Scaling_Down.uasset" 1657
"../../../Engine/Content/VREditor/Sounds/UI/Scaling_Down.uexp" 1658
"../../../Engine/Content/VREditor/Sounds/UI/Scaling_Up.ubulk" 1659
"../../../Engine/Content/VREditor/Sounds/UI/Scaling_Up.uasset" 1660
"../../../Engine/Content/VREditor/Sounds/UI/Scaling_Up.uexp" 1661
"../../../Engine/Content/VREditor/Sounds/UI/Selection_Changes.ubulk" 1662
"../../../Engine/Content/VREditor/Sounds/UI/Selection_Changes.uasset" 1663
"../../../Engine/Content/VREditor/Sounds/UI/Selection_Changes.uexp" 1664
"../../../Engine/Content/VREditor/TransformGizmo/PlaneTranslationHandle.ubulk" 1665
"../../../Engine/Content/VREditor/TransformGizmo/PlaneTranslationHandle.uasset" 1666
"../../../Engine/Content/VREditor/TransformGizmo/PlaneTranslationHandle.uexp" 1667
"../../../Engine/Content/VREditor/TransformGizmo/RotationHandleFull.ubulk" 1668
"../../../Engine/Content/VREditor/TransformGizmo/RotationHandleFull.uasset" 1669
"../../../Engine/Content/VREditor/TransformGizmo/RotationHandleFull.uexp" 1670
"../../../Engine/Content/VREditor/TransformGizmo/RotationHandleIndicator.ubulk" 1671
"../../../Engine/Content/VREditor/TransformGizmo/RotationHandleIndicator.uasset" 1672
"../../../Engine/Content/VREditor/TransformGizmo/RotationHandleIndicator.uexp" 1673
"../../../Engine/Content/VREditor/TransformGizmo/RotationHandleQuarter.ubulk" 1674
"../../../Engine/Content/VREditor/TransformGizmo/RotationHandleQuarter.uasset" 1675
"../../../Engine/Content/VREditor/TransformGizmo/RotationHandleQuarter.uexp" 1676
"../../../Engine/Content/VREditor/TransformGizmo/StartRotationHandleIndicator.ubulk" 1677
"../../../Engine/Content/VREditor/TransformGizmo/StartRotationHandleIndicator.uasset" 1678
"../../../Engine/Content/VREditor/TransformGizmo/StartRotationHandleIndicator.uexp" 1679
"../../../Engine/Content/VREditor/TransformGizmo/TransformGizmoFreeRotation.ubulk" 1680
"../../../Engine/Content/VREditor/TransformGizmo/TransformGizmoFreeRotation.uasset" 1681
"../../../Engine/Content/VREditor/TransformGizmo/TransformGizmoFreeRotation.uexp" 1682
"../../../Engine/Content/VREditor/TransformGizmo/TranslateArrowHandle.ubulk" 1683
"../../../Engine/Content/VREditor/TransformGizmo/TranslateArrowHandle.uasset" 1684
"../../../Engine/Content/VREditor/TransformGizmo/TranslateArrowHandle.uexp" 1685
"../../../Engine/Content/VREditor/TransformGizmo/UniformScaleHandle.ubulk" 1686
"../../../Engine/Content/VREditor/TransformGizmo/UniformScaleHandle.uasset" 1687
"../../../Engine/Content/VREditor/TransformGizmo/UniformScaleHandle.uexp" 1688
"../../../Engine/Content/EditorLandscapeResources/ColorMaskBrushMaterial.uasset" 1689
"../../../Engine/Content/EditorLandscapeResources/ColorMaskBrushMaterial.uexp" 1690
"../../../Engine/Content/EditorLandscapeResources/ColorMaskBrushMaterial_MaskedRegion.uasset" 1691
"../../../Engine/Content/EditorLandscapeResources/ColorMaskBrushMaterial_MaskedRegion.uexp" 1692
"../../../Engine/Content/Functions/Engine_MaterialFunctions03/Math/WithinRangeFloat2.uasset" 1693
"../../../Engine/Content/Functions/Engine_MaterialFunctions03/Math/WithinRangeFloat2.uexp" 1694
"../../../Engine/Content/EditorLandscapeResources/MaskBrushMaterial.uasset" 1695
"../../../Engine/Content/EditorLandscapeResources/MaskBrushMaterial.uexp" 1696
"../../../Engine/Content/EditorLandscapeResources/MaskBrushMaterial_MaskedRegion.uasset" 1697
"../../../Engine/Content/EditorLandscapeResources/MaskBrushMaterial_MaskedRegion.uexp" 1698
"../../../Engine/Content/EditorLandscapeResources/SelectBrushMaterial.uasset" 1699
"../../../Engine/Content/EditorLandscapeResources/SelectBrushMaterial.uexp" 1700
"../../../Engine/Content/EditorLandscapeResources/SelectBrushMaterial_Selected.uasset" 1701
"../../../Engine/Content/EditorLandscapeResources/SelectBrushMaterial_Selected.uexp" 1702
"../../../Engine/Content/EditorLandscapeResources/SelectBrushMaterial_SelectedRegion.uasset" 1703
"../../../Engine/Content/EditorLandscapeResources/SelectBrushMaterial_SelectedRegion.uexp" 1704
"../../../Engine/Plugins/NNE/NNEDenoiser/Content/NNE_oidn2-3-0_rt_hdr_alb_nrm_small__dyn__fp16_opset11_DenoiseAlpha.uasset" 1705
"../../../Engine/Plugins/NNE/NNEDenoiser/Content/NNE_oidn2-3-0_rt_hdr_alb_nrm_small__dyn__fp16_opset11_DenoiseAlpha.uexp" 1706
"../../../Engine/Plugins/NNE/NNEDenoiser/Content/NNE_oidn2-3-0_rt_hdr_alb_nrm_small__dyn__fp16_opset11_ForwardAlpha.uasset" 1707
"../../../Engine/Plugins/NNE/NNEDenoiser/Content/NNE_oidn2-3-0_rt_hdr_alb_nrm_small__dyn__fp16_opset11_ForwardAlpha.uexp" 1708
"../../../Engine/Plugins/NNE/NNEDenoiser/Content/NNE_oidn2-3-0_rt_hdr_alb_nrm__dyn__fp16_opset11_DenoiseAlpha.uasset" 1709
"../../../Engine/Plugins/NNE/NNEDenoiser/Content/NNE_oidn2-3-0_rt_hdr_alb_nrm__dyn__fp16_opset11_DenoiseAlpha.uexp" 1710
"../../../Engine/Plugins/NNE/NNEDenoiser/Content/NNE_oidn2-3-0_rt_hdr_alb_nrm__dyn__fp16_opset11_ForwardAlpha.uasset" 1711
"../../../Engine/Plugins/NNE/NNEDenoiser/Content/NNE_oidn2-3-0_rt_hdr_alb_nrm__dyn__fp16_opset11_ForwardAlpha.uexp" 1712
"../../../Engine/Plugins/NNE/NNEDenoiser/Content/NNE_oidn2-3-0_rt_hdr_calb_cnrm_large__dyn__fp16_opset11_DenoiseAlpha.uasset" 1713
"../../../Engine/Plugins/NNE/NNEDenoiser/Content/NNE_oidn2-3-0_rt_hdr_calb_cnrm_large__dyn__fp16_opset11_DenoiseAlpha.uexp" 1714
"../../../Engine/Plugins/NNE/NNEDenoiser/Content/NNE_oidn2-3-0_rt_hdr_calb_cnrm_large__dyn__fp16_opset11_ForwardAlpha.uasset" 1715
"../../../Engine/Plugins/NNE/NNEDenoiser/Content/NNE_oidn2-3-0_rt_hdr_calb_cnrm_large__dyn__fp16_opset11_ForwardAlpha.uexp" 1716
"../../../Engine/Plugins/2D/Paper2D/Content/DefaultSpriteMaterial.uasset" 1717
"../../../Engine/Plugins/2D/Paper2D/Content/DefaultSpriteMaterial.uexp" 1718
"../../../Engine/Plugins/2D/Paper2D/Content/MaskedUnlitSpriteMaterial.uasset" 1719
"../../../Engine/Plugins/2D/Paper2D/Content/MaskedUnlitSpriteMaterial.uexp" 1720
"../../../Engine/Plugins/2D/Paper2D/Content/OpaqueUnlitSpriteMaterial.uasset" 1721
"../../../Engine/Plugins/2D/Paper2D/Content/OpaqueUnlitSpriteMaterial.uexp" 1722
"../../../Engine/Plugins/Animation/DeformerGraph/Content/DeformerFunctions/DG_Function_LinearBlendSkin_Morph_Cloth.uasset" 1723
"../../../Engine/Plugins/Animation/DeformerGraph/Content/DeformerFunctions/DG_Function_LinearBlendSkin_Morph_Cloth.uexp" 1724
"../../../Engine/Plugins/Animation/DeformerGraph/Content/Deformers/DG_LinearBlendSkin_Morph_Cloth.uasset" 1725
"../../../Engine/Plugins/Animation/DeformerGraph/Content/Deformers/DG_LinearBlendSkin_Morph_Cloth.uexp" 1726
"../../../Engine/Plugins/Animation/DeformerGraph/Content/DeformerFunctions/DG_Function_LinearBlendSkin_Morph_Cloth_PositionOnly.uasset" 1727
"../../../Engine/Plugins/Animation/DeformerGraph/Content/DeformerFunctions/DG_Function_LinearBlendSkin_Morph_Cloth_PositionOnly.uexp" 1728
"../../../Engine/Plugins/Animation/DeformerGraph/Content/DeformerFunctions/DG_Function_ComputeNormalsTangents.uasset" 1729
"../../../Engine/Plugins/Animation/DeformerGraph/Content/DeformerFunctions/DG_Function_ComputeNormalsTangents.uexp" 1730
"../../../Engine/Plugins/Animation/DeformerGraph/Content/Deformers/DG_LinearBlendSkin_Morph_Cloth_RecomputeNormals.uasset" 1731
"../../../Engine/Plugins/Animation/DeformerGraph/Content/Deformers/DG_LinearBlendSkin_Morph_Cloth_RecomputeNormals.uexp" 1732
"../../../Engine/Plugins/NNE/NNEDenoiser/Content/NNEDT_Oidn2-3_Balanced.uasset" 1733
"../../../Engine/Plugins/NNE/NNEDenoiser/Content/NNEDT_Oidn2-3_Balanced.uexp" 1734
"../../../Engine/Plugins/NNE/NNEDenoiser/Content/NNEDT_Oidn2-3_Balanced_Alpha.uasset" 1735
"../../../Engine/Plugins/NNE/NNEDenoiser/Content/NNEDT_Oidn2-3_Balanced_Alpha.uexp" 1736
"../../../Engine/Plugins/NNE/NNEDenoiser/Content/NNED_Oidn2-3_Balanced.uasset" 1737
"../../../Engine/Plugins/NNE/NNEDenoiser/Content/NNED_Oidn2-3_Balanced.uexp" 1738
"../../../Engine/Plugins/NNE/NNEDenoiser/Content/NNED_Oidn2-3_Balanced_Alpha.uasset" 1739
"../../../Engine/Plugins/NNE/NNEDenoiser/Content/NNED_Oidn2-3_Balanced_Alpha.uexp" 1740
"../../../Engine/Plugins/NNE/NNEDenoiser/Content/NNED_Oidn2-3_Fast.uasset" 1741
"../../../Engine/Plugins/NNE/NNEDenoiser/Content/NNED_Oidn2-3_Fast.uexp" 1742
"../../../Engine/Plugins/NNE/NNEDenoiser/Content/NNED_Oidn2-3_Fast_Alpha.uasset" 1743
"../../../Engine/Plugins/NNE/NNEDenoiser/Content/NNED_Oidn2-3_Fast_Alpha.uexp" 1744
"../../../Engine/Plugins/NNE/NNEDenoiser/Content/NNED_Oidn2-3_HighQuality.uasset" 1745
"../../../Engine/Plugins/NNE/NNEDenoiser/Content/NNED_Oidn2-3_HighQuality.uexp" 1746
"../../../Engine/Plugins/NNE/NNEDenoiser/Content/NNED_Oidn2-3_HighQuality_Alpha.uasset" 1747
"../../../Engine/Plugins/NNE/NNEDenoiser/Content/NNED_Oidn2-3_HighQuality_Alpha.uexp" 1748
"../../../Engine/Content/Maps/Entry_BuiltData.uasset" 1749
"../../../Engine/Content/Maps/Entry_BuiltData.uexp" 1750
"../../../Engine/Content/Maps/Entry.uexp" 1751
"../../../Engine/Content/Maps/Entry.umap" 1752
"../../../Engine/Content/EngineSky/T_Sky_Stars.ubulk" 1753
"../../../Engine/Content/EngineSky/T_Sky_Stars.uasset" 1754
"../../../Engine/Content/EngineSky/T_Sky_Stars.uexp" 1755
"../../../Engine/Content/EngineSky/T_Sky_Clouds_M.ubulk" 1756
"../../../Engine/Content/EngineSky/T_Sky_Clouds_M.uasset" 1757
"../../../Engine/Content/EngineSky/T_Sky_Clouds_M.uexp" 1758
"../../../Engine/Content/EngineSky/T_Sky_Blue.ubulk" 1759
"../../../Engine/Content/EngineSky/T_Sky_Blue.uasset" 1760
"../../../Engine/Content/EngineSky/T_Sky_Blue.uexp" 1761
"../../../Engine/Content/EngineSky/M_Sky_Panning_Clouds2.uasset" 1762
"../../../Engine/Content/EngineSky/M_Sky_Panning_Clouds2.uexp" 1763
"../../../Engine/Content/EngineSky/SM_SkySphere.ubulk" 1764
"../../../Engine/Content/EngineSky/SM_SkySphere.uasset" 1765
"../../../Engine/Content/EngineSky/SM_SkySphere.uexp" 1766
"../../../Engine/Content/EngineSky/C_Sky_Zenith_Color.uasset" 1767
"../../../Engine/Content/EngineSky/C_Sky_Zenith_Color.uexp" 1768
"../../../Engine/Content/EngineSky/C_Sky_Horizon_Color.uasset" 1769
"../../../Engine/Content/EngineSky/C_Sky_Horizon_Color.uexp" 1770
"../../../Engine/Content/EngineSky/C_Sky_Cloud_Color.uasset" 1771
"../../../Engine/Content/EngineSky/C_Sky_Cloud_Color.uexp" 1772
"../../../Engine/Content/EngineSky/BP_Sky_Sphere.uasset" 1773
"../../../Engine/Content/EngineSky/BP_Sky_Sphere.uexp" 1774
"../../../Engine/Content/EngineMaterials/DefaultPhysicalMaterial.uasset" 1775
"../../../Engine/Content/EngineMaterials/DefaultPhysicalMaterial.uexp" 1776
"../../../Engine/Content/MapTemplates/Sky/DaylightAmbientCubemap.uasset" 1777
"../../../Engine/Content/MapTemplates/Sky/DaylightAmbientCubemap.uexp" 1778
"../../../Engine/Content/MapTemplates/lut/LUT_Morning.uasset" 1779
"../../../Engine/Content/MapTemplates/lut/LUT_Morning.uexp" 1780
"F:/Users/mihai/Documents/GitHub/ShooterSam/ShooterSam/Content/StarterBundle/UE4_Assets/Environment_B/Textures/T_TilingNoise12.ubulk" 1781
"F:/Users/mihai/Documents/GitHub/ShooterSam/ShooterSam/Content/StarterBundle/UE4_Assets/Environment_B/Textures/T_TilingNoise12.uasset" 1782
"F:/Users/mihai/Documents/GitHub/ShooterSam/ShooterSam/Content/StarterBundle/UE4_Assets/Environment_B/Textures/T_TilingNoise12.uexp" 1783
"F:/Users/mihai/Documents/GitHub/ShooterSam/ShooterSam/Content/StarterBundle/UE4_Assets/Environment_B/Textures/T_RockPile_01_N.ubulk" 1784
"F:/Users/mihai/Documents/GitHub/ShooterSam/ShooterSam/Content/StarterBundle/UE4_Assets/Environment_B/Textures/T_RockPile_01_N.uasset" 1785
"F:/Users/mihai/Documents/GitHub/ShooterSam/ShooterSam/Content/StarterBundle/UE4_Assets/Environment_B/Textures/T_RockPile_01_N.uexp" 1786
"F:/Users/mihai/Documents/GitHub/ShooterSam/ShooterSam/Content/StarterBundle/UE4_Assets/Environment_B/Textures/T_Rock1024.ubulk" 1787
"F:/Users/mihai/Documents/GitHub/ShooterSam/ShooterSam/Content/StarterBundle/UE4_Assets/Environment_B/Textures/T_Rock1024.uasset" 1788
"F:/Users/mihai/Documents/GitHub/ShooterSam/ShooterSam/Content/StarterBundle/UE4_Assets/Environment_B/Textures/T_Rock1024.uexp" 1789
"F:/Users/mihai/Documents/GitHub/ShooterSam/ShooterSam/Content/StarterBundle/UE4_Assets/Environment_B/Textures/T_LS_Snow_01_D.ubulk" 1790
"F:/Users/mihai/Documents/GitHub/ShooterSam/ShooterSam/Content/StarterBundle/UE4_Assets/Environment_B/Textures/T_LS_Snow_01_D.uasset" 1791
"F:/Users/mihai/Documents/GitHub/ShooterSam/ShooterSam/Content/StarterBundle/UE4_Assets/Environment_B/Textures/T_LS_Snow_01_D.uexp" 1792
"F:/Users/mihai/Documents/GitHub/ShooterSam/ShooterSam/Content/StarterBundle/UE4_Assets/Environment_B/Textures/T_Ice_Noise_N.ubulk" 1793
"F:/Users/mihai/Documents/GitHub/ShooterSam/ShooterSam/Content/StarterBundle/UE4_Assets/Environment_B/Textures/T_Ice_Noise_N.uasset" 1794
"F:/Users/mihai/Documents/GitHub/ShooterSam/ShooterSam/Content/StarterBundle/UE4_Assets/Environment_B/Textures/T_Ice_Noise_N.uexp" 1795
"F:/Users/mihai/Documents/GitHub/ShooterSam/ShooterSam/Content/StarterBundle/UE4_Assets/Environment_B/Textures/T_IceVeins.ubulk" 1796
"F:/Users/mihai/Documents/GitHub/ShooterSam/ShooterSam/Content/StarterBundle/UE4_Assets/Environment_B/Textures/T_IceVeins.uasset" 1797
"F:/Users/mihai/Documents/GitHub/ShooterSam/ShooterSam/Content/StarterBundle/UE4_Assets/Environment_B/Textures/T_IceVeins.uexp" 1798
"F:/Users/mihai/Documents/GitHub/ShooterSam/ShooterSam/Content/StarterBundle/UE4_Assets/Environment_B/Textures/T_Gradient.ubulk" 1799
"F:/Users/mihai/Documents/GitHub/ShooterSam/ShooterSam/Content/StarterBundle/UE4_Assets/Environment_B/Textures/T_Gradient.uasset" 1800
"F:/Users/mihai/Documents/GitHub/ShooterSam/ShooterSam/Content/StarterBundle/UE4_Assets/Environment_B/Textures/T_Gradient.uexp" 1801
"F:/Users/mihai/Documents/GitHub/ShooterSam/ShooterSam/Content/StarterBundle/UE4_Assets/Environment_B/Textures/T_Glacier_CliffSide_N.ubulk" 1802
"F:/Users/mihai/Documents/GitHub/ShooterSam/ShooterSam/Content/StarterBundle/UE4_Assets/Environment_B/Textures/T_Glacier_CliffSide_N.uasset" 1803
"F:/Users/mihai/Documents/GitHub/ShooterSam/ShooterSam/Content/StarterBundle/UE4_Assets/Environment_B/Textures/T_Glacier_CliffSide_N.uexp" 1804
"F:/Users/mihai/Documents/GitHub/ShooterSam/ShooterSam/Content/StarterBundle/UE4_Assets/Environment_B/Textures/T_Aurora01_Noise.ubulk" 1805
"F:/Users/mihai/Documents/GitHub/ShooterSam/ShooterSam/Content/StarterBundle/UE4_Assets/Environment_B/Textures/T_Aurora01_Noise.uasset" 1806
"F:/Users/mihai/Documents/GitHub/ShooterSam/ShooterSam/Content/StarterBundle/UE4_Assets/Environment_B/Textures/T_Aurora01_Noise.uexp" 1807
"F:/Users/mihai/Documents/GitHub/ShooterSam/ShooterSam/Content/StarterBundle/UE4_Assets/Environment_B/Materials/M_IceChunks_01.uasset" 1808
"F:/Users/mihai/Documents/GitHub/ShooterSam/ShooterSam/Content/StarterBundle/UE4_Assets/Environment_B/Materials/M_IceChunks_01.uexp" 1809
"F:/Users/mihai/Documents/GitHub/ShooterSam/ShooterSam/Content/StarterBundle/UE4_Assets/Environment_B/Meshes/SM_IceChunks_02.ubulk" 1810
"F:/Users/mihai/Documents/GitHub/ShooterSam/ShooterSam/Content/StarterBundle/UE4_Assets/Environment_B/Meshes/SM_IceChunks_02.uasset" 1811
"F:/Users/mihai/Documents/GitHub/ShooterSam/ShooterSam/Content/StarterBundle/UE4_Assets/Environment_B/Meshes/SM_IceChunks_02.uexp" 1812
"F:/Users/mihai/Documents/GitHub/ShooterSam/ShooterSam/Content/StarterBundle/UE4_Assets/Environment_B/Meshes/SM_IceChunks_01.ubulk" 1813
"F:/Users/mihai/Documents/GitHub/ShooterSam/ShooterSam/Content/StarterBundle/UE4_Assets/Environment_B/Meshes/SM_IceChunks_01.uasset" 1814
"F:/Users/mihai/Documents/GitHub/ShooterSam/ShooterSam/Content/StarterBundle/UE4_Assets/Environment_B/Meshes/SM_IceChunks_01.uexp" 1815
"../../../Engine/Content/Functions/Engine_MaterialFunctions02/Math/CreateThirdOrthogonalVector.uasset" 1816
"../../../Engine/Content/Functions/Engine_MaterialFunctions02/Math/CreateThirdOrthogonalVector.uexp" 1817
"../../../Engine/Content/Functions/Engine_MaterialFunctions01/Shading/FuzzyShading.uasset" 1818
"../../../Engine/Content/Functions/Engine_MaterialFunctions01/Shading/FuzzyShading.uexp" 1819
"../../../Engine/Content/Functions/Engine_MaterialFunctions02/WorldAlignedNormals_HighQuality.uasset" 1820
"../../../Engine/Content/Functions/Engine_MaterialFunctions02/WorldAlignedNormals_HighQuality.uexp" 1821
"../../../Engine/Content/EngineMaterials/DefaultNormal_Uncompressed.ubulk" 1822
"../../../Engine/Content/EngineMaterials/DefaultNormal_Uncompressed.uasset" 1823
"../../../Engine/Content/EngineMaterials/DefaultNormal_Uncompressed.uexp" 1824
"../../../Engine/Content/Functions/Engine_MaterialFunctions01/Texturing/WorldAlignedNormal.uasset" 1825
"../../../Engine/Content/Functions/Engine_MaterialFunctions01/Texturing/WorldAlignedNormal.uexp" 1826
"F:/Users/mihai/Documents/GitHub/ShooterSam/ShooterSam/Content/StarterBundle/UE4_Assets/Environment_B/Textures/T_TilingNoise03.ubulk" 1827
"F:/Users/mihai/Documents/GitHub/ShooterSam/ShooterSam/Content/StarterBundle/UE4_Assets/Environment_B/Textures/T_TilingNoise03.uasset" 1828
"F:/Users/mihai/Documents/GitHub/ShooterSam/ShooterSam/Content/StarterBundle/UE4_Assets/Environment_B/Textures/T_TilingNoise03.uexp" 1829
"F:/Users/mihai/Documents/GitHub/ShooterSam/ShooterSam/Content/StarterBundle/UE4_Assets/Environment_B/Textures/T_IceTiling01_D.ubulk" 1830
"F:/Users/mihai/Documents/GitHub/ShooterSam/ShooterSam/Content/StarterBundle/UE4_Assets/Environment_B/Textures/T_IceTiling01_D.uasset" 1831
"F:/Users/mihai/Documents/GitHub/ShooterSam/ShooterSam/Content/StarterBundle/UE4_Assets/Environment_B/Textures/T_IceTiling01_D.uexp" 1832
"F:/Users/mihai/Documents/GitHub/ShooterSam/ShooterSam/Content/StarterBundle/UE4_Assets/Environment_B/Textures/T_Glacier_Cap_N.ubulk" 1833
"F:/Users/mihai/Documents/GitHub/ShooterSam/ShooterSam/Content/StarterBundle/UE4_Assets/Environment_B/Textures/T_Glacier_Cap_N.uasset" 1834
"F:/Users/mihai/Documents/GitHub/ShooterSam/ShooterSam/Content/StarterBundle/UE4_Assets/Environment_B/Textures/T_Glacier_Cap_N.uexp" 1835
"F:/Users/mihai/Documents/GitHub/ShooterSam/ShooterSam/Content/StarterBundle/UE4_Assets/Environment_B/Materials/M_SnowMaterial.uasset" 1836
"F:/Users/mihai/Documents/GitHub/ShooterSam/ShooterSam/Content/StarterBundle/UE4_Assets/Environment_B/Materials/M_SnowMaterial.uexp" 1837
"F:/Users/mihai/Documents/GitHub/ShooterSam/ShooterSam/Content/StarterBundle/UE4_Assets/Environment_B/Materials/M_BigSnow.uasset" 1838
"F:/Users/mihai/Documents/GitHub/ShooterSam/ShooterSam/Content/StarterBundle/UE4_Assets/Environment_B/Materials/M_BigSnow.uexp" 1839
"F:/Users/mihai/Documents/GitHub/ShooterSam/ShooterSam/Content/StarterBundle/UE4_Assets/Environment_B/Meshes/SM_Cliff_01.ubulk" 1840
"F:/Users/mihai/Documents/GitHub/ShooterSam/ShooterSam/Content/StarterBundle/UE4_Assets/Environment_B/Meshes/SM_Cliff_01.uasset" 1841
"F:/Users/mihai/Documents/GitHub/ShooterSam/ShooterSam/Content/StarterBundle/UE4_Assets/Environment_B/Meshes/SM_Cliff_01.uexp" 1842
"F:/Users/mihai/Documents/GitHub/ShooterSam/ShooterSam/Content/StarterBundle/UE4_Assets/Environment_B/Textures/T_Cave_Ice_Tiling_D.ubulk" 1843
"F:/Users/mihai/Documents/GitHub/ShooterSam/ShooterSam/Content/StarterBundle/UE4_Assets/Environment_B/Textures/T_Cave_Ice_Tiling_D.uasset" 1844
"F:/Users/mihai/Documents/GitHub/ShooterSam/ShooterSam/Content/StarterBundle/UE4_Assets/Environment_B/Textures/T_Cave_Ice_Tiling_D.uexp" 1845
"F:/Users/mihai/Documents/GitHub/ShooterSam/ShooterSam/Content/StarterBundle/UE4_Assets/Environment_B/Materials/MaterialFunctions/MF_Cave_Snow.uasset" 1846
"F:/Users/mihai/Documents/GitHub/ShooterSam/ShooterSam/Content/StarterBundle/UE4_Assets/Environment_B/Materials/MaterialFunctions/MF_Cave_Snow.uexp" 1847
"F:/Users/mihai/Documents/GitHub/ShooterSam/ShooterSam/Content/StarterBundle/UE4_Assets/Environment_B/Materials/M_Cave_SimpleSnow.uasset" 1848
"F:/Users/mihai/Documents/GitHub/ShooterSam/ShooterSam/Content/StarterBundle/UE4_Assets/Environment_B/Materials/M_Cave_SimpleSnow.uexp" 1849
"F:/Users/mihai/Documents/GitHub/ShooterSam/ShooterSam/Content/StarterBundle/UE4_Assets/Environment_B/Textures/T_SnowMound_01_N.ubulk" 1850
"F:/Users/mihai/Documents/GitHub/ShooterSam/ShooterSam/Content/StarterBundle/UE4_Assets/Environment_B/Textures/T_SnowMound_01_N.uasset" 1851
"F:/Users/mihai/Documents/GitHub/ShooterSam/ShooterSam/Content/StarterBundle/UE4_Assets/Environment_B/Textures/T_SnowMound_01_N.uexp" 1852
"F:/Users/mihai/Documents/GitHub/ShooterSam/ShooterSam/Content/StarterBundle/UE4_Assets/Environment_B/Textures/T_LS_Snow_01_D_Disp.ubulk" 1853
"F:/Users/mihai/Documents/GitHub/ShooterSam/ShooterSam/Content/StarterBundle/UE4_Assets/Environment_B/Textures/T_LS_Snow_01_D_Disp.uasset" 1854
"F:/Users/mihai/Documents/GitHub/ShooterSam/ShooterSam/Content/StarterBundle/UE4_Assets/Environment_B/Textures/T_LS_Snow_01_D_Disp.uexp" 1855
"F:/Users/mihai/Documents/GitHub/ShooterSam/ShooterSam/Content/StarterBundle/UE4_Assets/Environment_B/Textures/T_Kaly_Flowy.ubulk" 1856
"F:/Users/mihai/Documents/GitHub/ShooterSam/ShooterSam/Content/StarterBundle/UE4_Assets/Environment_B/Textures/T_Kaly_Flowy.uasset" 1857
"F:/Users/mihai/Documents/GitHub/ShooterSam/ShooterSam/Content/StarterBundle/UE4_Assets/Environment_B/Textures/T_Kaly_Flowy.uexp" 1858
"F:/Users/mihai/Documents/GitHub/ShooterSam/ShooterSam/Content/StarterBundle/UE4_Assets/Environment_B/Textures/T_Cave_Snow_D.ubulk" 1859
"F:/Users/mihai/Documents/GitHub/ShooterSam/ShooterSam/Content/StarterBundle/UE4_Assets/Environment_B/Textures/T_Cave_Snow_D.uasset" 1860
"F:/Users/mihai/Documents/GitHub/ShooterSam/ShooterSam/Content/StarterBundle/UE4_Assets/Environment_B/Textures/T_Cave_Snow_D.uexp" 1861
"F:/Users/mihai/Documents/GitHub/ShooterSam/ShooterSam/Content/StarterBundle/UE4_Assets/Environment_B/Textures/T_Cave_MountainRock_D.ubulk" 1862
"F:/Users/mihai/Documents/GitHub/ShooterSam/ShooterSam/Content/StarterBundle/UE4_Assets/Environment_B/Textures/T_Cave_MountainRock_D.uasset" 1863
"F:/Users/mihai/Documents/GitHub/ShooterSam/ShooterSam/Content/StarterBundle/UE4_Assets/Environment_B/Textures/T_Cave_MountainRock_D.uexp" 1864
"F:/Users/mihai/Documents/GitHub/ShooterSam/ShooterSam/Content/StarterBundle/UE4_Assets/Environment_B/Textures/T_CaveRock_Detail_N.ubulk" 1865
"F:/Users/mihai/Documents/GitHub/ShooterSam/ShooterSam/Content/StarterBundle/UE4_Assets/Environment_B/Textures/T_CaveRock_Detail_N.uasset" 1866
"F:/Users/mihai/Documents/GitHub/ShooterSam/ShooterSam/Content/StarterBundle/UE4_Assets/Environment_B/Textures/T_CaveRock_Detail_N.uexp" 1867
"F:/Users/mihai/Documents/GitHub/ShooterSam/ShooterSam/Content/StarterBundle/UE4_Assets/Environment_B/Textures/T_CaveRock_Detail_N_2.ubulk" 1868
"F:/Users/mihai/Documents/GitHub/ShooterSam/ShooterSam/Content/StarterBundle/UE4_Assets/Environment_B/Textures/T_CaveRock_Detail_N_2.uasset" 1869
"F:/Users/mihai/Documents/GitHub/ShooterSam/ShooterSam/Content/StarterBundle/UE4_Assets/Environment_B/Textures/T_CaveRock_Detail_N_2.uexp" 1870
"F:/Users/mihai/Documents/GitHub/ShooterSam/ShooterSam/Content/StarterBundle/UE4_Assets/Environment_B/Textures/T_Cave_Ice_Noise_D.ubulk" 1871
"F:/Users/mihai/Documents/GitHub/ShooterSam/ShooterSam/Content/StarterBundle/UE4_Assets/Environment_B/Textures/T_Cave_Ice_Noise_D.uasset" 1872
"F:/Users/mihai/Documents/GitHub/ShooterSam/ShooterSam/Content/StarterBundle/UE4_Assets/Environment_B/Textures/T_Cave_Ice_Noise_D.uexp" 1873
"F:/Users/mihai/Documents/GitHub/ShooterSam/ShooterSam/Content/StarterBundle/UE4_Assets/Environment_B/Materials/MaterialFunctions/MF_Cave_Landscape.uasset" 1874
"F:/Users/mihai/Documents/GitHub/ShooterSam/ShooterSam/Content/StarterBundle/UE4_Assets/Environment_B/Materials/MaterialFunctions/MF_Cave_Landscape.uexp" 1875
"F:/Users/mihai/Documents/GitHub/ShooterSam/ShooterSam/Content/StarterBundle/UE4_Assets/Environment_B/Materials/MaterialFunctions/MF_FuzzyShading.uasset" 1876
"F:/Users/mihai/Documents/GitHub/ShooterSam/ShooterSam/Content/StarterBundle/UE4_Assets/Environment_B/Materials/MaterialFunctions/MF_FuzzyShading.uexp" 1877
"F:/Users/mihai/Documents/GitHub/ShooterSam/ShooterSam/Content/StarterBundle/UE4_Assets/Environment_B/Materials/M_Cave_Landscape_Master.uasset" 1878
"F:/Users/mihai/Documents/GitHub/ShooterSam/ShooterSam/Content/StarterBundle/UE4_Assets/Environment_B/Materials/M_Cave_Landscape_Master.uexp" 1879
"F:/Users/mihai/Documents/GitHub/ShooterSam/ShooterSam/Content/StarterBundle/UE4_Assets/Environment_A/Textures/T_Cave_Snow_D.ubulk" 1880
"F:/Users/mihai/Documents/GitHub/ShooterSam/ShooterSam/Content/StarterBundle/UE4_Assets/Environment_A/Textures/T_Cave_Snow_D.uasset" 1881
"F:/Users/mihai/Documents/GitHub/ShooterSam/ShooterSam/Content/StarterBundle/UE4_Assets/Environment_A/Textures/T_Cave_Snow_D.uexp" 1882
"F:/Users/mihai/Documents/GitHub/ShooterSam/ShooterSam/Content/StarterBundle/UE4_Assets/Environment_A/Textures/T_Cave_SnowMountain_M.ubulk" 1883
"F:/Users/mihai/Documents/GitHub/ShooterSam/ShooterSam/Content/StarterBundle/UE4_Assets/Environment_A/Textures/T_Cave_SnowMountain_M.uasset" 1884
"F:/Users/mihai/Documents/GitHub/ShooterSam/ShooterSam/Content/StarterBundle/UE4_Assets/Environment_A/Textures/T_Cave_SnowMountain_M.uexp" 1885
"F:/Users/mihai/Documents/GitHub/ShooterSam/ShooterSam/Content/StarterBundle/UE4_Assets/Environment_A/Textures/T_Cave_SnowMound_N.ubulk" 1886
"F:/Users/mihai/Documents/GitHub/ShooterSam/ShooterSam/Content/StarterBundle/UE4_Assets/Environment_A/Textures/T_Cave_SnowMound_N.uasset" 1887
"F:/Users/mihai/Documents/GitHub/ShooterSam/ShooterSam/Content/StarterBundle/UE4_Assets/Environment_A/Textures/T_Cave_SnowMound_N.uexp" 1888
"F:/Users/mihai/Documents/GitHub/ShooterSam/ShooterSam/Content/StarterBundle/UE4_Assets/Environment_A/Textures/T_Cave_MountainRock_D.ubulk" 1889
"F:/Users/mihai/Documents/GitHub/ShooterSam/ShooterSam/Content/StarterBundle/UE4_Assets/Environment_A/Textures/T_Cave_MountainRock_D.uasset" 1890
"F:/Users/mihai/Documents/GitHub/ShooterSam/ShooterSam/Content/StarterBundle/UE4_Assets/Environment_A/Textures/T_Cave_MountainRock_D.uexp" 1891
"F:/Users/mihai/Documents/GitHub/ShooterSam/ShooterSam/Content/StarterBundle/UE4_Assets/Environment_A/Textures/T_CaveRock_Detail_N.ubulk" 1892
"F:/Users/mihai/Documents/GitHub/ShooterSam/ShooterSam/Content/StarterBundle/UE4_Assets/Environment_A/Textures/T_CaveRock_Detail_N.uasset" 1893
"F:/Users/mihai/Documents/GitHub/ShooterSam/ShooterSam/Content/StarterBundle/UE4_Assets/Environment_A/Textures/T_CaveRock_Detail_N.uexp" 1894
"F:/Users/mihai/Documents/GitHub/ShooterSam/ShooterSam/Content/StarterBundle/UE4_Assets/Environment_A/Textures/T_CaveRock_Detail_N_2.ubulk" 1895
"F:/Users/mihai/Documents/GitHub/ShooterSam/ShooterSam/Content/StarterBundle/UE4_Assets/Environment_A/Textures/T_CaveRock_Detail_N_2.uasset" 1896
"F:/Users/mihai/Documents/GitHub/ShooterSam/ShooterSam/Content/StarterBundle/UE4_Assets/Environment_A/Textures/T_CaveRock_Detail_N_2.uexp" 1897
"F:/Users/mihai/Documents/GitHub/ShooterSam/ShooterSam/Content/StarterBundle/UE4_Assets/Environment_A/Materials/MaterialFunctions/MF_FuzzyShading.uasset" 1898
"F:/Users/mihai/Documents/GitHub/ShooterSam/ShooterSam/Content/StarterBundle/UE4_Assets/Environment_A/Materials/MaterialFunctions/MF_FuzzyShading.uexp" 1899
"F:/Users/mihai/Documents/GitHub/ShooterSam/ShooterSam/Content/StarterBundle/UE4_Assets/Environment_A/Textures/T_Cave_Ice_Noise_D.ubulk" 1900
"F:/Users/mihai/Documents/GitHub/ShooterSam/ShooterSam/Content/StarterBundle/UE4_Assets/Environment_A/Textures/T_Cave_Ice_Noise_D.uasset" 1901
"F:/Users/mihai/Documents/GitHub/ShooterSam/ShooterSam/Content/StarterBundle/UE4_Assets/Environment_A/Textures/T_Cave_Ice_Noise_D.uexp" 1902
"F:/Users/mihai/Documents/GitHub/ShooterSam/ShooterSam/Content/StarterBundle/UE4_Assets/Environment_A/Materials/MaterialFunctions/MF_Cave_Landscape.uasset" 1903
"F:/Users/mihai/Documents/GitHub/ShooterSam/ShooterSam/Content/StarterBundle/UE4_Assets/Environment_A/Materials/MaterialFunctions/MF_Cave_Landscape.uexp" 1904
"F:/Users/mihai/Documents/GitHub/ShooterSam/ShooterSam/Content/StarterBundle/UE4_Assets/Environment_A/Materials/M_Cave_Landscape_Master.uasset" 1905
"F:/Users/mihai/Documents/GitHub/ShooterSam/ShooterSam/Content/StarterBundle/UE4_Assets/Environment_A/Materials/M_Cave_Landscape_Master.uexp" 1906
"F:/Users/mihai/Documents/GitHub/ShooterSam/ShooterSam/Content/StarterBundle/UE4_Assets/Environment_A/Meshes/SM_GDC_Landscape_Peakmesh_01.ubulk" 1907
"F:/Users/mihai/Documents/GitHub/ShooterSam/ShooterSam/Content/StarterBundle/UE4_Assets/Environment_A/Meshes/SM_GDC_Landscape_Peakmesh_01.uasset" 1908
"F:/Users/mihai/Documents/GitHub/ShooterSam/ShooterSam/Content/StarterBundle/UE4_Assets/Environment_A/Meshes/SM_GDC_Landscape_Peakmesh_01.uexp" 1909
"F:/Users/mihai/Documents/GitHub/ShooterSam/ShooterSam/Content/StarterBundle/NatureMaterials_Ice/Textures/T_SnowMound_01_N.ubulk" 1910
"F:/Users/mihai/Documents/GitHub/ShooterSam/ShooterSam/Content/StarterBundle/NatureMaterials_Ice/Textures/T_SnowMound_01_N.uasset" 1911
"F:/Users/mihai/Documents/GitHub/ShooterSam/ShooterSam/Content/StarterBundle/NatureMaterials_Ice/Textures/T_SnowMound_01_N.uexp" 1912
"F:/Users/mihai/Documents/GitHub/ShooterSam/ShooterSam/Content/StarterBundle/NatureMaterials_Ice/Textures/T_Ice_Crystal_D_02.ubulk" 1913
"F:/Users/mihai/Documents/GitHub/ShooterSam/ShooterSam/Content/StarterBundle/NatureMaterials_Ice/Textures/T_Ice_Crystal_D_02.uasset" 1914
"F:/Users/mihai/Documents/GitHub/ShooterSam/ShooterSam/Content/StarterBundle/NatureMaterials_Ice/Textures/T_Ice_Crystal_D_02.uexp" 1915
"F:/Users/mihai/Documents/GitHub/ShooterSam/ShooterSam/Content/StarterBundle/NatureMaterials_Ice/Textures/T_Ice_B_Norm.ubulk" 1916
"F:/Users/mihai/Documents/GitHub/ShooterSam/ShooterSam/Content/StarterBundle/NatureMaterials_Ice/Textures/T_Ice_B_Norm.uasset" 1917
"F:/Users/mihai/Documents/GitHub/ShooterSam/ShooterSam/Content/StarterBundle/NatureMaterials_Ice/Textures/T_Ice_B_Norm.uexp" 1918
"F:/Users/mihai/Documents/GitHub/ShooterSam/ShooterSam/Content/StarterBundle/NatureMaterials_Ice/Textures/T_Ice_A_Sub.ubulk" 1919
"F:/Users/mihai/Documents/GitHub/ShooterSam/ShooterSam/Content/StarterBundle/NatureMaterials_Ice/Textures/T_Ice_A_Sub.uasset" 1920
"F:/Users/mihai/Documents/GitHub/ShooterSam/ShooterSam/Content/StarterBundle/NatureMaterials_Ice/Textures/T_Ice_A_Sub.uexp" 1921
"F:/Users/mihai/Documents/GitHub/ShooterSam/ShooterSam/Content/StarterBundle/NatureMaterials_Ice/Textures/T_Ice_A_Clouds.ubulk" 1922
"F:/Users/mihai/Documents/GitHub/ShooterSam/ShooterSam/Content/StarterBundle/NatureMaterials_Ice/Textures/T_Ice_A_Clouds.uasset" 1923
"F:/Users/mihai/Documents/GitHub/ShooterSam/ShooterSam/Content/StarterBundle/NatureMaterials_Ice/Textures/T_Ice_A_Clouds.uexp" 1924
"F:/Users/mihai/Documents/GitHub/ShooterSam/ShooterSam/Content/StarterBundle/NatureMaterials_Ice/Textures/T_Ice_A.ubulk" 1925
"F:/Users/mihai/Documents/GitHub/ShooterSam/ShooterSam/Content/StarterBundle/NatureMaterials_Ice/Textures/T_Ice_A.uasset" 1926
"F:/Users/mihai/Documents/GitHub/ShooterSam/ShooterSam/Content/StarterBundle/NatureMaterials_Ice/Textures/T_Ice_A.uexp" 1927
"F:/Users/mihai/Documents/GitHub/ShooterSam/ShooterSam/Content/StarterBundle/NatureMaterials_Ice/Materials/M_IceBase.uasset" 1928
"F:/Users/mihai/Documents/GitHub/ShooterSam/ShooterSam/Content/StarterBundle/NatureMaterials_Ice/Materials/M_IceBase.uexp" 1929
"F:/Users/mihai/Documents/GitHub/ShooterSam/ShooterSam/Content/StarterBundle/NatureMaterials_Ice/Materials/MI_Ice_A-2.uasset" 1930
"F:/Users/mihai/Documents/GitHub/ShooterSam/ShooterSam/Content/StarterBundle/NatureMaterials_Ice/Materials/MI_Ice_A-2.uexp" 1931
"F:/Users/mihai/Documents/GitHub/ShooterSam/ShooterSam/Content/StarterBundle/UE4_Assets/Environment_A/Meshes/SM_Cave_Rock_Med_01a.ubulk" 1932
"F:/Users/mihai/Documents/GitHub/ShooterSam/ShooterSam/Content/StarterBundle/UE4_Assets/Environment_A/Meshes/SM_Cave_Rock_Med_01a.uasset" 1933
"F:/Users/mihai/Documents/GitHub/ShooterSam/ShooterSam/Content/StarterBundle/UE4_Assets/Environment_A/Meshes/SM_Cave_Rock_Med_01a.uexp" 1934
"F:/Users/mihai/Documents/GitHub/ShooterSam/ShooterSam/Content/StarterBundle/UE4_Assets/Environment_A/Meshes/SM_Cave_Rock_Large_01a.ubulk" 1935
"F:/Users/mihai/Documents/GitHub/ShooterSam/ShooterSam/Content/StarterBundle/UE4_Assets/Environment_A/Meshes/SM_Cave_Rock_Large_01a.uasset" 1936
"F:/Users/mihai/Documents/GitHub/ShooterSam/ShooterSam/Content/StarterBundle/UE4_Assets/Environment_A/Meshes/SM_Cave_Rock_Large_01a.uexp" 1937
"F:/Users/mihai/Documents/GitHub/ShooterSam/ShooterSam/Content/StarterBundle/UE4_Assets/Effects/VectorFields/VF_Blizzard_80.uasset" 1938
"F:/Users/mihai/Documents/GitHub/ShooterSam/ShooterSam/Content/StarterBundle/UE4_Assets/Effects/VectorFields/VF_Blizzard_80.uexp" 1939
"F:/Users/mihai/Documents/GitHub/ShooterSam/ShooterSam/Content/StarterBundle/UE4_Assets/Effects/Textures/Smoke/T_TilingClouds_01.ubulk" 1940
"F:/Users/mihai/Documents/GitHub/ShooterSam/ShooterSam/Content/StarterBundle/UE4_Assets/Effects/Textures/Smoke/T_TilingClouds_01.uasset" 1941
"F:/Users/mihai/Documents/GitHub/ShooterSam/ShooterSam/Content/StarterBundle/UE4_Assets/Effects/Textures/Smoke/T_TilingClouds_01.uexp" 1942
"F:/Users/mihai/Documents/GitHub/ShooterSam/ShooterSam/Content/StarterBundle/UE4_Assets/Effects/Textures/Smoke/T_SmokeSubUV_8X8_02.ubulk" 1943
"F:/Users/mihai/Documents/GitHub/ShooterSam/ShooterSam/Content/StarterBundle/UE4_Assets/Effects/Textures/Smoke/T_SmokeSubUV_8X8_02.uasset" 1944
"F:/Users/mihai/Documents/GitHub/ShooterSam/ShooterSam/Content/StarterBundle/UE4_Assets/Effects/Textures/Smoke/T_SmokeSubUV_8X8_02.uexp" 1945
"F:/Users/mihai/Documents/GitHub/ShooterSam/ShooterSam/Content/StarterBundle/UE4_Assets/Effects/Textures/Noise/T_TilingNoise03.ubulk" 1946
"F:/Users/mihai/Documents/GitHub/ShooterSam/ShooterSam/Content/StarterBundle/UE4_Assets/Effects/Textures/Noise/T_TilingNoise03.uasset" 1947
"F:/Users/mihai/Documents/GitHub/ShooterSam/ShooterSam/Content/StarterBundle/UE4_Assets/Effects/Textures/Noise/T_TilingNoise03.uexp" 1948
"F:/Users/mihai/Documents/GitHub/ShooterSam/ShooterSam/Content/StarterBundle/UE4_Assets/Effects/Materials/Snow/M_Snow_Blowing_unLit.uasset" 1949
"F:/Users/mihai/Documents/GitHub/ShooterSam/ShooterSam/Content/StarterBundle/UE4_Assets/Effects/Materials/Snow/M_Snow_Blowing_unLit.uexp" 1950
"F:/Users/mihai/Documents/GitHub/ShooterSam/ShooterSam/Content/StarterBundle/UE4_Assets/Effects/Materials/Snow/M_Snow_Blowing_Lit.uasset" 1951
"F:/Users/mihai/Documents/GitHub/ShooterSam/ShooterSam/Content/StarterBundle/UE4_Assets/Effects/Materials/Snow/M_Snow_Blowing_Lit.uexp" 1952
"F:/Users/mihai/Documents/GitHub/ShooterSam/ShooterSam/Content/StarterBundle/UE4_Assets/Effects/Textures/Snow/T_Snow01_Packed.ubulk" 1953
"F:/Users/mihai/Documents/GitHub/ShooterSam/ShooterSam/Content/StarterBundle/UE4_Assets/Effects/Textures/Snow/T_Snow01_Packed.uasset" 1954
"F:/Users/mihai/Documents/GitHub/ShooterSam/ShooterSam/Content/StarterBundle/UE4_Assets/Effects/Textures/Snow/T_Snow01_Packed.uexp" 1955
"F:/Users/mihai/Documents/GitHub/ShooterSam/ShooterSam/Content/StarterBundle/UE4_Assets/Effects/Textures/Noise/T_TilingNoise12.ubulk" 1956
"F:/Users/mihai/Documents/GitHub/ShooterSam/ShooterSam/Content/StarterBundle/UE4_Assets/Effects/Textures/Noise/T_TilingNoise12.uasset" 1957
"F:/Users/mihai/Documents/GitHub/ShooterSam/ShooterSam/Content/StarterBundle/UE4_Assets/Effects/Textures/Noise/T_TilingNoise12.uexp" 1958
"F:/Users/mihai/Documents/GitHub/ShooterSam/ShooterSam/Content/StarterBundle/UE4_Assets/Effects/Materials/Snow/M_SnowFlake_VelocityLerp.uasset" 1959
"F:/Users/mihai/Documents/GitHub/ShooterSam/ShooterSam/Content/StarterBundle/UE4_Assets/Effects/Materials/Snow/M_SnowFlake_VelocityLerp.uexp" 1960
"F:/Users/mihai/Documents/GitHub/ShooterSam/ShooterSam/Content/StarterBundle/UE4_Assets/Effects/Materials/Snow/M_SnowFlake_VelocityLerp_AA.uasset" 1961
"F:/Users/mihai/Documents/GitHub/ShooterSam/ShooterSam/Content/StarterBundle/UE4_Assets/Effects/Materials/Snow/M_SnowFlake_VelocityLerp_AA.uexp" 1962
"F:/Users/mihai/Documents/GitHub/ShooterSam/ShooterSam/Content/StarterBundle/UE4_Assets/Effects/Particles/PS_Blizzard_Hint.uasset" 1963
"F:/Users/mihai/Documents/GitHub/ShooterSam/ShooterSam/Content/StarterBundle/UE4_Assets/Effects/Particles/PS_Blizzard_Hint.uexp" 1964
"F:/Users/mihai/Documents/GitHub/ShooterSam/ShooterSam/Content/StarterBundle/NatureMaterials_Ice/Meshes/SM_IcePlane.ubulk" 1965
"F:/Users/mihai/Documents/GitHub/ShooterSam/ShooterSam/Content/StarterBundle/NatureMaterials_Ice/Meshes/SM_IcePlane.uasset" 1966
"F:/Users/mihai/Documents/GitHub/ShooterSam/ShooterSam/Content/StarterBundle/NatureMaterials_Ice/Meshes/SM_IcePlane.uexp" 1967
"F:/Users/mihai/Documents/GitHub/ShooterSam/ShooterSam/Content/StarterBundle/ModularSci_Int/Textures/T_Pipes_A_N_normals.ubulk" 1968
"F:/Users/mihai/Documents/GitHub/ShooterSam/ShooterSam/Content/StarterBundle/ModularSci_Int/Textures/T_Pipes_A_N_normals.uasset" 1969
"F:/Users/mihai/Documents/GitHub/ShooterSam/ShooterSam/Content/StarterBundle/ModularSci_Int/Textures/T_Pipes_A_N_normals.uexp" 1970
"F:/Users/mihai/Documents/GitHub/ShooterSam/ShooterSam/Content/StarterBundle/ModularSci_Int/Textures/T_Pipes_A_M.ubulk" 1971
"F:/Users/mihai/Documents/GitHub/ShooterSam/ShooterSam/Content/StarterBundle/ModularSci_Int/Textures/T_Pipes_A_M.uasset" 1972
"F:/Users/mihai/Documents/GitHub/ShooterSam/ShooterSam/Content/StarterBundle/ModularSci_Int/Textures/T_Pipes_A_M.uexp" 1973
"F:/Users/mihai/Documents/GitHub/ShooterSam/ShooterSam/Content/StarterBundle/ModularSci_Int/Textures/T_Pipes_A_Diff.ubulk" 1974
"F:/Users/mihai/Documents/GitHub/ShooterSam/ShooterSam/Content/StarterBundle/ModularSci_Int/Textures/T_Pipes_A_Diff.uasset" 1975
"F:/Users/mihai/Documents/GitHub/ShooterSam/ShooterSam/Content/StarterBundle/ModularSci_Int/Textures/T_Pipes_A_Diff.uexp" 1976
"F:/Users/mihai/Documents/GitHub/ShooterSam/ShooterSam/Content/StarterBundle/ModularSci_Int/Textures/T_Metal_Scratches_M.uasset" 1977
"F:/Users/mihai/Documents/GitHub/ShooterSam/ShooterSam/Content/StarterBundle/ModularSci_Int/Textures/T_Metal_Scratches_M.uexp" 1978
"../../../Engine/Content/EngineDebugMaterials/HeatmapGradient.ubulk" 1979
"../../../Engine/Content/EngineDebugMaterials/HeatmapGradient.uasset" 1980
"../../../Engine/Content/EngineDebugMaterials/HeatmapGradient.uexp" 1981
"../../../Engine/Content/Functions/Engine_MaterialFunctions01/ImageAdjustment/CheapContrast_RGB.uasset" 1982
"../../../Engine/Content/Functions/Engine_MaterialFunctions01/ImageAdjustment/CheapContrast_RGB.uexp" 1983
"F:/Users/mihai/Documents/GitHub/ShooterSam/ShooterSam/Content/StarterBundle/ModularSci_Int/Textures/T_Metal_Brushed_N.ubulk" 1984
"F:/Users/mihai/Documents/GitHub/ShooterSam/ShooterSam/Content/StarterBundle/ModularSci_Int/Textures/T_Metal_Brushed_N.uasset" 1985
"F:/Users/mihai/Documents/GitHub/ShooterSam/ShooterSam/Content/StarterBundle/ModularSci_Int/Textures/T_Metal_Brushed_N.uexp" 1986
"F:/Users/mihai/Documents/GitHub/ShooterSam/ShooterSam/Content/StarterBundle/ModularSci_Int/Textures/T_Hall_Door_L_N_normals.ubulk" 1987
"F:/Users/mihai/Documents/GitHub/ShooterSam/ShooterSam/Content/StarterBundle/ModularSci_Int/Textures/T_Hall_Door_L_N_normals.uasset" 1988
"F:/Users/mihai/Documents/GitHub/ShooterSam/ShooterSam/Content/StarterBundle/ModularSci_Int/Textures/T_Hall_Door_L_N_normals.uexp" 1989
"F:/Users/mihai/Documents/GitHub/ShooterSam/ShooterSam/Content/StarterBundle/ModularSci_Int/Textures/T_Hall_Door_L_M.ubulk" 1990
"F:/Users/mihai/Documents/GitHub/ShooterSam/ShooterSam/Content/StarterBundle/ModularSci_Int/Textures/T_Hall_Door_L_M.uasset" 1991
"F:/Users/mihai/Documents/GitHub/ShooterSam/ShooterSam/Content/StarterBundle/ModularSci_Int/Textures/T_Hall_Door_L_M.uexp" 1992
"F:/Users/mihai/Documents/GitHub/ShooterSam/ShooterSam/Content/StarterBundle/ModularSci_Int/Textures/T_Hall_Door_Diff.ubulk" 1993
"F:/Users/mihai/Documents/GitHub/ShooterSam/ShooterSam/Content/StarterBundle/ModularSci_Int/Textures/T_Hall_Door_Diff.uasset" 1994
"F:/Users/mihai/Documents/GitHub/ShooterSam/ShooterSam/Content/StarterBundle/ModularSci_Int/Textures/T_Hall_Door_Diff.uexp" 1995
"F:/Users/mihai/Documents/GitHub/ShooterSam/ShooterSam/Content/StarterBundle/ModularSci_Int/Textures/T_DefaultLight_S.uasset" 1996
"F:/Users/mihai/Documents/GitHub/ShooterSam/ShooterSam/Content/StarterBundle/ModularSci_Int/Textures/T_DefaultLight_S.uexp" 1997
"F:/Users/mihai/Documents/GitHub/ShooterSam/ShooterSam/Content/StarterBundle/ModularSci_Int/Materials/M_Base_2C.uasset" 1998
"F:/Users/mihai/Documents/GitHub/ShooterSam/ShooterSam/Content/StarterBundle/ModularSci_Int/Materials/M_Base_2C.uexp" 1999
"F:/Users/mihai/Documents/GitHub/ShooterSam/ShooterSam/Content/StarterBundle/ModularSci_Int/Materials/MI_Pipes_A_Dark.uasset" 2000
"F:/Users/mihai/Documents/GitHub/ShooterSam/ShooterSam/Content/StarterBundle/ModularSci_Int/Materials/MI_Pipes_A_Dark.uexp" 2001
"F:/Users/mihai/Documents/GitHub/ShooterSam/ShooterSam/Content/StarterBundle/ModularSci_Int/Textures/T_Trims_B_N_normals.ubulk" 2002
"F:/Users/mihai/Documents/GitHub/ShooterSam/ShooterSam/Content/StarterBundle/ModularSci_Int/Textures/T_Trims_B_N_normals.uasset" 2003
"F:/Users/mihai/Documents/GitHub/ShooterSam/ShooterSam/Content/StarterBundle/ModularSci_Int/Textures/T_Trims_B_N_normals.uexp" 2004
"F:/Users/mihai/Documents/GitHub/ShooterSam/ShooterSam/Content/StarterBundle/ModularSci_Int/Textures/T_Trims_B_M.ubulk" 2005
"F:/Users/mihai/Documents/GitHub/ShooterSam/ShooterSam/Content/StarterBundle/ModularSci_Int/Textures/T_Trims_B_M.uasset" 2006
"F:/Users/mihai/Documents/GitHub/ShooterSam/ShooterSam/Content/StarterBundle/ModularSci_Int/Textures/T_Trims_B_M.uexp" 2007
"F:/Users/mihai/Documents/GitHub/ShooterSam/ShooterSam/Content/StarterBundle/ModularSci_Int/Textures/T_Trims_B_Diff.ubulk" 2008
"F:/Users/mihai/Documents/GitHub/ShooterSam/ShooterSam/Content/StarterBundle/ModularSci_Int/Textures/T_Trims_B_Diff.uasset" 2009
"F:/Users/mihai/Documents/GitHub/ShooterSam/ShooterSam/Content/StarterBundle/ModularSci_Int/Textures/T_Trims_B_Diff.uexp" 2010
"F:/Users/mihai/Documents/GitHub/ShooterSam/ShooterSam/Content/StarterBundle/ModularSci_Int/Materials/MI_Trims_B.uasset" 2011
"F:/Users/mihai/Documents/GitHub/ShooterSam/ShooterSam/Content/StarterBundle/ModularSci_Int/Materials/MI_Trims_B.uexp" 2012
"F:/Users/mihai/Documents/GitHub/ShooterSam/ShooterSam/Content/StarterBundle/ModularSci_Int/Textures/T_Trims_B_M_B.ubulk" 2013
"F:/Users/mihai/Documents/GitHub/ShooterSam/ShooterSam/Content/StarterBundle/ModularSci_Int/Textures/T_Trims_B_M_B.uasset" 2014
"F:/Users/mihai/Documents/GitHub/ShooterSam/ShooterSam/Content/StarterBundle/ModularSci_Int/Textures/T_Trims_B_M_B.uexp" 2015
"F:/Users/mihai/Documents/GitHub/ShooterSam/ShooterSam/Content/StarterBundle/ModularSci_Int/Textures/T_Trims_B_Diff_B.ubulk" 2016
"F:/Users/mihai/Documents/GitHub/ShooterSam/ShooterSam/Content/StarterBundle/ModularSci_Int/Textures/T_Trims_B_Diff_B.uasset" 2017
"F:/Users/mihai/Documents/GitHub/ShooterSam/ShooterSam/Content/StarterBundle/ModularSci_Int/Textures/T_Trims_B_Diff_B.uexp" 2018
"F:/Users/mihai/Documents/GitHub/ShooterSam/ShooterSam/Content/StarterBundle/ModularSci_Int/Materials/MI_Trims_B_2.uasset" 2019
"F:/Users/mihai/Documents/GitHub/ShooterSam/ShooterSam/Content/StarterBundle/ModularSci_Int/Materials/MI_Trims_B_2.uexp" 2020
"F:/Users/mihai/Documents/GitHub/ShooterSam/ShooterSam/Content/StarterBundle/ModularSci_Int/Textures/T_Win_Post_A_N_normals.ubulk" 2021
"F:/Users/mihai/Documents/GitHub/ShooterSam/ShooterSam/Content/StarterBundle/ModularSci_Int/Textures/T_Win_Post_A_N_normals.uasset" 2022
"F:/Users/mihai/Documents/GitHub/ShooterSam/ShooterSam/Content/StarterBundle/ModularSci_Int/Textures/T_Win_Post_A_N_normals.uexp" 2023
"F:/Users/mihai/Documents/GitHub/ShooterSam/ShooterSam/Content/StarterBundle/ModularSci_Int/Textures/T_Win_Post_A_M.ubulk" 2024
"F:/Users/mihai/Documents/GitHub/ShooterSam/ShooterSam/Content/StarterBundle/ModularSci_Int/Textures/T_Win_Post_A_M.uasset" 2025
"F:/Users/mihai/Documents/GitHub/ShooterSam/ShooterSam/Content/StarterBundle/ModularSci_Int/Textures/T_Win_Post_A_M.uexp" 2026
"F:/Users/mihai/Documents/GitHub/ShooterSam/ShooterSam/Content/StarterBundle/ModularSci_Int/Textures/T_Win_Post_A_Diff.ubulk" 2027
"F:/Users/mihai/Documents/GitHub/ShooterSam/ShooterSam/Content/StarterBundle/ModularSci_Int/Textures/T_Win_Post_A_Diff.uasset" 2028
"F:/Users/mihai/Documents/GitHub/ShooterSam/ShooterSam/Content/StarterBundle/ModularSci_Int/Textures/T_Win_Post_A_Diff.uexp" 2029
"F:/Users/mihai/Documents/GitHub/ShooterSam/ShooterSam/Content/StarterBundle/ModularSci_Int/Materials/MI_Win_Post_A.uasset" 2030
"F:/Users/mihai/Documents/GitHub/ShooterSam/ShooterSam/Content/StarterBundle/ModularSci_Int/Materials/MI_Win_Post_A.uexp" 2031
"F:/Users/mihai/Documents/GitHub/ShooterSam/ShooterSam/Content/StarterBundle/ModularSci_Int/Textures/T_Win_Post_A2_N_normals.ubulk" 2032
"F:/Users/mihai/Documents/GitHub/ShooterSam/ShooterSam/Content/StarterBundle/ModularSci_Int/Textures/T_Win_Post_A2_N_normals.uasset" 2033
"F:/Users/mihai/Documents/GitHub/ShooterSam/ShooterSam/Content/StarterBundle/ModularSci_Int/Textures/T_Win_Post_A2_N_normals.uexp" 2034
"F:/Users/mihai/Documents/GitHub/ShooterSam/ShooterSam/Content/StarterBundle/ModularSci_Int/Textures/T_Win_Post_A2_M.ubulk" 2035
"F:/Users/mihai/Documents/GitHub/ShooterSam/ShooterSam/Content/StarterBundle/ModularSci_Int/Textures/T_Win_Post_A2_M.uasset" 2036
"F:/Users/mihai/Documents/GitHub/ShooterSam/ShooterSam/Content/StarterBundle/ModularSci_Int/Textures/T_Win_Post_A2_M.uexp" 2037
"F:/Users/mihai/Documents/GitHub/ShooterSam/ShooterSam/Content/StarterBundle/ModularSci_Int/Textures/T_Win_Post_A2_Diff.ubulk" 2038
"F:/Users/mihai/Documents/GitHub/ShooterSam/ShooterSam/Content/StarterBundle/ModularSci_Int/Textures/T_Win_Post_A2_Diff.uasset" 2039
"F:/Users/mihai/Documents/GitHub/ShooterSam/ShooterSam/Content/StarterBundle/ModularSci_Int/Textures/T_Win_Post_A2_Diff.uexp" 2040
"F:/Users/mihai/Documents/GitHub/ShooterSam/ShooterSam/Content/StarterBundle/ModularSci_Int/Materials/MI_Win_Post_A2.uasset" 2041
"F:/Users/mihai/Documents/GitHub/ShooterSam/ShooterSam/Content/StarterBundle/ModularSci_Int/Materials/MI_Win_Post_A2.uexp" 2042
"F:/Users/mihai/Documents/GitHub/ShooterSam/ShooterSam/Content/StarterBundle/ModularSci_Int/Meshes/SM_Win_Post_A.ubulk" 2043
"F:/Users/mihai/Documents/GitHub/ShooterSam/ShooterSam/Content/StarterBundle/ModularSci_Int/Meshes/SM_Win_Post_A.uasset" 2044
"F:/Users/mihai/Documents/GitHub/ShooterSam/ShooterSam/Content/StarterBundle/ModularSci_Int/Meshes/SM_Win_Post_A.uexp" 2045
"F:/Users/mihai/Documents/GitHub/ShooterSam/ShooterSam/Content/StarterBundle/ModularSci_Int/Materials/MI_Pipes_A.uasset" 2046
"F:/Users/mihai/Documents/GitHub/ShooterSam/ShooterSam/Content/StarterBundle/ModularSci_Int/Materials/MI_Pipes_A.uexp" 2047
"F:/Users/mihai/Documents/GitHub/ShooterSam/ShooterSam/Content/StarterBundle/ModularSci_Int/Textures/T_Win_PanelLow_A_N_normals.ubulk" 2048
"F:/Users/mihai/Documents/GitHub/ShooterSam/ShooterSam/Content/StarterBundle/ModularSci_Int/Textures/T_Win_PanelLow_A_N_normals.uasset" 2049
"F:/Users/mihai/Documents/GitHub/ShooterSam/ShooterSam/Content/StarterBundle/ModularSci_Int/Textures/T_Win_PanelLow_A_N_normals.uexp" 2050
"F:/Users/mihai/Documents/GitHub/ShooterSam/ShooterSam/Content/StarterBundle/ModularSci_Int/Textures/T_Win_PanelLow_A_M.ubulk" 2051
"F:/Users/mihai/Documents/GitHub/ShooterSam/ShooterSam/Content/StarterBundle/ModularSci_Int/Textures/T_Win_PanelLow_A_M.uasset" 2052
"F:/Users/mihai/Documents/GitHub/ShooterSam/ShooterSam/Content/StarterBundle/ModularSci_Int/Textures/T_Win_PanelLow_A_M.uexp" 2053
"F:/Users/mihai/Documents/GitHub/ShooterSam/ShooterSam/Content/StarterBundle/ModularSci_Int/Textures/T_Win_PanelLow_A_Diff.ubulk" 2054
"F:/Users/mihai/Documents/GitHub/ShooterSam/ShooterSam/Content/StarterBundle/ModularSci_Int/Textures/T_Win_PanelLow_A_Diff.uasset" 2055
"F:/Users/mihai/Documents/GitHub/ShooterSam/ShooterSam/Content/StarterBundle/ModularSci_Int/Textures/T_Win_PanelLow_A_Diff.uexp" 2056
"F:/Users/mihai/Documents/GitHub/ShooterSam/ShooterSam/Content/StarterBundle/ModularSci_Int/Materials/MI_Win_PanelLow_A.uasset" 2057
"F:/Users/mihai/Documents/GitHub/ShooterSam/ShooterSam/Content/StarterBundle/ModularSci_Int/Materials/MI_Win_PanelLow_A.uexp" 2058
"F:/Users/mihai/Documents/GitHub/ShooterSam/ShooterSam/Content/StarterBundle/ModularSci_Int/Meshes/SM_Win_PanelLow_A.ubulk" 2059
"F:/Users/mihai/Documents/GitHub/ShooterSam/ShooterSam/Content/StarterBundle/ModularSci_Int/Meshes/SM_Win_PanelLow_A.uasset" 2060
"F:/Users/mihai/Documents/GitHub/ShooterSam/ShooterSam/Content/StarterBundle/ModularSci_Int/Meshes/SM_Win_PanelLow_A.uexp" 2061
"F:/Users/mihai/Documents/GitHub/ShooterSam/ShooterSam/Content/StarterBundle/ModularSci_Int/Meshes/SM_Win_PanelHigh_A.ubulk" 2062
"F:/Users/mihai/Documents/GitHub/ShooterSam/ShooterSam/Content/StarterBundle/ModularSci_Int/Meshes/SM_Win_PanelHigh_A.uasset" 2063
"F:/Users/mihai/Documents/GitHub/ShooterSam/ShooterSam/Content/StarterBundle/ModularSci_Int/Meshes/SM_Win_PanelHigh_A.uexp" 2064
"F:/Users/mihai/Documents/GitHub/ShooterSam/ShooterSam/Content/StarterBundle/ModularSci_Int/Materials/M_Glass.uasset" 2065
"F:/Users/mihai/Documents/GitHub/ShooterSam/ShooterSam/Content/StarterBundle/ModularSci_Int/Materials/M_Glass.uexp" 2066
"F:/Users/mihai/Documents/GitHub/ShooterSam/ShooterSam/Content/StarterBundle/ModularSci_Int/Meshes/SM_Win_Frame_A.ubulk" 2067
"F:/Users/mihai/Documents/GitHub/ShooterSam/ShooterSam/Content/StarterBundle/ModularSci_Int/Meshes/SM_Win_Frame_A.uasset" 2068
"F:/Users/mihai/Documents/GitHub/ShooterSam/ShooterSam/Content/StarterBundle/ModularSci_Int/Meshes/SM_Win_Frame_A.uexp" 2069
"F:/Users/mihai/Documents/GitHub/ShooterSam/ShooterSam/Content/StarterBundle/ModularSci_Int/Materials/MI_Pipes_A_Med.uasset" 2070
"F:/Users/mihai/Documents/GitHub/ShooterSam/ShooterSam/Content/StarterBundle/ModularSci_Int/Materials/MI_Pipes_A_Med.uexp" 2071
"F:/Users/mihai/Documents/GitHub/ShooterSam/ShooterSam/Content/StarterBundle/ModularSci_Int/Meshes/SM_Win_FramePipe_C.ubulk" 2072
"F:/Users/mihai/Documents/GitHub/ShooterSam/ShooterSam/Content/StarterBundle/ModularSci_Int/Meshes/SM_Win_FramePipe_C.uasset" 2073
"F:/Users/mihai/Documents/GitHub/ShooterSam/ShooterSam/Content/StarterBundle/ModularSci_Int/Meshes/SM_Win_FramePipe_C.uexp" 2074
"F:/Users/mihai/Documents/GitHub/ShooterSam/ShooterSam/Content/StarterBundle/ModularSci_Int/Meshes/SM_Win_FramePipe_B.ubulk" 2075
"F:/Users/mihai/Documents/GitHub/ShooterSam/ShooterSam/Content/StarterBundle/ModularSci_Int/Meshes/SM_Win_FramePipe_B.uasset" 2076
"F:/Users/mihai/Documents/GitHub/ShooterSam/ShooterSam/Content/StarterBundle/ModularSci_Int/Meshes/SM_Win_FramePipe_B.uexp" 2077
"F:/Users/mihai/Documents/GitHub/ShooterSam/ShooterSam/Content/StarterBundle/ModularSci_Int/Meshes/SM_Win_FramePipe_A.ubulk" 2078
"F:/Users/mihai/Documents/GitHub/ShooterSam/ShooterSam/Content/StarterBundle/ModularSci_Int/Meshes/SM_Win_FramePipe_A.uasset" 2079
"F:/Users/mihai/Documents/GitHub/ShooterSam/ShooterSam/Content/StarterBundle/ModularSci_Int/Meshes/SM_Win_FramePipe_A.uexp" 2080
"F:/Users/mihai/Documents/GitHub/ShooterSam/ShooterSam/Content/StarterBundle/ModularSci_Int/Textures/T_Win_Floor_B_N_normals.ubulk" 2081
"F:/Users/mihai/Documents/GitHub/ShooterSam/ShooterSam/Content/StarterBundle/ModularSci_Int/Textures/T_Win_Floor_B_N_normals.uasset" 2082
"F:/Users/mihai/Documents/GitHub/ShooterSam/ShooterSam/Content/StarterBundle/ModularSci_Int/Textures/T_Win_Floor_B_N_normals.uexp" 2083
"F:/Users/mihai/Documents/GitHub/ShooterSam/ShooterSam/Content/StarterBundle/ModularSci_Int/Textures/T_Win_Floor_B_M.ubulk" 2084
"F:/Users/mihai/Documents/GitHub/ShooterSam/ShooterSam/Content/StarterBundle/ModularSci_Int/Textures/T_Win_Floor_B_M.uasset" 2085
"F:/Users/mihai/Documents/GitHub/ShooterSam/ShooterSam/Content/StarterBundle/ModularSci_Int/Textures/T_Win_Floor_B_M.uexp" 2086
"F:/Users/mihai/Documents/GitHub/ShooterSam/ShooterSam/Content/StarterBundle/ModularSci_Int/Textures/T_Win_Floor_B_Diff.ubulk" 2087
"F:/Users/mihai/Documents/GitHub/ShooterSam/ShooterSam/Content/StarterBundle/ModularSci_Int/Textures/T_Win_Floor_B_Diff.uasset" 2088
"F:/Users/mihai/Documents/GitHub/ShooterSam/ShooterSam/Content/StarterBundle/ModularSci_Int/Textures/T_Win_Floor_B_Diff.uexp" 2089
"F:/Users/mihai/Documents/GitHub/ShooterSam/ShooterSam/Content/StarterBundle/ModularSci_Int/Materials/MI_Win_Floor_B.uasset" 2090
"F:/Users/mihai/Documents/GitHub/ShooterSam/ShooterSam/Content/StarterBundle/ModularSci_Int/Materials/MI_Win_Floor_B.uexp" 2091
"F:/Users/mihai/Documents/GitHub/ShooterSam/ShooterSam/Content/StarterBundle/ModularSci_Int/Meshes/SM_Win_Floor_B.ubulk" 2092
"F:/Users/mihai/Documents/GitHub/ShooterSam/ShooterSam/Content/StarterBundle/ModularSci_Int/Meshes/SM_Win_Floor_B.uasset" 2093
"F:/Users/mihai/Documents/GitHub/ShooterSam/ShooterSam/Content/StarterBundle/ModularSci_Int/Meshes/SM_Win_Floor_B.uexp" 2094
"F:/Users/mihai/Documents/GitHub/ShooterSam/ShooterSam/Content/StarterBundle/ModularSci_Int/Textures/T_Win_Floor_A_N_normals.ubulk" 2095
"F:/Users/mihai/Documents/GitHub/ShooterSam/ShooterSam/Content/StarterBundle/ModularSci_Int/Textures/T_Win_Floor_A_N_normals.uasset" 2096
"F:/Users/mihai/Documents/GitHub/ShooterSam/ShooterSam/Content/StarterBundle/ModularSci_Int/Textures/T_Win_Floor_A_N_normals.uexp" 2097
"F:/Users/mihai/Documents/GitHub/ShooterSam/ShooterSam/Content/StarterBundle/ModularSci_Int/Textures/T_Win_Floor_A_M.ubulk" 2098
"F:/Users/mihai/Documents/GitHub/ShooterSam/ShooterSam/Content/StarterBundle/ModularSci_Int/Textures/T_Win_Floor_A_M.uasset" 2099
"F:/Users/mihai/Documents/GitHub/ShooterSam/ShooterSam/Content/StarterBundle/ModularSci_Int/Textures/T_Win_Floor_A_M.uexp" 2100
"F:/Users/mihai/Documents/GitHub/ShooterSam/ShooterSam/Content/StarterBundle/ModularSci_Int/Textures/T_Win_Floor_A_Diff.ubulk" 2101
"F:/Users/mihai/Documents/GitHub/ShooterSam/ShooterSam/Content/StarterBundle/ModularSci_Int/Textures/T_Win_Floor_A_Diff.uasset" 2102
"F:/Users/mihai/Documents/GitHub/ShooterSam/ShooterSam/Content/StarterBundle/ModularSci_Int/Textures/T_Win_Floor_A_Diff.uexp" 2103
"F:/Users/mihai/Documents/GitHub/ShooterSam/ShooterSam/Content/StarterBundle/ModularSci_Int/Materials/MI_Win_Floor_A.uasset" 2104
"F:/Users/mihai/Documents/GitHub/ShooterSam/ShooterSam/Content/StarterBundle/ModularSci_Int/Materials/MI_Win_Floor_A.uexp" 2105
"F:/Users/mihai/Documents/GitHub/ShooterSam/ShooterSam/Content/StarterBundle/ModularSci_Int/Meshes/SM_Win_Floor_A.ubulk" 2106
"F:/Users/mihai/Documents/GitHub/ShooterSam/ShooterSam/Content/StarterBundle/ModularSci_Int/Meshes/SM_Win_Floor_A.uasset" 2107
"F:/Users/mihai/Documents/GitHub/ShooterSam/ShooterSam/Content/StarterBundle/ModularSci_Int/Meshes/SM_Win_Floor_A.uexp" 2108
"F:/Users/mihai/Documents/GitHub/ShooterSam/ShooterSam/Content/StarterBundle/ModularSci_Int/Textures/T_Win_FloorEdge_B_N_normals.ubulk" 2109
"F:/Users/mihai/Documents/GitHub/ShooterSam/ShooterSam/Content/StarterBundle/ModularSci_Int/Textures/T_Win_FloorEdge_B_N_normals.uasset" 2110
"F:/Users/mihai/Documents/GitHub/ShooterSam/ShooterSam/Content/StarterBundle/ModularSci_Int/Textures/T_Win_FloorEdge_B_N_normals.uexp" 2111
"F:/Users/mihai/Documents/GitHub/ShooterSam/ShooterSam/Content/StarterBundle/ModularSci_Int/Textures/T_Win_FloorEdge_B_M.ubulk" 2112
"F:/Users/mihai/Documents/GitHub/ShooterSam/ShooterSam/Content/StarterBundle/ModularSci_Int/Textures/T_Win_FloorEdge_B_M.uasset" 2113
"F:/Users/mihai/Documents/GitHub/ShooterSam/ShooterSam/Content/StarterBundle/ModularSci_Int/Textures/T_Win_FloorEdge_B_M.uexp" 2114
"F:/Users/mihai/Documents/GitHub/ShooterSam/ShooterSam/Content/StarterBundle/ModularSci_Int/Textures/T_Win_FloorEdge_B_Diff.ubulk" 2115
"F:/Users/mihai/Documents/GitHub/ShooterSam/ShooterSam/Content/StarterBundle/ModularSci_Int/Textures/T_Win_FloorEdge_B_Diff.uasset" 2116
"F:/Users/mihai/Documents/GitHub/ShooterSam/ShooterSam/Content/StarterBundle/ModularSci_Int/Textures/T_Win_FloorEdge_B_Diff.uexp" 2117
"F:/Users/mihai/Documents/GitHub/ShooterSam/ShooterSam/Content/StarterBundle/ModularSci_Int/Materials/MI_Win_FloorEdge_B.uasset" 2118
"F:/Users/mihai/Documents/GitHub/ShooterSam/ShooterSam/Content/StarterBundle/ModularSci_Int/Materials/MI_Win_FloorEdge_B.uexp" 2119
"F:/Users/mihai/Documents/GitHub/ShooterSam/ShooterSam/Content/StarterBundle/ModularSci_Int/Meshes/SM_Win_FloorEdge_C.ubulk" 2120
"F:/Users/mihai/Documents/GitHub/ShooterSam/ShooterSam/Content/StarterBundle/ModularSci_Int/Meshes/SM_Win_FloorEdge_C.uasset" 2121
"F:/Users/mihai/Documents/GitHub/ShooterSam/ShooterSam/Content/StarterBundle/ModularSci_Int/Meshes/SM_Win_FloorEdge_C.uexp" 2122
"F:/Users/mihai/Documents/GitHub/ShooterSam/ShooterSam/Content/StarterBundle/ModularSci_Int/Meshes/SM_Win_FloorEdge_B.ubulk" 2123
"F:/Users/mihai/Documents/GitHub/ShooterSam/ShooterSam/Content/StarterBundle/ModularSci_Int/Meshes/SM_Win_FloorEdge_B.uasset" 2124
"F:/Users/mihai/Documents/GitHub/ShooterSam/ShooterSam/Content/StarterBundle/ModularSci_Int/Meshes/SM_Win_FloorEdge_B.uexp" 2125
"F:/Users/mihai/Documents/GitHub/ShooterSam/ShooterSam/Content/StarterBundle/ModularSci_Int/Textures/T_Win_FloorEdge_A_N_normals.ubulk" 2126
"F:/Users/mihai/Documents/GitHub/ShooterSam/ShooterSam/Content/StarterBundle/ModularSci_Int/Textures/T_Win_FloorEdge_A_N_normals.uasset" 2127
"F:/Users/mihai/Documents/GitHub/ShooterSam/ShooterSam/Content/StarterBundle/ModularSci_Int/Textures/T_Win_FloorEdge_A_N_normals.uexp" 2128
"F:/Users/mihai/Documents/GitHub/ShooterSam/ShooterSam/Content/StarterBundle/ModularSci_Int/Textures/T_Win_FloorEdge_A_M.ubulk" 2129
"F:/Users/mihai/Documents/GitHub/ShooterSam/ShooterSam/Content/StarterBundle/ModularSci_Int/Textures/T_Win_FloorEdge_A_M.uasset" 2130
"F:/Users/mihai/Documents/GitHub/ShooterSam/ShooterSam/Content/StarterBundle/ModularSci_Int/Textures/T_Win_FloorEdge_A_M.uexp" 2131
"F:/Users/mihai/Documents/GitHub/ShooterSam/ShooterSam/Content/StarterBundle/ModularSci_Int/Textures/T_Win_FloorEdge_A_Diff.ubulk" 2132
"F:/Users/mihai/Documents/GitHub/ShooterSam/ShooterSam/Content/StarterBundle/ModularSci_Int/Textures/T_Win_FloorEdge_A_Diff.uasset" 2133
"F:/Users/mihai/Documents/GitHub/ShooterSam/ShooterSam/Content/StarterBundle/ModularSci_Int/Textures/T_Win_FloorEdge_A_Diff.uexp" 2134
"F:/Users/mihai/Documents/GitHub/ShooterSam/ShooterSam/Content/StarterBundle/ModularSci_Int/Materials/MI_Win_FloorEdge_A.uasset" 2135
"F:/Users/mihai/Documents/GitHub/ShooterSam/ShooterSam/Content/StarterBundle/ModularSci_Int/Materials/MI_Win_FloorEdge_A.uexp" 2136
"F:/Users/mihai/Documents/GitHub/ShooterSam/ShooterSam/Content/StarterBundle/ModularSci_Int/Meshes/SM_Win_FloorEdge_A.ubulk" 2137
"F:/Users/mihai/Documents/GitHub/ShooterSam/ShooterSam/Content/StarterBundle/ModularSci_Int/Meshes/SM_Win_FloorEdge_A.uasset" 2138
"F:/Users/mihai/Documents/GitHub/ShooterSam/ShooterSam/Content/StarterBundle/ModularSci_Int/Meshes/SM_Win_FloorEdge_A.uexp" 2139
"F:/Users/mihai/Documents/GitHub/ShooterSam/ShooterSam/Content/StarterBundle/ModularSci_Int/Meshes/SM_Win_FloorBuffer_A.ubulk" 2140
"F:/Users/mihai/Documents/GitHub/ShooterSam/ShooterSam/Content/StarterBundle/ModularSci_Int/Meshes/SM_Win_FloorBuffer_A.uasset" 2141
"F:/Users/mihai/Documents/GitHub/ShooterSam/ShooterSam/Content/StarterBundle/ModularSci_Int/Meshes/SM_Win_FloorBuffer_A.uexp" 2142
"F:/Users/mihai/Documents/GitHub/ShooterSam/ShooterSam/Content/StarterBundle/ModularSci_Int/Textures/T_Win_Divider_A_N_normals.ubulk" 2143
"F:/Users/mihai/Documents/GitHub/ShooterSam/ShooterSam/Content/StarterBundle/ModularSci_Int/Textures/T_Win_Divider_A_N_normals.uasset" 2144
"F:/Users/mihai/Documents/GitHub/ShooterSam/ShooterSam/Content/StarterBundle/ModularSci_Int/Textures/T_Win_Divider_A_N_normals.uexp" 2145
"F:/Users/mihai/Documents/GitHub/ShooterSam/ShooterSam/Content/StarterBundle/ModularSci_Int/Textures/T_Win_Divider_A_M.ubulk" 2146
"F:/Users/mihai/Documents/GitHub/ShooterSam/ShooterSam/Content/StarterBundle/ModularSci_Int/Textures/T_Win_Divider_A_M.uasset" 2147
"F:/Users/mihai/Documents/GitHub/ShooterSam/ShooterSam/Content/StarterBundle/ModularSci_Int/Textures/T_Win_Divider_A_M.uexp" 2148
"F:/Users/mihai/Documents/GitHub/ShooterSam/ShooterSam/Content/StarterBundle/ModularSci_Int/Textures/T_Win_Divider_A_Diff.ubulk" 2149
"F:/Users/mihai/Documents/GitHub/ShooterSam/ShooterSam/Content/StarterBundle/ModularSci_Int/Textures/T_Win_Divider_A_Diff.uasset" 2150
"F:/Users/mihai/Documents/GitHub/ShooterSam/ShooterSam/Content/StarterBundle/ModularSci_Int/Textures/T_Win_Divider_A_Diff.uexp" 2151
"F:/Users/mihai/Documents/GitHub/ShooterSam/ShooterSam/Content/StarterBundle/ModularSci_Int/Materials/MI_Win_Divider_A.uasset" 2152
"F:/Users/mihai/Documents/GitHub/ShooterSam/ShooterSam/Content/StarterBundle/ModularSci_Int/Materials/MI_Win_Divider_A.uexp" 2153
"F:/Users/mihai/Documents/GitHub/ShooterSam/ShooterSam/Content/StarterBundle/ModularSci_Int/Textures/T_Win_Divider_B_N_normals.ubulk" 2154
"F:/Users/mihai/Documents/GitHub/ShooterSam/ShooterSam/Content/StarterBundle/ModularSci_Int/Textures/T_Win_Divider_B_N_normals.uasset" 2155
"F:/Users/mihai/Documents/GitHub/ShooterSam/ShooterSam/Content/StarterBundle/ModularSci_Int/Textures/T_Win_Divider_B_N_normals.uexp" 2156
"F:/Users/mihai/Documents/GitHub/ShooterSam/ShooterSam/Content/StarterBundle/ModularSci_Int/Textures/T_Win_Divider_B_M.ubulk" 2157
"F:/Users/mihai/Documents/GitHub/ShooterSam/ShooterSam/Content/StarterBundle/ModularSci_Int/Textures/T_Win_Divider_B_M.uasset" 2158
"F:/Users/mihai/Documents/GitHub/ShooterSam/ShooterSam/Content/StarterBundle/ModularSci_Int/Textures/T_Win_Divider_B_M.uexp" 2159
"F:/Users/mihai/Documents/GitHub/ShooterSam/ShooterSam/Content/StarterBundle/ModularSci_Int/Textures/T_Win_Divider_B_Diff.ubulk" 2160
"F:/Users/mihai/Documents/GitHub/ShooterSam/ShooterSam/Content/StarterBundle/ModularSci_Int/Textures/T_Win_Divider_B_Diff.uasset" 2161
"F:/Users/mihai/Documents/GitHub/ShooterSam/ShooterSam/Content/StarterBundle/ModularSci_Int/Textures/T_Win_Divider_B_Diff.uexp" 2162
"F:/Users/mihai/Documents/GitHub/ShooterSam/ShooterSam/Content/StarterBundle/ModularSci_Int/Materials/MI_Win_Divider_B.uasset" 2163
"F:/Users/mihai/Documents/GitHub/ShooterSam/ShooterSam/Content/StarterBundle/ModularSci_Int/Materials/MI_Win_Divider_B.uexp" 2164
"F:/Users/mihai/Documents/GitHub/ShooterSam/ShooterSam/Content/StarterBundle/ModularSci_Int/Meshes/SM_Win_Divider_B.ubulk" 2165
"F:/Users/mihai/Documents/GitHub/ShooterSam/ShooterSam/Content/StarterBundle/ModularSci_Int/Meshes/SM_Win_Divider_B.uasset" 2166
"F:/Users/mihai/Documents/GitHub/ShooterSam/ShooterSam/Content/StarterBundle/ModularSci_Int/Meshes/SM_Win_Divider_B.uexp" 2167
"F:/Users/mihai/Documents/GitHub/ShooterSam/ShooterSam/Content/StarterBundle/ModularSci_Int/Meshes/SM_Win_Divider_A.ubulk" 2168
"F:/Users/mihai/Documents/GitHub/ShooterSam/ShooterSam/Content/StarterBundle/ModularSci_Int/Meshes/SM_Win_Divider_A.uasset" 2169
"F:/Users/mihai/Documents/GitHub/ShooterSam/ShooterSam/Content/StarterBundle/ModularSci_Int/Meshes/SM_Win_Divider_A.uexp" 2170
"F:/Users/mihai/Documents/GitHub/ShooterSam/ShooterSam/Content/StarterBundle/ModularSci_Int/Meshes/SM_Win_Ceiling_F.ubulk" 2171
"F:/Users/mihai/Documents/GitHub/ShooterSam/ShooterSam/Content/StarterBundle/ModularSci_Int/Meshes/SM_Win_Ceiling_F.uasset" 2172
"F:/Users/mihai/Documents/GitHub/ShooterSam/ShooterSam/Content/StarterBundle/ModularSci_Int/Meshes/SM_Win_Ceiling_F.uexp" 2173
"F:/Users/mihai/Documents/GitHub/ShooterSam/ShooterSam/Content/StarterBundle/ModularSci_Int/Meshes/SM_Win_Ceiling_E.ubulk" 2174
"F:/Users/mihai/Documents/GitHub/ShooterSam/ShooterSam/Content/StarterBundle/ModularSci_Int/Meshes/SM_Win_Ceiling_E.uasset" 2175
"F:/Users/mihai/Documents/GitHub/ShooterSam/ShooterSam/Content/StarterBundle/ModularSci_Int/Meshes/SM_Win_Ceiling_E.uexp" 2176
"F:/Users/mihai/Documents/GitHub/ShooterSam/ShooterSam/Content/StarterBundle/ModularSci_Int/Meshes/SM_Win_Ceiling_D.ubulk" 2177
"F:/Users/mihai/Documents/GitHub/ShooterSam/ShooterSam/Content/StarterBundle/ModularSci_Int/Meshes/SM_Win_Ceiling_D.uasset" 2178
"F:/Users/mihai/Documents/GitHub/ShooterSam/ShooterSam/Content/StarterBundle/ModularSci_Int/Meshes/SM_Win_Ceiling_D.uexp" 2179
"F:/Users/mihai/Documents/GitHub/ShooterSam/ShooterSam/Content/StarterBundle/ModularSci_Int/Meshes/SM_Win_Ceiling_C.ubulk" 2180
"F:/Users/mihai/Documents/GitHub/ShooterSam/ShooterSam/Content/StarterBundle/ModularSci_Int/Meshes/SM_Win_Ceiling_C.uasset" 2181
"F:/Users/mihai/Documents/GitHub/ShooterSam/ShooterSam/Content/StarterBundle/ModularSci_Int/Meshes/SM_Win_Ceiling_C.uexp" 2182
"F:/Users/mihai/Documents/GitHub/ShooterSam/ShooterSam/Content/StarterBundle/ModularSci_Int/Textures/T_Lights_Square.ubulk" 2183
"F:/Users/mihai/Documents/GitHub/ShooterSam/ShooterSam/Content/StarterBundle/ModularSci_Int/Textures/T_Lights_Square.uasset" 2184
"F:/Users/mihai/Documents/GitHub/ShooterSam/ShooterSam/Content/StarterBundle/ModularSci_Int/Textures/T_Lights_Square.uexp" 2185
"F:/Users/mihai/Documents/GitHub/ShooterSam/ShooterSam/Content/StarterBundle/ModularSci_Int/Materials/M_Light_Base.uasset" 2186
"F:/Users/mihai/Documents/GitHub/ShooterSam/ShooterSam/Content/StarterBundle/ModularSci_Int/Materials/M_Light_Base.uexp" 2187
"F:/Users/mihai/Documents/GitHub/ShooterSam/ShooterSam/Content/StarterBundle/ModularSci_Int/Materials/MI_Light_Square_Blue.uasset" 2188
"F:/Users/mihai/Documents/GitHub/ShooterSam/ShooterSam/Content/StarterBundle/ModularSci_Int/Materials/MI_Light_Square_Blue.uexp" 2189
"F:/Users/mihai/Documents/GitHub/ShooterSam/ShooterSam/Content/StarterBundle/ModularSci_Int/Textures/T_Win_Ceiling_B_N_normals.ubulk" 2190
"F:/Users/mihai/Documents/GitHub/ShooterSam/ShooterSam/Content/StarterBundle/ModularSci_Int/Textures/T_Win_Ceiling_B_N_normals.uasset" 2191
"F:/Users/mihai/Documents/GitHub/ShooterSam/ShooterSam/Content/StarterBundle/ModularSci_Int/Textures/T_Win_Ceiling_B_N_normals.uexp" 2192
"F:/Users/mihai/Documents/GitHub/ShooterSam/ShooterSam/Content/StarterBundle/ModularSci_Int/Textures/T_Win_Ceiling_B_M.ubulk" 2193
"F:/Users/mihai/Documents/GitHub/ShooterSam/ShooterSam/Content/StarterBundle/ModularSci_Int/Textures/T_Win_Ceiling_B_M.uasset" 2194
"F:/Users/mihai/Documents/GitHub/ShooterSam/ShooterSam/Content/StarterBundle/ModularSci_Int/Textures/T_Win_Ceiling_B_M.uexp" 2195
"F:/Users/mihai/Documents/GitHub/ShooterSam/ShooterSam/Content/StarterBundle/ModularSci_Int/Textures/T_Win_Ceiling_B_Diff.ubulk" 2196
"F:/Users/mihai/Documents/GitHub/ShooterSam/ShooterSam/Content/StarterBundle/ModularSci_Int/Textures/T_Win_Ceiling_B_Diff.uasset" 2197
"F:/Users/mihai/Documents/GitHub/ShooterSam/ShooterSam/Content/StarterBundle/ModularSci_Int/Textures/T_Win_Ceiling_B_Diff.uexp" 2198
"F:/Users/mihai/Documents/GitHub/ShooterSam/ShooterSam/Content/StarterBundle/ModularSci_Int/Materials/MI_Win_Ceiling_B.uasset" 2199
"F:/Users/mihai/Documents/GitHub/ShooterSam/ShooterSam/Content/StarterBundle/ModularSci_Int/Materials/MI_Win_Ceiling_B.uexp" 2200
"F:/Users/mihai/Documents/GitHub/ShooterSam/ShooterSam/Content/StarterBundle/ModularSci_Int/Meshes/SM_Win_Ceiling_B.ubulk" 2201
"F:/Users/mihai/Documents/GitHub/ShooterSam/ShooterSam/Content/StarterBundle/ModularSci_Int/Meshes/SM_Win_Ceiling_B.uasset" 2202
"F:/Users/mihai/Documents/GitHub/ShooterSam/ShooterSam/Content/StarterBundle/ModularSci_Int/Meshes/SM_Win_Ceiling_B.uexp" 2203
"F:/Users/mihai/Documents/GitHub/ShooterSam/ShooterSam/Content/StarterBundle/ModularSci_Int/Textures/T_Win_Ceiling_A_N_normals.ubulk" 2204
"F:/Users/mihai/Documents/GitHub/ShooterSam/ShooterSam/Content/StarterBundle/ModularSci_Int/Textures/T_Win_Ceiling_A_N_normals.uasset" 2205
"F:/Users/mihai/Documents/GitHub/ShooterSam/ShooterSam/Content/StarterBundle/ModularSci_Int/Textures/T_Win_Ceiling_A_N_normals.uexp" 2206
"F:/Users/mihai/Documents/GitHub/ShooterSam/ShooterSam/Content/StarterBundle/ModularSci_Int/Textures/T_Win_Ceiling_A_M.ubulk" 2207
"F:/Users/mihai/Documents/GitHub/ShooterSam/ShooterSam/Content/StarterBundle/ModularSci_Int/Textures/T_Win_Ceiling_A_M.uasset" 2208
"F:/Users/mihai/Documents/GitHub/ShooterSam/ShooterSam/Content/StarterBundle/ModularSci_Int/Textures/T_Win_Ceiling_A_M.uexp" 2209
"F:/Users/mihai/Documents/GitHub/ShooterSam/ShooterSam/Content/StarterBundle/ModularSci_Int/Textures/T_Win_Ceiling_A_Diff.ubulk" 2210
"F:/Users/mihai/Documents/GitHub/ShooterSam/ShooterSam/Content/StarterBundle/ModularSci_Int/Textures/T_Win_Ceiling_A_Diff.uasset" 2211
"F:/Users/mihai/Documents/GitHub/ShooterSam/ShooterSam/Content/StarterBundle/ModularSci_Int/Textures/T_Win_Ceiling_A_Diff.uexp" 2212
"F:/Users/mihai/Documents/GitHub/ShooterSam/ShooterSam/Content/StarterBundle/ModularSci_Int/Materials/MI_Win_Ceiling_A.uasset" 2213
"F:/Users/mihai/Documents/GitHub/ShooterSam/ShooterSam/Content/StarterBundle/ModularSci_Int/Materials/MI_Win_Ceiling_A.uexp" 2214
"F:/Users/mihai/Documents/GitHub/ShooterSam/ShooterSam/Content/StarterBundle/ModularSci_Int/Meshes/SM_Win_Ceiling_A.ubulk" 2215
"F:/Users/mihai/Documents/GitHub/ShooterSam/ShooterSam/Content/StarterBundle/ModularSci_Int/Meshes/SM_Win_Ceiling_A.uasset" 2216
"F:/Users/mihai/Documents/GitHub/ShooterSam/ShooterSam/Content/StarterBundle/ModularSci_Int/Meshes/SM_Win_Ceiling_A.uexp" 2217
"F:/Users/mihai/Documents/GitHub/ShooterSam/ShooterSam/Content/StarterBundle/ModularSci_Int/Meshes/SM_Win_CeilingPipes_A.ubulk" 2218
"F:/Users/mihai/Documents/GitHub/ShooterSam/ShooterSam/Content/StarterBundle/ModularSci_Int/Meshes/SM_Win_CeilingPipes_A.uasset" 2219
"F:/Users/mihai/Documents/GitHub/ShooterSam/ShooterSam/Content/StarterBundle/ModularSci_Int/Meshes/SM_Win_CeilingPipes_A.uexp" 2220
"F:/Users/mihai/Documents/GitHub/ShooterSam/ShooterSam/Content/StarterBundle/ModularSci_Int/Meshes/SM_Win_CeilingBrace.ubulk" 2221
"F:/Users/mihai/Documents/GitHub/ShooterSam/ShooterSam/Content/StarterBundle/ModularSci_Int/Meshes/SM_Win_CeilingBrace.uasset" 2222
"F:/Users/mihai/Documents/GitHub/ShooterSam/ShooterSam/Content/StarterBundle/ModularSci_Int/Meshes/SM_Win_CeilingBrace.uexp" 2223
"F:/Users/mihai/Documents/GitHub/ShooterSam/ShooterSam/Content/StarterBundle/ModularSci_Int/Textures/T_FloorPanel_D_N_normals.ubulk" 2224
"F:/Users/mihai/Documents/GitHub/ShooterSam/ShooterSam/Content/StarterBundle/ModularSci_Int/Textures/T_FloorPanel_D_N_normals.uasset" 2225
"F:/Users/mihai/Documents/GitHub/ShooterSam/ShooterSam/Content/StarterBundle/ModularSci_Int/Textures/T_FloorPanel_D_N_normals.uexp" 2226
"F:/Users/mihai/Documents/GitHub/ShooterSam/ShooterSam/Content/StarterBundle/ModularSci_Int/Textures/T_FloorPanel_D_M.ubulk" 2227
"F:/Users/mihai/Documents/GitHub/ShooterSam/ShooterSam/Content/StarterBundle/ModularSci_Int/Textures/T_FloorPanel_D_M.uasset" 2228
"F:/Users/mihai/Documents/GitHub/ShooterSam/ShooterSam/Content/StarterBundle/ModularSci_Int/Textures/T_FloorPanel_D_M.uexp" 2229
"F:/Users/mihai/Documents/GitHub/ShooterSam/ShooterSam/Content/StarterBundle/ModularSci_Int/Textures/T_FloorPanel_D_Diff.ubulk" 2230
"F:/Users/mihai/Documents/GitHub/ShooterSam/ShooterSam/Content/StarterBundle/ModularSci_Int/Textures/T_FloorPanel_D_Diff.uasset" 2231
"F:/Users/mihai/Documents/GitHub/ShooterSam/ShooterSam/Content/StarterBundle/ModularSci_Int/Textures/T_FloorPanel_D_Diff.uexp" 2232
"F:/Users/mihai/Documents/GitHub/ShooterSam/ShooterSam/Content/StarterBundle/ModularSci_Int/Materials/M_Base_3C.uasset" 2233
"F:/Users/mihai/Documents/GitHub/ShooterSam/ShooterSam/Content/StarterBundle/ModularSci_Int/Materials/M_Base_3C.uexp" 2234
"F:/Users/mihai/Documents/GitHub/ShooterSam/ShooterSam/Content/StarterBundle/ModularSci_Int/Materials/MI_Wall_D.uasset" 2235
"F:/Users/mihai/Documents/GitHub/ShooterSam/ShooterSam/Content/StarterBundle/ModularSci_Int/Materials/MI_Wall_D.uexp" 2236
"F:/Users/mihai/Documents/GitHub/ShooterSam/ShooterSam/Content/StarterBundle/ModularSci_Int/Materials/MI_Wall_D_Top.uasset" 2237
"F:/Users/mihai/Documents/GitHub/ShooterSam/ShooterSam/Content/StarterBundle/ModularSci_Int/Materials/MI_Wall_D_Top.uexp" 2238
"F:/Users/mihai/Documents/GitHub/ShooterSam/ShooterSam/Content/StarterBundle/ModularSci_Int/Meshes/SM_Wall_D.ubulk" 2239
"F:/Users/mihai/Documents/GitHub/ShooterSam/ShooterSam/Content/StarterBundle/ModularSci_Int/Meshes/SM_Wall_D.uasset" 2240
"F:/Users/mihai/Documents/GitHub/ShooterSam/ShooterSam/Content/StarterBundle/ModularSci_Int/Meshes/SM_Wall_D.uexp" 2241
"F:/Users/mihai/Documents/GitHub/ShooterSam/ShooterSam/Content/StarterBundle/ModularSci_Int/Meshes/SM_Wall_C.ubulk" 2242
"F:/Users/mihai/Documents/GitHub/ShooterSam/ShooterSam/Content/StarterBundle/ModularSci_Int/Meshes/SM_Wall_C.uasset" 2243
"F:/Users/mihai/Documents/GitHub/ShooterSam/ShooterSam/Content/StarterBundle/ModularSci_Int/Meshes/SM_Wall_C.uexp" 2244
"F:/Users/mihai/Documents/GitHub/ShooterSam/ShooterSam/Content/StarterBundle/ModularSci_Int/Meshes/SM_Wall_B.ubulk" 2245
"F:/Users/mihai/Documents/GitHub/ShooterSam/ShooterSam/Content/StarterBundle/ModularSci_Int/Meshes/SM_Wall_B.uasset" 2246
"F:/Users/mihai/Documents/GitHub/ShooterSam/ShooterSam/Content/StarterBundle/ModularSci_Int/Meshes/SM_Wall_B.uexp" 2247
"F:/Users/mihai/Documents/GitHub/ShooterSam/ShooterSam/Content/StarterBundle/ModularSci_Int/Meshes/SM_Wall_B_2.ubulk" 2248
"F:/Users/mihai/Documents/GitHub/ShooterSam/ShooterSam/Content/StarterBundle/ModularSci_Int/Meshes/SM_Wall_B_2.uasset" 2249
"F:/Users/mihai/Documents/GitHub/ShooterSam/ShooterSam/Content/StarterBundle/ModularSci_Int/Meshes/SM_Wall_B_2.uexp" 2250
"F:/Users/mihai/Documents/GitHub/ShooterSam/ShooterSam/Content/StarterBundle/ModularSci_Int/Meshes/SM_Wall_B_3.ubulk" 2251
"F:/Users/mihai/Documents/GitHub/ShooterSam/ShooterSam/Content/StarterBundle/ModularSci_Int/Meshes/SM_Wall_B_3.uasset" 2252
"F:/Users/mihai/Documents/GitHub/ShooterSam/ShooterSam/Content/StarterBundle/ModularSci_Int/Meshes/SM_Wall_B_3.uexp" 2253
"F:/Users/mihai/Documents/GitHub/ShooterSam/ShooterSam/Content/StarterBundle/ModularSci_Int/Textures/T_Wall_A_N_normals.ubulk" 2254
"F:/Users/mihai/Documents/GitHub/ShooterSam/ShooterSam/Content/StarterBundle/ModularSci_Int/Textures/T_Wall_A_N_normals.uasset" 2255
"F:/Users/mihai/Documents/GitHub/ShooterSam/ShooterSam/Content/StarterBundle/ModularSci_Int/Textures/T_Wall_A_N_normals.uexp" 2256
"F:/Users/mihai/Documents/GitHub/ShooterSam/ShooterSam/Content/StarterBundle/ModularSci_Int/Textures/T_Wall_A_M.ubulk" 2257
"F:/Users/mihai/Documents/GitHub/ShooterSam/ShooterSam/Content/StarterBundle/ModularSci_Int/Textures/T_Wall_A_M.uasset" 2258
"F:/Users/mihai/Documents/GitHub/ShooterSam/ShooterSam/Content/StarterBundle/ModularSci_Int/Textures/T_Wall_A_M.uexp" 2259
"F:/Users/mihai/Documents/GitHub/ShooterSam/ShooterSam/Content/StarterBundle/ModularSci_Int/Textures/T_Wall_A_Diff.ubulk" 2260
"F:/Users/mihai/Documents/GitHub/ShooterSam/ShooterSam/Content/StarterBundle/ModularSci_Int/Textures/T_Wall_A_Diff.uasset" 2261
"F:/Users/mihai/Documents/GitHub/ShooterSam/ShooterSam/Content/StarterBundle/ModularSci_Int/Textures/T_Wall_A_Diff.uexp" 2262
"F:/Users/mihai/Documents/GitHub/ShooterSam/ShooterSam/Content/StarterBundle/ModularSci_Int/Materials/MI_Wall_A.uasset" 2263
"F:/Users/mihai/Documents/GitHub/ShooterSam/ShooterSam/Content/StarterBundle/ModularSci_Int/Materials/MI_Wall_A.uexp" 2264
"F:/Users/mihai/Documents/GitHub/ShooterSam/ShooterSam/Content/StarterBundle/ModularSci_Int/Meshes/SM_Wall_A.ubulk" 2265
"F:/Users/mihai/Documents/GitHub/ShooterSam/ShooterSam/Content/StarterBundle/ModularSci_Int/Meshes/SM_Wall_A.uasset" 2266
"F:/Users/mihai/Documents/GitHub/ShooterSam/ShooterSam/Content/StarterBundle/ModularSci_Int/Meshes/SM_Wall_A.uexp" 2267
"F:/Users/mihai/Documents/GitHub/ShooterSam/ShooterSam/Content/StarterBundle/ModularSci_Int/Meshes/SM_Wall_A_2.ubulk" 2268
"F:/Users/mihai/Documents/GitHub/ShooterSam/ShooterSam/Content/StarterBundle/ModularSci_Int/Meshes/SM_Wall_A_2.uasset" 2269
"F:/Users/mihai/Documents/GitHub/ShooterSam/ShooterSam/Content/StarterBundle/ModularSci_Int/Meshes/SM_Wall_A_2.uexp" 2270
"F:/Users/mihai/Documents/GitHub/ShooterSam/ShooterSam/Content/StarterBundle/ModularSci_Int/Meshes/SM_WallEdge_A.ubulk" 2271
"F:/Users/mihai/Documents/GitHub/ShooterSam/ShooterSam/Content/StarterBundle/ModularSci_Int/Meshes/SM_WallEdge_A.uasset" 2272
"F:/Users/mihai/Documents/GitHub/ShooterSam/ShooterSam/Content/StarterBundle/ModularSci_Int/Meshes/SM_WallEdge_A.uexp" 2273
"F:/Users/mihai/Documents/GitHub/ShooterSam/ShooterSam/Content/StarterBundle/ModularSci_Int/Meshes/SM_WallEdge_A_2.ubulk" 2274
"F:/Users/mihai/Documents/GitHub/ShooterSam/ShooterSam/Content/StarterBundle/ModularSci_Int/Meshes/SM_WallEdge_A_2.uasset" 2275
"F:/Users/mihai/Documents/GitHub/ShooterSam/ShooterSam/Content/StarterBundle/ModularSci_Int/Meshes/SM_WallEdge_A_2.uexp" 2276
"F:/Users/mihai/Documents/GitHub/ShooterSam/ShooterSam/Content/StarterBundle/ModularSci_Int/Meshes/SM_WallEdge_A_3.ubulk" 2277
"F:/Users/mihai/Documents/GitHub/ShooterSam/ShooterSam/Content/StarterBundle/ModularSci_Int/Meshes/SM_WallEdge_A_3.uasset" 2278
"F:/Users/mihai/Documents/GitHub/ShooterSam/ShooterSam/Content/StarterBundle/ModularSci_Int/Meshes/SM_WallEdge_A_3.uexp" 2279
"F:/Users/mihai/Documents/GitHub/ShooterSam/ShooterSam/Content/StarterBundle/ModularSci_Int/Meshes/SM_WallEdge_A_4.ubulk" 2280
"F:/Users/mihai/Documents/GitHub/ShooterSam/ShooterSam/Content/StarterBundle/ModularSci_Int/Meshes/SM_WallEdge_A_4.uasset" 2281
"F:/Users/mihai/Documents/GitHub/ShooterSam/ShooterSam/Content/StarterBundle/ModularSci_Int/Meshes/SM_WallEdge_A_4.uexp" 2282
"F:/Users/mihai/Documents/GitHub/ShooterSam/ShooterSam/Content/StarterBundle/ModularSci_Int/Textures/T_WallBuffer_B_normals.ubulk" 2283
"F:/Users/mihai/Documents/GitHub/ShooterSam/ShooterSam/Content/StarterBundle/ModularSci_Int/Textures/T_WallBuffer_B_normals.uasset" 2284
"F:/Users/mihai/Documents/GitHub/ShooterSam/ShooterSam/Content/StarterBundle/ModularSci_Int/Textures/T_WallBuffer_B_normals.uexp" 2285
"F:/Users/mihai/Documents/GitHub/ShooterSam/ShooterSam/Content/StarterBundle/ModularSci_Int/Textures/T_WallBuffer_B_M.ubulk" 2286
"F:/Users/mihai/Documents/GitHub/ShooterSam/ShooterSam/Content/StarterBundle/ModularSci_Int/Textures/T_WallBuffer_B_M.uasset" 2287
"F:/Users/mihai/Documents/GitHub/ShooterSam/ShooterSam/Content/StarterBundle/ModularSci_Int/Textures/T_WallBuffer_B_M.uexp" 2288
"F:/Users/mihai/Documents/GitHub/ShooterSam/ShooterSam/Content/StarterBundle/ModularSci_Int/Textures/T_WallBuffer_B_Diff.ubulk" 2289
"F:/Users/mihai/Documents/GitHub/ShooterSam/ShooterSam/Content/StarterBundle/ModularSci_Int/Textures/T_WallBuffer_B_Diff.uasset" 2290
"F:/Users/mihai/Documents/GitHub/ShooterSam/ShooterSam/Content/StarterBundle/ModularSci_Int/Textures/T_WallBuffer_B_Diff.uexp" 2291
"F:/Users/mihai/Documents/GitHub/ShooterSam/ShooterSam/Content/StarterBundle/ModularSci_Int/Materials/MI_WallBuffer_B.uasset" 2292
"F:/Users/mihai/Documents/GitHub/ShooterSam/ShooterSam/Content/StarterBundle/ModularSci_Int/Materials/MI_WallBuffer_B.uexp" 2293
"F:/Users/mihai/Documents/GitHub/ShooterSam/ShooterSam/Content/StarterBundle/ModularSci_Int/Meshes/SM_WallBuffer_B.ubulk" 2294
"F:/Users/mihai/Documents/GitHub/ShooterSam/ShooterSam/Content/StarterBundle/ModularSci_Int/Meshes/SM_WallBuffer_B.uasset" 2295
"F:/Users/mihai/Documents/GitHub/ShooterSam/ShooterSam/Content/StarterBundle/ModularSci_Int/Meshes/SM_WallBuffer_B.uexp" 2296
"F:/Users/mihai/Documents/GitHub/ShooterSam/ShooterSam/Content/StarterBundle/ModularSci_Int/Textures/T_Hall_Wall_Buffer_N_normals.ubulk" 2297
"F:/Users/mihai/Documents/GitHub/ShooterSam/ShooterSam/Content/StarterBundle/ModularSci_Int/Textures/T_Hall_Wall_Buffer_N_normals.uasset" 2298
"F:/Users/mihai/Documents/GitHub/ShooterSam/ShooterSam/Content/StarterBundle/ModularSci_Int/Textures/T_Hall_Wall_Buffer_N_normals.uexp" 2299
"F:/Users/mihai/Documents/GitHub/ShooterSam/ShooterSam/Content/StarterBundle/ModularSci_Int/Textures/T_Hall_Wall_Buffer_M.ubulk" 2300
"F:/Users/mihai/Documents/GitHub/ShooterSam/ShooterSam/Content/StarterBundle/ModularSci_Int/Textures/T_Hall_Wall_Buffer_M.uasset" 2301
"F:/Users/mihai/Documents/GitHub/ShooterSam/ShooterSam/Content/StarterBundle/ModularSci_Int/Textures/T_Hall_Wall_Buffer_M.uexp" 2302
"F:/Users/mihai/Documents/GitHub/ShooterSam/ShooterSam/Content/StarterBundle/ModularSci_Int/Textures/T_Hall_Wall_Buffer_Diff.ubulk" 2303
"F:/Users/mihai/Documents/GitHub/ShooterSam/ShooterSam/Content/StarterBundle/ModularSci_Int/Textures/T_Hall_Wall_Buffer_Diff.uasset" 2304
"F:/Users/mihai/Documents/GitHub/ShooterSam/ShooterSam/Content/StarterBundle/ModularSci_Int/Textures/T_Hall_Wall_Buffer_Diff.uexp" 2305
"F:/Users/mihai/Documents/GitHub/ShooterSam/ShooterSam/Content/StarterBundle/ModularSci_Int/Materials/MI_WallBuffer_A.uasset" 2306
"F:/Users/mihai/Documents/GitHub/ShooterSam/ShooterSam/Content/StarterBundle/ModularSci_Int/Materials/MI_WallBuffer_A.uexp" 2307
"F:/Users/mihai/Documents/GitHub/ShooterSam/ShooterSam/Content/StarterBundle/ModularSci_Int/Meshes/SM_WallBuffer_A.ubulk" 2308
"F:/Users/mihai/Documents/GitHub/ShooterSam/ShooterSam/Content/StarterBundle/ModularSci_Int/Meshes/SM_WallBuffer_A.uasset" 2309
"F:/Users/mihai/Documents/GitHub/ShooterSam/ShooterSam/Content/StarterBundle/ModularSci_Int/Meshes/SM_WallBuffer_A.uexp" 2310
"F:/Users/mihai/Documents/GitHub/ShooterSam/ShooterSam/Content/StarterBundle/ModularSci_Int/Meshes/SM_Pipe_WinCeiling_2.ubulk" 2311
"F:/Users/mihai/Documents/GitHub/ShooterSam/ShooterSam/Content/StarterBundle/ModularSci_Int/Meshes/SM_Pipe_WinCeiling_2.uasset" 2312
"F:/Users/mihai/Documents/GitHub/ShooterSam/ShooterSam/Content/StarterBundle/ModularSci_Int/Meshes/SM_Pipe_WinCeiling_2.uexp" 2313
"F:/Users/mihai/Documents/GitHub/ShooterSam/ShooterSam/Content/StarterBundle/ModularSci_Int/Meshes/SM_Pipe_Wall_A.ubulk" 2314
"F:/Users/mihai/Documents/GitHub/ShooterSam/ShooterSam/Content/StarterBundle/ModularSci_Int/Meshes/SM_Pipe_Wall_A.uasset" 2315
"F:/Users/mihai/Documents/GitHub/ShooterSam/ShooterSam/Content/StarterBundle/ModularSci_Int/Meshes/SM_Pipe_Wall_A.uexp" 2316
"F:/Users/mihai/Documents/GitHub/ShooterSam/ShooterSam/Content/StarterBundle/ModularSci_Int/Meshes/SM_Pipe_Vent.ubulk" 2317
"F:/Users/mihai/Documents/GitHub/ShooterSam/ShooterSam/Content/StarterBundle/ModularSci_Int/Meshes/SM_Pipe_Vent.uasset" 2318
"F:/Users/mihai/Documents/GitHub/ShooterSam/ShooterSam/Content/StarterBundle/ModularSci_Int/Meshes/SM_Pipe_Vent.uexp" 2319
"F:/Users/mihai/Documents/GitHub/ShooterSam/ShooterSam/Content/StarterBundle/ModularSci_Int/Meshes/SM_Pipe_Vent_2.ubulk" 2320
"F:/Users/mihai/Documents/GitHub/ShooterSam/ShooterSam/Content/StarterBundle/ModularSci_Int/Meshes/SM_Pipe_Vent_2.uasset" 2321
"F:/Users/mihai/Documents/GitHub/ShooterSam/ShooterSam/Content/StarterBundle/ModularSci_Int/Meshes/SM_Pipe_Vent_2.uexp" 2322
"F:/Users/mihai/Documents/GitHub/ShooterSam/ShooterSam/Content/StarterBundle/ModularSci_Int/Meshes/SM_Pipe_Div_B.ubulk" 2323
"F:/Users/mihai/Documents/GitHub/ShooterSam/ShooterSam/Content/StarterBundle/ModularSci_Int/Meshes/SM_Pipe_Div_B.uasset" 2324
"F:/Users/mihai/Documents/GitHub/ShooterSam/ShooterSam/Content/StarterBundle/ModularSci_Int/Meshes/SM_Pipe_Div_B.uexp" 2325
"F:/Users/mihai/Documents/GitHub/ShooterSam/ShooterSam/Content/StarterBundle/ModularSci_Int/Meshes/SM_Pipe_Ceiling_C.ubulk" 2326
"F:/Users/mihai/Documents/GitHub/ShooterSam/ShooterSam/Content/StarterBundle/ModularSci_Int/Meshes/SM_Pipe_Ceiling_C.uasset" 2327
"F:/Users/mihai/Documents/GitHub/ShooterSam/ShooterSam/Content/StarterBundle/ModularSci_Int/Meshes/SM_Pipe_Ceiling_C.uexp" 2328
"F:/Users/mihai/Documents/GitHub/ShooterSam/ShooterSam/Content/StarterBundle/ModularSci_Int/Meshes/SM_Pipe_Ceiling_B.ubulk" 2329
"F:/Users/mihai/Documents/GitHub/ShooterSam/ShooterSam/Content/StarterBundle/ModularSci_Int/Meshes/SM_Pipe_Ceiling_B.uasset" 2330
"F:/Users/mihai/Documents/GitHub/ShooterSam/ShooterSam/Content/StarterBundle/ModularSci_Int/Meshes/SM_Pipe_Ceiling_B.uexp" 2331
"F:/Users/mihai/Documents/GitHub/ShooterSam/ShooterSam/Content/StarterBundle/ModularSci_Int/Meshes/SM_Pipe_Ceiling_A.ubulk" 2332
"F:/Users/mihai/Documents/GitHub/ShooterSam/ShooterSam/Content/StarterBundle/ModularSci_Int/Meshes/SM_Pipe_Ceiling_A.uasset" 2333
"F:/Users/mihai/Documents/GitHub/ShooterSam/ShooterSam/Content/StarterBundle/ModularSci_Int/Meshes/SM_Pipe_Ceiling_A.uexp" 2334
"F:/Users/mihai/Documents/GitHub/ShooterSam/ShooterSam/Content/StarterBundle/ModularSci_Int/Textures/T_Hall_Pipe_Handle_N_normals.ubulk" 2335
"F:/Users/mihai/Documents/GitHub/ShooterSam/ShooterSam/Content/StarterBundle/ModularSci_Int/Textures/T_Hall_Pipe_Handle_N_normals.uasset" 2336
"F:/Users/mihai/Documents/GitHub/ShooterSam/ShooterSam/Content/StarterBundle/ModularSci_Int/Textures/T_Hall_Pipe_Handle_N_normals.uexp" 2337
"F:/Users/mihai/Documents/GitHub/ShooterSam/ShooterSam/Content/StarterBundle/ModularSci_Int/Textures/T_Hall_Pipe_Handle_M.ubulk" 2338
"F:/Users/mihai/Documents/GitHub/ShooterSam/ShooterSam/Content/StarterBundle/ModularSci_Int/Textures/T_Hall_Pipe_Handle_M.uasset" 2339
"F:/Users/mihai/Documents/GitHub/ShooterSam/ShooterSam/Content/StarterBundle/ModularSci_Int/Textures/T_Hall_Pipe_Handle_M.uexp" 2340
"F:/Users/mihai/Documents/GitHub/ShooterSam/ShooterSam/Content/StarterBundle/ModularSci_Int/Textures/T_Hall_Pipe_Handle_Diff_b.ubulk" 2341
"F:/Users/mihai/Documents/GitHub/ShooterSam/ShooterSam/Content/StarterBundle/ModularSci_Int/Textures/T_Hall_Pipe_Handle_Diff_b.uasset" 2342
"F:/Users/mihai/Documents/GitHub/ShooterSam/ShooterSam/Content/StarterBundle/ModularSci_Int/Textures/T_Hall_Pipe_Handle_Diff_b.uexp" 2343
"F:/Users/mihai/Documents/GitHub/ShooterSam/ShooterSam/Content/StarterBundle/ModularSci_Int/Materials/MI_DoorwayPipes.uasset" 2344
"F:/Users/mihai/Documents/GitHub/ShooterSam/ShooterSam/Content/StarterBundle/ModularSci_Int/Materials/MI_DoorwayPipes.uexp" 2345
"F:/Users/mihai/Documents/GitHub/ShooterSam/ShooterSam/Content/StarterBundle/ModularSci_Int/Meshes/SM_Pipes_Doorway.ubulk" 2346
"F:/Users/mihai/Documents/GitHub/ShooterSam/ShooterSam/Content/StarterBundle/ModularSci_Int/Meshes/SM_Pipes_Doorway.uasset" 2347
"F:/Users/mihai/Documents/GitHub/ShooterSam/ShooterSam/Content/StarterBundle/ModularSci_Int/Meshes/SM_Pipes_Doorway.uexp" 2348
"F:/Users/mihai/Documents/GitHub/ShooterSam/ShooterSam/Content/StarterBundle/ModularSci_Int/Textures/T_Hall_Light_Square_N_normals.ubulk" 2349
"F:/Users/mihai/Documents/GitHub/ShooterSam/ShooterSam/Content/StarterBundle/ModularSci_Int/Textures/T_Hall_Light_Square_N_normals.uasset" 2350
"F:/Users/mihai/Documents/GitHub/ShooterSam/ShooterSam/Content/StarterBundle/ModularSci_Int/Textures/T_Hall_Light_Square_N_normals.uexp" 2351
"F:/Users/mihai/Documents/GitHub/ShooterSam/ShooterSam/Content/StarterBundle/ModularSci_Int/Textures/T_Hall_Light_Square_M.ubulk" 2352
"F:/Users/mihai/Documents/GitHub/ShooterSam/ShooterSam/Content/StarterBundle/ModularSci_Int/Textures/T_Hall_Light_Square_M.uasset" 2353
"F:/Users/mihai/Documents/GitHub/ShooterSam/ShooterSam/Content/StarterBundle/ModularSci_Int/Textures/T_Hall_Light_Square_M.uexp" 2354
"F:/Users/mihai/Documents/GitHub/ShooterSam/ShooterSam/Content/StarterBundle/ModularSci_Int/Textures/T_Hall_Light_Square_EM.ubulk" 2355
"F:/Users/mihai/Documents/GitHub/ShooterSam/ShooterSam/Content/StarterBundle/ModularSci_Int/Textures/T_Hall_Light_Square_EM.uasset" 2356
"F:/Users/mihai/Documents/GitHub/ShooterSam/ShooterSam/Content/StarterBundle/ModularSci_Int/Textures/T_Hall_Light_Square_EM.uexp" 2357
"F:/Users/mihai/Documents/GitHub/ShooterSam/ShooterSam/Content/StarterBundle/ModularSci_Int/Textures/T_Hall_Light_Square_Diff.ubulk" 2358
"F:/Users/mihai/Documents/GitHub/ShooterSam/ShooterSam/Content/StarterBundle/ModularSci_Int/Textures/T_Hall_Light_Square_Diff.uasset" 2359
"F:/Users/mihai/Documents/GitHub/ShooterSam/ShooterSam/Content/StarterBundle/ModularSci_Int/Textures/T_Hall_Light_Square_Diff.uexp" 2360
"F:/Users/mihai/Documents/GitHub/ShooterSam/ShooterSam/Content/StarterBundle/ModularSci_Int/Materials/MI_Light_Square.uasset" 2361
"F:/Users/mihai/Documents/GitHub/ShooterSam/ShooterSam/Content/StarterBundle/ModularSci_Int/Materials/MI_Light_Square.uexp" 2362
"F:/Users/mihai/Documents/GitHub/ShooterSam/ShooterSam/Content/StarterBundle/ModularSci_Int/Meshes/SM_Light_Square.ubulk" 2363
"F:/Users/mihai/Documents/GitHub/ShooterSam/ShooterSam/Content/StarterBundle/ModularSci_Int/Meshes/SM_Light_Square.uasset" 2364
"F:/Users/mihai/Documents/GitHub/ShooterSam/ShooterSam/Content/StarterBundle/ModularSci_Int/Meshes/SM_Light_Square.uexp" 2365
"F:/Users/mihai/Documents/GitHub/ShooterSam/ShooterSam/Content/StarterBundle/ModularSci_Int/Textures/T_Hall_WDetails_A_N_normals.ubulk" 2366
"F:/Users/mihai/Documents/GitHub/ShooterSam/ShooterSam/Content/StarterBundle/ModularSci_Int/Textures/T_Hall_WDetails_A_N_normals.uasset" 2367
"F:/Users/mihai/Documents/GitHub/ShooterSam/ShooterSam/Content/StarterBundle/ModularSci_Int/Textures/T_Hall_WDetails_A_N_normals.uexp" 2368
"F:/Users/mihai/Documents/GitHub/ShooterSam/ShooterSam/Content/StarterBundle/ModularSci_Int/Textures/T_Hall_WDetails_A_M.ubulk" 2369
"F:/Users/mihai/Documents/GitHub/ShooterSam/ShooterSam/Content/StarterBundle/ModularSci_Int/Textures/T_Hall_WDetails_A_M.uasset" 2370
"F:/Users/mihai/Documents/GitHub/ShooterSam/ShooterSam/Content/StarterBundle/ModularSci_Int/Textures/T_Hall_WDetails_A_M.uexp" 2371
"F:/Users/mihai/Documents/GitHub/ShooterSam/ShooterSam/Content/StarterBundle/ModularSci_Int/Textures/T_Hall_WDetails_A_Diff.ubulk" 2372
"F:/Users/mihai/Documents/GitHub/ShooterSam/ShooterSam/Content/StarterBundle/ModularSci_Int/Textures/T_Hall_WDetails_A_Diff.uasset" 2373
"F:/Users/mihai/Documents/GitHub/ShooterSam/ShooterSam/Content/StarterBundle/ModularSci_Int/Textures/T_Hall_WDetails_A_Diff.uexp" 2374
"F:/Users/mihai/Documents/GitHub/ShooterSam/ShooterSam/Content/StarterBundle/ModularSci_Int/Materials/MI_Hall_WDetails_A.uasset" 2375
"F:/Users/mihai/Documents/GitHub/ShooterSam/ShooterSam/Content/StarterBundle/ModularSci_Int/Materials/MI_Hall_WDetails_A.uexp" 2376
"F:/Users/mihai/Documents/GitHub/ShooterSam/ShooterSam/Content/StarterBundle/ModularSci_Int/Meshes/SM_Hall_WDetails_A.ubulk" 2377
"F:/Users/mihai/Documents/GitHub/ShooterSam/ShooterSam/Content/StarterBundle/ModularSci_Int/Meshes/SM_Hall_WDetails_A.uasset" 2378
"F:/Users/mihai/Documents/GitHub/ShooterSam/ShooterSam/Content/StarterBundle/ModularSci_Int/Meshes/SM_Hall_WDetails_A.uexp" 2379
"F:/Users/mihai/Documents/GitHub/ShooterSam/ShooterSam/Content/StarterBundle/ModularSci_Int/Textures/T_Hall_Wall_C_N_normals.ubulk" 2380
"F:/Users/mihai/Documents/GitHub/ShooterSam/ShooterSam/Content/StarterBundle/ModularSci_Int/Textures/T_Hall_Wall_C_N_normals.uasset" 2381
"F:/Users/mihai/Documents/GitHub/ShooterSam/ShooterSam/Content/StarterBundle/ModularSci_Int/Textures/T_Hall_Wall_C_N_normals.uexp" 2382
"F:/Users/mihai/Documents/GitHub/ShooterSam/ShooterSam/Content/StarterBundle/ModularSci_Int/Textures/T_Hall_Wall_C_M.ubulk" 2383
"F:/Users/mihai/Documents/GitHub/ShooterSam/ShooterSam/Content/StarterBundle/ModularSci_Int/Textures/T_Hall_Wall_C_M.uasset" 2384
"F:/Users/mihai/Documents/GitHub/ShooterSam/ShooterSam/Content/StarterBundle/ModularSci_Int/Textures/T_Hall_Wall_C_M.uexp" 2385
"F:/Users/mihai/Documents/GitHub/ShooterSam/ShooterSam/Content/StarterBundle/ModularSci_Int/Textures/T_Hall_Wall_C_Diff.ubulk" 2386
"F:/Users/mihai/Documents/GitHub/ShooterSam/ShooterSam/Content/StarterBundle/ModularSci_Int/Textures/T_Hall_Wall_C_Diff.uasset" 2387
"F:/Users/mihai/Documents/GitHub/ShooterSam/ShooterSam/Content/StarterBundle/ModularSci_Int/Textures/T_Hall_Wall_C_Diff.uexp" 2388
"F:/Users/mihai/Documents/GitHub/ShooterSam/ShooterSam/Content/StarterBundle/ModularSci_Int/Materials/MI_Hall_Wall_C_3.uasset" 2389
"F:/Users/mihai/Documents/GitHub/ShooterSam/ShooterSam/Content/StarterBundle/ModularSci_Int/Materials/MI_Hall_Wall_C_3.uexp" 2390
"F:/Users/mihai/Documents/GitHub/ShooterSam/ShooterSam/Content/StarterBundle/ModularSci_Int/Meshes/SM_Hall_Wall_C_3.ubulk" 2391
"F:/Users/mihai/Documents/GitHub/ShooterSam/ShooterSam/Content/StarterBundle/ModularSci_Int/Meshes/SM_Hall_Wall_C_3.uasset" 2392
"F:/Users/mihai/Documents/GitHub/ShooterSam/ShooterSam/Content/StarterBundle/ModularSci_Int/Meshes/SM_Hall_Wall_C_3.uexp" 2393
"F:/Users/mihai/Documents/GitHub/ShooterSam/ShooterSam/Content/StarterBundle/ModularSci_Int/Textures/T_Hall_Doorway_Panel_N_normals.ubulk" 2394
"F:/Users/mihai/Documents/GitHub/ShooterSam/ShooterSam/Content/StarterBundle/ModularSci_Int/Textures/T_Hall_Doorway_Panel_N_normals.uasset" 2395
"F:/Users/mihai/Documents/GitHub/ShooterSam/ShooterSam/Content/StarterBundle/ModularSci_Int/Textures/T_Hall_Doorway_Panel_N_normals.uexp" 2396
"F:/Users/mihai/Documents/GitHub/ShooterSam/ShooterSam/Content/StarterBundle/ModularSci_Int/Textures/T_Hall_Doorway_Panel_M.ubulk" 2397
"F:/Users/mihai/Documents/GitHub/ShooterSam/ShooterSam/Content/StarterBundle/ModularSci_Int/Textures/T_Hall_Doorway_Panel_M.uasset" 2398
"F:/Users/mihai/Documents/GitHub/ShooterSam/ShooterSam/Content/StarterBundle/ModularSci_Int/Textures/T_Hall_Doorway_Panel_M.uexp" 2399
"F:/Users/mihai/Documents/GitHub/ShooterSam/ShooterSam/Content/StarterBundle/ModularSci_Int/Textures/T_Hall_Doorway_Panel_Diff.ubulk" 2400
"F:/Users/mihai/Documents/GitHub/ShooterSam/ShooterSam/Content/StarterBundle/ModularSci_Int/Textures/T_Hall_Doorway_Panel_Diff.uasset" 2401
"F:/Users/mihai/Documents/GitHub/ShooterSam/ShooterSam/Content/StarterBundle/ModularSci_Int/Textures/T_Hall_Doorway_Panel_Diff.uexp" 2402
"F:/Users/mihai/Documents/GitHub/ShooterSam/ShooterSam/Content/StarterBundle/ModularSci_Int/Materials/MI_Doorway_Panel.uasset" 2403
"F:/Users/mihai/Documents/GitHub/ShooterSam/ShooterSam/Content/StarterBundle/ModularSci_Int/Materials/MI_Doorway_Panel.uexp" 2404
"F:/Users/mihai/Documents/GitHub/ShooterSam/ShooterSam/Content/StarterBundle/ModularSci_Int/Meshes/SM_Hall_Doorway_Panel.ubulk" 2405
"F:/Users/mihai/Documents/GitHub/ShooterSam/ShooterSam/Content/StarterBundle/ModularSci_Int/Meshes/SM_Hall_Doorway_Panel.uasset" 2406
"F:/Users/mihai/Documents/GitHub/ShooterSam/ShooterSam/Content/StarterBundle/ModularSci_Int/Meshes/SM_Hall_Doorway_Panel.uexp" 2407
"F:/Users/mihai/Documents/GitHub/ShooterSam/ShooterSam/Content/StarterBundle/ModularSci_Int/Textures/T_norm.ubulk" 2408
"F:/Users/mihai/Documents/GitHub/ShooterSam/ShooterSam/Content/StarterBundle/ModularSci_Int/Textures/T_norm.uasset" 2409
"F:/Users/mihai/Documents/GitHub/ShooterSam/ShooterSam/Content/StarterBundle/ModularSci_Int/Textures/T_norm.uexp" 2410
"F:/Users/mihai/Documents/GitHub/ShooterSam/ShooterSam/Content/StarterBundle/ModularSci_Int/Textures/T_FloorPanel_A_M.ubulk" 2411
"F:/Users/mihai/Documents/GitHub/ShooterSam/ShooterSam/Content/StarterBundle/ModularSci_Int/Textures/T_FloorPanel_A_M.uasset" 2412
"F:/Users/mihai/Documents/GitHub/ShooterSam/ShooterSam/Content/StarterBundle/ModularSci_Int/Textures/T_FloorPanel_A_M.uexp" 2413
"F:/Users/mihai/Documents/GitHub/ShooterSam/ShooterSam/Content/StarterBundle/ModularSci_Int/Textures/T_FloorPanel_A_Diff.ubulk" 2414
"F:/Users/mihai/Documents/GitHub/ShooterSam/ShooterSam/Content/StarterBundle/ModularSci_Int/Textures/T_FloorPanel_A_Diff.uasset" 2415
"F:/Users/mihai/Documents/GitHub/ShooterSam/ShooterSam/Content/StarterBundle/ModularSci_Int/Textures/T_FloorPanel_A_Diff.uexp" 2416
"F:/Users/mihai/Documents/GitHub/ShooterSam/ShooterSam/Content/StarterBundle/ModularSci_Int/Materials/MI_FloorPanel_A.uasset" 2417
"F:/Users/mihai/Documents/GitHub/ShooterSam/ShooterSam/Content/StarterBundle/ModularSci_Int/Materials/MI_FloorPanel_A.uexp" 2418
"F:/Users/mihai/Documents/GitHub/ShooterSam/ShooterSam/Content/StarterBundle/ModularSci_Int/Meshes/SM_FloorPanel_A.ubulk" 2419
"F:/Users/mihai/Documents/GitHub/ShooterSam/ShooterSam/Content/StarterBundle/ModularSci_Int/Meshes/SM_FloorPanel_A.uasset" 2420
"F:/Users/mihai/Documents/GitHub/ShooterSam/ShooterSam/Content/StarterBundle/ModularSci_Int/Meshes/SM_FloorPanel_A.uexp" 2421
"F:/Users/mihai/Documents/GitHub/ShooterSam/ShooterSam/Content/StarterBundle/ModularSci_Int/Textures/T_FloorPanel_A_2_M.ubulk" 2422
"F:/Users/mihai/Documents/GitHub/ShooterSam/ShooterSam/Content/StarterBundle/ModularSci_Int/Textures/T_FloorPanel_A_2_M.uasset" 2423
"F:/Users/mihai/Documents/GitHub/ShooterSam/ShooterSam/Content/StarterBundle/ModularSci_Int/Textures/T_FloorPanel_A_2_M.uexp" 2424
"F:/Users/mihai/Documents/GitHub/ShooterSam/ShooterSam/Content/StarterBundle/ModularSci_Int/Textures/T_FloorPanel_A_2_Diff.ubulk" 2425
"F:/Users/mihai/Documents/GitHub/ShooterSam/ShooterSam/Content/StarterBundle/ModularSci_Int/Textures/T_FloorPanel_A_2_Diff.uasset" 2426
"F:/Users/mihai/Documents/GitHub/ShooterSam/ShooterSam/Content/StarterBundle/ModularSci_Int/Textures/T_FloorPanel_A_2_Diff.uexp" 2427
"F:/Users/mihai/Documents/GitHub/ShooterSam/ShooterSam/Content/StarterBundle/ModularSci_Int/Materials/MI_FloorPanel_A_2.uasset" 2428
"F:/Users/mihai/Documents/GitHub/ShooterSam/ShooterSam/Content/StarterBundle/ModularSci_Int/Materials/MI_FloorPanel_A_2.uexp" 2429
"F:/Users/mihai/Documents/GitHub/ShooterSam/ShooterSam/Content/StarterBundle/ModularSci_Int/Meshes/SM_FloorPanel_A_2.ubulk" 2430
"F:/Users/mihai/Documents/GitHub/ShooterSam/ShooterSam/Content/StarterBundle/ModularSci_Int/Meshes/SM_FloorPanel_A_2.uasset" 2431
"F:/Users/mihai/Documents/GitHub/ShooterSam/ShooterSam/Content/StarterBundle/ModularSci_Int/Meshes/SM_FloorPanel_A_2.uexp" 2432
"F:/Users/mihai/Documents/GitHub/ShooterSam/ShooterSam/Content/StarterBundle/ModularSci_Int/Meshes/SM_FloorBuffer_B.ubulk" 2433
"F:/Users/mihai/Documents/GitHub/ShooterSam/ShooterSam/Content/StarterBundle/ModularSci_Int/Meshes/SM_FloorBuffer_B.uasset" 2434
"F:/Users/mihai/Documents/GitHub/ShooterSam/ShooterSam/Content/StarterBundle/ModularSci_Int/Meshes/SM_FloorBuffer_B.uexp" 2435
"F:/Users/mihai/Documents/GitHub/ShooterSam/ShooterSam/Content/StarterBundle/ModularSci_Int/Meshes/SM_FloorBuffer_B_2.ubulk" 2436
"F:/Users/mihai/Documents/GitHub/ShooterSam/ShooterSam/Content/StarterBundle/ModularSci_Int/Meshes/SM_FloorBuffer_B_2.uasset" 2437
"F:/Users/mihai/Documents/GitHub/ShooterSam/ShooterSam/Content/StarterBundle/ModularSci_Int/Meshes/SM_FloorBuffer_B_2.uexp" 2438
"F:/Users/mihai/Documents/GitHub/ShooterSam/ShooterSam/Content/StarterBundle/ModularSci_Int/Textures/T_Trims_A_N_normals.ubulk" 2439
"F:/Users/mihai/Documents/GitHub/ShooterSam/ShooterSam/Content/StarterBundle/ModularSci_Int/Textures/T_Trims_A_N_normals.uasset" 2440
"F:/Users/mihai/Documents/GitHub/ShooterSam/ShooterSam/Content/StarterBundle/ModularSci_Int/Textures/T_Trims_A_N_normals.uexp" 2441
"F:/Users/mihai/Documents/GitHub/ShooterSam/ShooterSam/Content/StarterBundle/ModularSci_Int/Textures/T_Trims_A_M.ubulk" 2442
"F:/Users/mihai/Documents/GitHub/ShooterSam/ShooterSam/Content/StarterBundle/ModularSci_Int/Textures/T_Trims_A_M.uasset" 2443
"F:/Users/mihai/Documents/GitHub/ShooterSam/ShooterSam/Content/StarterBundle/ModularSci_Int/Textures/T_Trims_A_M.uexp" 2444
"F:/Users/mihai/Documents/GitHub/ShooterSam/ShooterSam/Content/StarterBundle/ModularSci_Int/Textures/T_Trims_A_Diff.ubulk" 2445
"F:/Users/mihai/Documents/GitHub/ShooterSam/ShooterSam/Content/StarterBundle/ModularSci_Int/Textures/T_Trims_A_Diff.uasset" 2446
"F:/Users/mihai/Documents/GitHub/ShooterSam/ShooterSam/Content/StarterBundle/ModularSci_Int/Textures/T_Trims_A_Diff.uexp" 2447
"F:/Users/mihai/Documents/GitHub/ShooterSam/ShooterSam/Content/StarterBundle/ModularSci_Int/Materials/MI_Trims_A.uasset" 2448
"F:/Users/mihai/Documents/GitHub/ShooterSam/ShooterSam/Content/StarterBundle/ModularSci_Int/Materials/MI_Trims_A.uexp" 2449
"F:/Users/mihai/Documents/GitHub/ShooterSam/ShooterSam/Content/StarterBundle/ModularSci_Int/Textures/T_Trims_A_M_B.ubulk" 2450
"F:/Users/mihai/Documents/GitHub/ShooterSam/ShooterSam/Content/StarterBundle/ModularSci_Int/Textures/T_Trims_A_M_B.uasset" 2451
"F:/Users/mihai/Documents/GitHub/ShooterSam/ShooterSam/Content/StarterBundle/ModularSci_Int/Textures/T_Trims_A_M_B.uexp" 2452
"F:/Users/mihai/Documents/GitHub/ShooterSam/ShooterSam/Content/StarterBundle/ModularSci_Int/Textures/T_Trims_A_Diff_B.ubulk" 2453
"F:/Users/mihai/Documents/GitHub/ShooterSam/ShooterSam/Content/StarterBundle/ModularSci_Int/Textures/T_Trims_A_Diff_B.uasset" 2454
"F:/Users/mihai/Documents/GitHub/ShooterSam/ShooterSam/Content/StarterBundle/ModularSci_Int/Textures/T_Trims_A_Diff_B.uexp" 2455
"F:/Users/mihai/Documents/GitHub/ShooterSam/ShooterSam/Content/StarterBundle/ModularSci_Int/Materials/MI_Trims_A_2.uasset" 2456
"F:/Users/mihai/Documents/GitHub/ShooterSam/ShooterSam/Content/StarterBundle/ModularSci_Int/Materials/MI_Trims_A_2.uexp" 2457
"F:/Users/mihai/Documents/GitHub/ShooterSam/ShooterSam/Content/StarterBundle/ModularSci_Int/Meshes/SM_FloorBuffer_A.ubulk" 2458
"F:/Users/mihai/Documents/GitHub/ShooterSam/ShooterSam/Content/StarterBundle/ModularSci_Int/Meshes/SM_FloorBuffer_A.uasset" 2459
"F:/Users/mihai/Documents/GitHub/ShooterSam/ShooterSam/Content/StarterBundle/ModularSci_Int/Meshes/SM_FloorBuffer_A.uexp" 2460
"F:/Users/mihai/Documents/GitHub/ShooterSam/ShooterSam/Content/StarterBundle/ModularSci_Int/Meshes/SM_FloorBuffer_A_2.ubulk" 2461
"F:/Users/mihai/Documents/GitHub/ShooterSam/ShooterSam/Content/StarterBundle/ModularSci_Int/Meshes/SM_FloorBuffer_A_2.uasset" 2462
"F:/Users/mihai/Documents/GitHub/ShooterSam/ShooterSam/Content/StarterBundle/ModularSci_Int/Meshes/SM_FloorBuffer_A_2.uexp" 2463
"F:/Users/mihai/Documents/GitHub/ShooterSam/ShooterSam/Content/StarterBundle/ModularSci_Int/Textures/T_Hall_Door_L_EM.ubulk" 2464
"F:/Users/mihai/Documents/GitHub/ShooterSam/ShooterSam/Content/StarterBundle/ModularSci_Int/Textures/T_Hall_Door_L_EM.uasset" 2465
"F:/Users/mihai/Documents/GitHub/ShooterSam/ShooterSam/Content/StarterBundle/ModularSci_Int/Textures/T_Hall_Door_L_EM.uexp" 2466
"F:/Users/mihai/Documents/GitHub/ShooterSam/ShooterSam/Content/StarterBundle/ModularSci_Int/Materials/MI_Door_L.uasset" 2467
"F:/Users/mihai/Documents/GitHub/ShooterSam/ShooterSam/Content/StarterBundle/ModularSci_Int/Materials/MI_Door_L.uexp" 2468
"F:/Users/mihai/Documents/GitHub/ShooterSam/ShooterSam/Content/StarterBundle/ModularSci_Int/Meshes/SM_Door_L.ubulk" 2469
"F:/Users/mihai/Documents/GitHub/ShooterSam/ShooterSam/Content/StarterBundle/ModularSci_Int/Meshes/SM_Door_L.uasset" 2470
"F:/Users/mihai/Documents/GitHub/ShooterSam/ShooterSam/Content/StarterBundle/ModularSci_Int/Meshes/SM_Door_L.uexp" 2471
"F:/Users/mihai/Documents/GitHub/ShooterSam/ShooterSam/Content/StarterBundle/ModularSci_Int/Materials/M_SolidColor_Base.uasset" 2472
"F:/Users/mihai/Documents/GitHub/ShooterSam/ShooterSam/Content/StarterBundle/ModularSci_Int/Materials/M_SolidColor_Base.uexp" 2473
"F:/Users/mihai/Documents/GitHub/ShooterSam/ShooterSam/Content/StarterBundle/ModularSci_Int/Materials/MI_WhiteMetal.uasset" 2474
"F:/Users/mihai/Documents/GitHub/ShooterSam/ShooterSam/Content/StarterBundle/ModularSci_Int/Materials/MI_WhiteMetal.uexp" 2475
"F:/Users/mihai/Documents/GitHub/ShooterSam/ShooterSam/Content/StarterBundle/ModularSci_Int/Meshes/SM_Doorway_S_C.ubulk" 2476
"F:/Users/mihai/Documents/GitHub/ShooterSam/ShooterSam/Content/StarterBundle/ModularSci_Int/Meshes/SM_Doorway_S_C.uasset" 2477
"F:/Users/mihai/Documents/GitHub/ShooterSam/ShooterSam/Content/StarterBundle/ModularSci_Int/Meshes/SM_Doorway_S_C.uexp" 2478
"F:/Users/mihai/Documents/GitHub/ShooterSam/ShooterSam/Content/StarterBundle/ModularSci_Int/Textures/T_Hall_Doorway_LB_N_normals.ubulk" 2479
"F:/Users/mihai/Documents/GitHub/ShooterSam/ShooterSam/Content/StarterBundle/ModularSci_Int/Textures/T_Hall_Doorway_LB_N_normals.uasset" 2480
"F:/Users/mihai/Documents/GitHub/ShooterSam/ShooterSam/Content/StarterBundle/ModularSci_Int/Textures/T_Hall_Doorway_LB_N_normals.uexp" 2481
"F:/Users/mihai/Documents/GitHub/ShooterSam/ShooterSam/Content/StarterBundle/ModularSci_Int/Textures/T_Hall_Doorway_LB_M.ubulk" 2482
"F:/Users/mihai/Documents/GitHub/ShooterSam/ShooterSam/Content/StarterBundle/ModularSci_Int/Textures/T_Hall_Doorway_LB_M.uasset" 2483
"F:/Users/mihai/Documents/GitHub/ShooterSam/ShooterSam/Content/StarterBundle/ModularSci_Int/Textures/T_Hall_Doorway_LB_M.uexp" 2484
"F:/Users/mihai/Documents/GitHub/ShooterSam/ShooterSam/Content/StarterBundle/ModularSci_Int/Textures/T_Hall_Doorway_LB_Diff.ubulk" 2485
"F:/Users/mihai/Documents/GitHub/ShooterSam/ShooterSam/Content/StarterBundle/ModularSci_Int/Textures/T_Hall_Doorway_LB_Diff.uasset" 2486
"F:/Users/mihai/Documents/GitHub/ShooterSam/ShooterSam/Content/StarterBundle/ModularSci_Int/Textures/T_Hall_Doorway_LB_Diff.uexp" 2487
"F:/Users/mihai/Documents/GitHub/ShooterSam/ShooterSam/Content/StarterBundle/ModularSci_Int/Materials/MI_Doorway_L_B2.uasset" 2488
"F:/Users/mihai/Documents/GitHub/ShooterSam/ShooterSam/Content/StarterBundle/ModularSci_Int/Materials/MI_Doorway_L_B2.uexp" 2489
"F:/Users/mihai/Documents/GitHub/ShooterSam/ShooterSam/Content/StarterBundle/ModularSci_Int/Meshes/SM_Doorway_S_B.ubulk" 2490
"F:/Users/mihai/Documents/GitHub/ShooterSam/ShooterSam/Content/StarterBundle/ModularSci_Int/Meshes/SM_Doorway_S_B.uasset" 2491
"F:/Users/mihai/Documents/GitHub/ShooterSam/ShooterSam/Content/StarterBundle/ModularSci_Int/Meshes/SM_Doorway_S_B.uexp" 2492
"F:/Users/mihai/Documents/GitHub/ShooterSam/ShooterSam/Content/StarterBundle/ModularSci_Int/Materials/MI_Hall_Wall_C_4.uasset" 2493
"F:/Users/mihai/Documents/GitHub/ShooterSam/ShooterSam/Content/StarterBundle/ModularSci_Int/Materials/MI_Hall_Wall_C_4.uexp" 2494
"F:/Users/mihai/Documents/GitHub/ShooterSam/ShooterSam/Content/StarterBundle/ModularSci_Int/Textures/T_Hall_Doorway_L_N_normals.ubulk" 2495
"F:/Users/mihai/Documents/GitHub/ShooterSam/ShooterSam/Content/StarterBundle/ModularSci_Int/Textures/T_Hall_Doorway_L_N_normals.uasset" 2496
"F:/Users/mihai/Documents/GitHub/ShooterSam/ShooterSam/Content/StarterBundle/ModularSci_Int/Textures/T_Hall_Doorway_L_N_normals.uexp" 2497
"F:/Users/mihai/Documents/GitHub/ShooterSam/ShooterSam/Content/StarterBundle/ModularSci_Int/Textures/T_Hall_Doorway_L_M.ubulk" 2498
"F:/Users/mihai/Documents/GitHub/ShooterSam/ShooterSam/Content/StarterBundle/ModularSci_Int/Textures/T_Hall_Doorway_L_M.uasset" 2499
"F:/Users/mihai/Documents/GitHub/ShooterSam/ShooterSam/Content/StarterBundle/ModularSci_Int/Textures/T_Hall_Doorway_L_M.uexp" 2500
"F:/Users/mihai/Documents/GitHub/ShooterSam/ShooterSam/Content/StarterBundle/ModularSci_Int/Textures/T_Hall_Doorway_L_Diff.ubulk" 2501
"F:/Users/mihai/Documents/GitHub/ShooterSam/ShooterSam/Content/StarterBundle/ModularSci_Int/Textures/T_Hall_Doorway_L_Diff.uasset" 2502
"F:/Users/mihai/Documents/GitHub/ShooterSam/ShooterSam/Content/StarterBundle/ModularSci_Int/Textures/T_Hall_Doorway_L_Diff.uexp" 2503
"F:/Users/mihai/Documents/GitHub/ShooterSam/ShooterSam/Content/StarterBundle/ModularSci_Int/Materials/MI_Doorway_L.uasset" 2504
"F:/Users/mihai/Documents/GitHub/ShooterSam/ShooterSam/Content/StarterBundle/ModularSci_Int/Materials/MI_Doorway_L.uexp" 2505
"F:/Users/mihai/Documents/GitHub/ShooterSam/ShooterSam/Content/StarterBundle/ModularSci_Int/Meshes/SM_Doorway_L.ubulk" 2506
"F:/Users/mihai/Documents/GitHub/ShooterSam/ShooterSam/Content/StarterBundle/ModularSci_Int/Meshes/SM_Doorway_L.uasset" 2507
"F:/Users/mihai/Documents/GitHub/ShooterSam/ShooterSam/Content/StarterBundle/ModularSci_Int/Meshes/SM_Doorway_L.uexp" 2508
"F:/Users/mihai/Documents/GitHub/ShooterSam/ShooterSam/Content/StarterBundle/ModularSci_Int/Meshes/SM_Ceiling_B.ubulk" 2509
"F:/Users/mihai/Documents/GitHub/ShooterSam/ShooterSam/Content/StarterBundle/ModularSci_Int/Meshes/SM_Ceiling_B.uasset" 2510
"F:/Users/mihai/Documents/GitHub/ShooterSam/ShooterSam/Content/StarterBundle/ModularSci_Int/Meshes/SM_Ceiling_B.uexp" 2511
"F:/Users/mihai/Documents/GitHub/ShooterSam/ShooterSam/Content/StarterBundle/ModularSci_Int/Meshes/SM_Ceiling_B_2.ubulk" 2512
"F:/Users/mihai/Documents/GitHub/ShooterSam/ShooterSam/Content/StarterBundle/ModularSci_Int/Meshes/SM_Ceiling_B_2.uasset" 2513
"F:/Users/mihai/Documents/GitHub/ShooterSam/ShooterSam/Content/StarterBundle/ModularSci_Int/Meshes/SM_Ceiling_B_2.uexp" 2514
"F:/Users/mihai/Documents/GitHub/ShooterSam/ShooterSam/Content/StarterBundle/ModularSci_Int/Meshes/SM_Ceiling_B_3.ubulk" 2515
"F:/Users/mihai/Documents/GitHub/ShooterSam/ShooterSam/Content/StarterBundle/ModularSci_Int/Meshes/SM_Ceiling_B_3.uasset" 2516
"F:/Users/mihai/Documents/GitHub/ShooterSam/ShooterSam/Content/StarterBundle/ModularSci_Int/Meshes/SM_Ceiling_B_3.uexp" 2517
"F:/Users/mihai/Documents/GitHub/ShooterSam/ShooterSam/Content/StarterBundle/ModularSci_Int/Meshes/SM_Ceiling_B_4.ubulk" 2518
"F:/Users/mihai/Documents/GitHub/ShooterSam/ShooterSam/Content/StarterBundle/ModularSci_Int/Meshes/SM_Ceiling_B_4.uasset" 2519
"F:/Users/mihai/Documents/GitHub/ShooterSam/ShooterSam/Content/StarterBundle/ModularSci_Int/Meshes/SM_Ceiling_B_4.uexp" 2520
"F:/Users/mihai/Documents/GitHub/ShooterSam/ShooterSam/Content/StarterBundle/ModularSci_Int/Meshes/SM_Ceiling_A.ubulk" 2521
"F:/Users/mihai/Documents/GitHub/ShooterSam/ShooterSam/Content/StarterBundle/ModularSci_Int/Meshes/SM_Ceiling_A.uasset" 2522
"F:/Users/mihai/Documents/GitHub/ShooterSam/ShooterSam/Content/StarterBundle/ModularSci_Int/Meshes/SM_Ceiling_A.uexp" 2523
"F:/Users/mihai/Documents/GitHub/ShooterSam/ShooterSam/Content/StarterBundle/ModularSci_Int/Meshes/SM_CeilingEdge_B.ubulk" 2524
"F:/Users/mihai/Documents/GitHub/ShooterSam/ShooterSam/Content/StarterBundle/ModularSci_Int/Meshes/SM_CeilingEdge_B.uasset" 2525
"F:/Users/mihai/Documents/GitHub/ShooterSam/ShooterSam/Content/StarterBundle/ModularSci_Int/Meshes/SM_CeilingEdge_B.uexp" 2526
"F:/Users/mihai/Documents/GitHub/ShooterSam/ShooterSam/Content/StarterBundle/ModularSci_Int/Meshes/SM_CeilingEdge_A.ubulk" 2527
"F:/Users/mihai/Documents/GitHub/ShooterSam/ShooterSam/Content/StarterBundle/ModularSci_Int/Meshes/SM_CeilingEdge_A.uasset" 2528
"F:/Users/mihai/Documents/GitHub/ShooterSam/ShooterSam/Content/StarterBundle/ModularSci_Int/Meshes/SM_CeilingEdge_A.uexp" 2529
"F:/Users/mihai/Documents/GitHub/ShooterSam/ShooterSam/Content/StarterBundle/ModularSci_Int/Meshes/SM_CeilingBrace_A.ubulk" 2530
"F:/Users/mihai/Documents/GitHub/ShooterSam/ShooterSam/Content/StarterBundle/ModularSci_Int/Meshes/SM_CeilingBrace_A.uasset" 2531
"F:/Users/mihai/Documents/GitHub/ShooterSam/ShooterSam/Content/StarterBundle/ModularSci_Int/Meshes/SM_CeilingBrace_A.uexp" 2532
"F:/Users/mihai/Documents/GitHub/ShooterSam/ShooterSam/Content/StarterBundle/ModularSci_Int/Materials/MI_Win_FloorEdge_B3.uasset" 2533
"F:/Users/mihai/Documents/GitHub/ShooterSam/ShooterSam/Content/StarterBundle/ModularSci_Int/Materials/MI_Win_FloorEdge_B3.uexp" 2534
"F:/Users/mihai/Documents/GitHub/ShooterSam/ShooterSam/Content/StarterBundle/ModularSci_Int/Materials/MI_Win_FloorEdge_B2.uasset" 2535
"F:/Users/mihai/Documents/GitHub/ShooterSam/ShooterSam/Content/StarterBundle/ModularSci_Int/Materials/MI_Win_FloorEdge_B2.uexp" 2536
"F:/Users/mihai/Documents/GitHub/ShooterSam/ShooterSam/Content/StarterBundle/ModularSci_Int/Materials/MI_WallBuffer_A2.uasset" 2537
"F:/Users/mihai/Documents/GitHub/ShooterSam/ShooterSam/Content/StarterBundle/ModularSci_Int/Materials/MI_WallBuffer_A2.uexp" 2538
"F:/Users/mihai/Documents/GitHub/ShooterSam/ShooterSam/Content/StarterBundle/ModularSci_Int/Materials/MI_Trims_B_Yello.uasset" 2539
"F:/Users/mihai/Documents/GitHub/ShooterSam/ShooterSam/Content/StarterBundle/ModularSci_Int/Materials/MI_Trims_B_Yello.uexp" 2540
"F:/Users/mihai/Documents/GitHub/ShooterSam/ShooterSam/Content/StarterBundle/ModularSci_Int/Materials/MI_Trims_B_Red.uasset" 2541
"F:/Users/mihai/Documents/GitHub/ShooterSam/ShooterSam/Content/StarterBundle/ModularSci_Int/Materials/MI_Trims_B_Red.uexp" 2542
"F:/Users/mihai/Documents/GitHub/ShooterSam/ShooterSam/Content/StarterBundle/ModularSci_Int/Materials/MI_Trims_B_Orange.uasset" 2543
"F:/Users/mihai/Documents/GitHub/ShooterSam/ShooterSam/Content/StarterBundle/ModularSci_Int/Materials/MI_Trims_B_Orange.uexp" 2544
"F:/Users/mihai/Documents/GitHub/ShooterSam/ShooterSam/Content/StarterBundle/ModularSci_Int/Materials/MI_Trims_B_Grey.uasset" 2545
"F:/Users/mihai/Documents/GitHub/ShooterSam/ShooterSam/Content/StarterBundle/ModularSci_Int/Materials/MI_Trims_B_Grey.uexp" 2546
"F:/Users/mihai/Documents/GitHub/ShooterSam/ShooterSam/Content/StarterBundle/ModularSci_Int/Materials/MI_Trims_A_Red.uasset" 2547
"F:/Users/mihai/Documents/GitHub/ShooterSam/ShooterSam/Content/StarterBundle/ModularSci_Int/Materials/MI_Trims_A_Red.uexp" 2548
"F:/Users/mihai/Documents/GitHub/ShooterSam/ShooterSam/Content/StarterBundle/ModularSci_Int/Materials/MI_Pipes_A_Yellow.uasset" 2549
"F:/Users/mihai/Documents/GitHub/ShooterSam/ShooterSam/Content/StarterBundle/ModularSci_Int/Materials/MI_Pipes_A_Yellow.uexp" 2550
"F:/Users/mihai/Documents/GitHub/ShooterSam/ShooterSam/Content/StarterBundle/ModularSci_Comm/Textures/T_Metal_Scratches_M.uasset" 2551
"F:/Users/mihai/Documents/GitHub/ShooterSam/ShooterSam/Content/StarterBundle/ModularSci_Comm/Textures/T_Metal_Scratches_M.uexp" 2552
"F:/Users/mihai/Documents/GitHub/ShooterSam/ShooterSam/Content/StarterBundle/ModularSci_Comm/Textures/T_Metal_Brushed_N.ubulk" 2553
"F:/Users/mihai/Documents/GitHub/ShooterSam/ShooterSam/Content/StarterBundle/ModularSci_Comm/Textures/T_Metal_Brushed_N.uasset" 2554
"F:/Users/mihai/Documents/GitHub/ShooterSam/ShooterSam/Content/StarterBundle/ModularSci_Comm/Textures/T_Metal_Brushed_N.uexp" 2555
"F:/Users/mihai/Documents/GitHub/ShooterSam/ShooterSam/Content/StarterBundle/ModularSci_Comm/Textures/T_Hexagon.ubulk" 2556
"F:/Users/mihai/Documents/GitHub/ShooterSam/ShooterSam/Content/StarterBundle/ModularSci_Comm/Textures/T_Hexagon.uasset" 2557
"F:/Users/mihai/Documents/GitHub/ShooterSam/ShooterSam/Content/StarterBundle/ModularSci_Comm/Textures/T_Hexagon.uexp" 2558
"F:/Users/mihai/Documents/GitHub/ShooterSam/ShooterSam/Content/StarterBundle/ModularSci_Comm/Textures/Base/T_Base_Dirt_2.ubulk" 2559
"F:/Users/mihai/Documents/GitHub/ShooterSam/ShooterSam/Content/StarterBundle/ModularSci_Comm/Textures/Base/T_Base_Dirt_2.uasset" 2560
"F:/Users/mihai/Documents/GitHub/ShooterSam/ShooterSam/Content/StarterBundle/ModularSci_Comm/Textures/Base/T_Base_Dirt_2.uexp" 2561
"F:/Users/mihai/Documents/GitHub/ShooterSam/ShooterSam/Content/StarterBundle/ModularSci_Comm/Materials/M_SolidColor_Base.uasset" 2562
"F:/Users/mihai/Documents/GitHub/ShooterSam/ShooterSam/Content/StarterBundle/ModularSci_Comm/Materials/M_SolidColor_Base.uexp" 2563
"F:/Users/mihai/Documents/GitHub/ShooterSam/ShooterSam/Content/StarterBundle/ModularSci_Comm/Materials/MI_Solid_Black.uasset" 2564
"F:/Users/mihai/Documents/GitHub/ShooterSam/ShooterSam/Content/StarterBundle/ModularSci_Comm/Materials/MI_Solid_Black.uexp" 2565
"F:/Users/mihai/Documents/GitHub/ShooterSam/ShooterSam/Content/StarterBundle/ModularSci_Comm/Textures/Base/T_Base_Dirt.ubulk" 2566
"F:/Users/mihai/Documents/GitHub/ShooterSam/ShooterSam/Content/StarterBundle/ModularSci_Comm/Textures/Base/T_Base_Dirt.uasset" 2567
"F:/Users/mihai/Documents/GitHub/ShooterSam/ShooterSam/Content/StarterBundle/ModularSci_Comm/Textures/Base/T_Base_Dirt.uexp" 2568
"F:/Users/mihai/Documents/GitHub/ShooterSam/ShooterSam/Content/StarterBundle/ModularSci_Comm/Materials/MI_Solid_White.uasset" 2569
"F:/Users/mihai/Documents/GitHub/ShooterSam/ShooterSam/Content/StarterBundle/ModularSci_Comm/Materials/MI_Solid_White.uexp" 2570
"F:/Users/mihai/Documents/GitHub/ShooterSam/ShooterSam/Content/StarterBundle/ModularSci_Comm/Textures/T_Trim_EdgeMask.ubulk" 2571
"F:/Users/mihai/Documents/GitHub/ShooterSam/ShooterSam/Content/StarterBundle/ModularSci_Comm/Textures/T_Trim_EdgeMask.uasset" 2572
"F:/Users/mihai/Documents/GitHub/ShooterSam/ShooterSam/Content/StarterBundle/ModularSci_Comm/Textures/T_Trim_EdgeMask.uexp" 2573
"F:/Users/mihai/Documents/GitHub/ShooterSam/ShooterSam/Content/StarterBundle/ModularSci_Comm/Textures/T_Trim_C_diffuse.ubulk" 2574
"F:/Users/mihai/Documents/GitHub/ShooterSam/ShooterSam/Content/StarterBundle/ModularSci_Comm/Textures/T_Trim_C_diffuse.uasset" 2575
"F:/Users/mihai/Documents/GitHub/ShooterSam/ShooterSam/Content/StarterBundle/ModularSci_Comm/Textures/T_Trim_C_diffuse.uexp" 2576
"F:/Users/mihai/Documents/GitHub/ShooterSam/ShooterSam/Content/StarterBundle/ModularSci_Comm/Textures/T_Trims_C_normals.ubulk" 2577
"F:/Users/mihai/Documents/GitHub/ShooterSam/ShooterSam/Content/StarterBundle/ModularSci_Comm/Textures/T_Trims_C_normals.uasset" 2578
"F:/Users/mihai/Documents/GitHub/ShooterSam/ShooterSam/Content/StarterBundle/ModularSci_Comm/Textures/T_Trims_C_normals.uexp" 2579
"F:/Users/mihai/Documents/GitHub/ShooterSam/ShooterSam/Content/StarterBundle/ModularSci_Comm/Textures/T_Metal_Brushed_M.uasset" 2580
"F:/Users/mihai/Documents/GitHub/ShooterSam/ShooterSam/Content/StarterBundle/ModularSci_Comm/Textures/T_Metal_Brushed_M.uexp" 2581
"F:/Users/mihai/Documents/GitHub/ShooterSam/ShooterSam/Content/StarterBundle/ModularSci_Comm/Textures/Base/T_Base.ubulk" 2582
"F:/Users/mihai/Documents/GitHub/ShooterSam/ShooterSam/Content/StarterBundle/ModularSci_Comm/Textures/Base/T_Base.uasset" 2583
"F:/Users/mihai/Documents/GitHub/ShooterSam/ShooterSam/Content/StarterBundle/ModularSci_Comm/Textures/Base/T_Base.uexp" 2584
"F:/Users/mihai/Documents/GitHub/ShooterSam/ShooterSam/Content/StarterBundle/ModularSci_Comm/Materials/M_Base_Trim.uasset" 2585
"F:/Users/mihai/Documents/GitHub/ShooterSam/ShooterSam/Content/StarterBundle/ModularSci_Comm/Materials/M_Base_Trim.uexp" 2586
"F:/Users/mihai/Documents/GitHub/ShooterSam/ShooterSam/Content/StarterBundle/ModularSci_Comm/Materials/MI_Trims_C_LightGray.uasset" 2587
"F:/Users/mihai/Documents/GitHub/ShooterSam/ShooterSam/Content/StarterBundle/ModularSci_Comm/Materials/MI_Trims_C_LightGray.uexp" 2588
"F:/Users/mihai/Documents/GitHub/ShooterSam/ShooterSam/Content/StarterBundle/ModularSci_Comm/Meshes/SM_Windows_B.ubulk" 2589
"F:/Users/mihai/Documents/GitHub/ShooterSam/ShooterSam/Content/StarterBundle/ModularSci_Comm/Meshes/SM_Windows_B.uasset" 2590
"F:/Users/mihai/Documents/GitHub/ShooterSam/ShooterSam/Content/StarterBundle/ModularSci_Comm/Meshes/SM_Windows_B.uexp" 2591
"F:/Users/mihai/Documents/GitHub/ShooterSam/ShooterSam/Content/StarterBundle/ModularSci_Comm/Meshes/SM_Windows_A_Glass.ubulk" 2592
"F:/Users/mihai/Documents/GitHub/ShooterSam/ShooterSam/Content/StarterBundle/ModularSci_Comm/Meshes/SM_Windows_A_Glass.uasset" 2593
"F:/Users/mihai/Documents/GitHub/ShooterSam/ShooterSam/Content/StarterBundle/ModularSci_Comm/Meshes/SM_Windows_A_Glass.uexp" 2594
"F:/Users/mihai/Documents/GitHub/ShooterSam/ShooterSam/Content/StarterBundle/ModularSci_Comm/Materials/MI_Trims_C_FloorBlack.uasset" 2595
"F:/Users/mihai/Documents/GitHub/ShooterSam/ShooterSam/Content/StarterBundle/ModularSci_Comm/Materials/MI_Trims_C_FloorBlack.uexp" 2596
"F:/Users/mihai/Documents/GitHub/ShooterSam/ShooterSam/Content/StarterBundle/ModularSci_Comm/Materials/MI_Trims_C_Light.uasset" 2597
"F:/Users/mihai/Documents/GitHub/ShooterSam/ShooterSam/Content/StarterBundle/ModularSci_Comm/Materials/MI_Trims_C_Light.uexp" 2598
"F:/Users/mihai/Documents/GitHub/ShooterSam/ShooterSam/Content/StarterBundle/ModularSci_Comm/Meshes/SM_Windows_A.ubulk" 2599
"F:/Users/mihai/Documents/GitHub/ShooterSam/ShooterSam/Content/StarterBundle/ModularSci_Comm/Meshes/SM_Windows_A.uasset" 2600
"F:/Users/mihai/Documents/GitHub/ShooterSam/ShooterSam/Content/StarterBundle/ModularSci_Comm/Meshes/SM_Windows_A.uexp" 2601
"F:/Users/mihai/Documents/GitHub/ShooterSam/ShooterSam/Content/StarterBundle/ModularSci_Comm/Textures/T_Pipe_B_Diff.ubulk" 2602
"F:/Users/mihai/Documents/GitHub/ShooterSam/ShooterSam/Content/StarterBundle/ModularSci_Comm/Textures/T_Pipe_B_Diff.uasset" 2603
"F:/Users/mihai/Documents/GitHub/ShooterSam/ShooterSam/Content/StarterBundle/ModularSci_Comm/Textures/T_Pipe_B_Diff.uexp" 2604
"F:/Users/mihai/Documents/GitHub/ShooterSam/ShooterSam/Content/StarterBundle/ModularSci_Comm/Textures/T_Pipes_B_normals.ubulk" 2605
"F:/Users/mihai/Documents/GitHub/ShooterSam/ShooterSam/Content/StarterBundle/ModularSci_Comm/Textures/T_Pipes_B_normals.uasset" 2606
"F:/Users/mihai/Documents/GitHub/ShooterSam/ShooterSam/Content/StarterBundle/ModularSci_Comm/Textures/T_Pipes_B_normals.uexp" 2607
"F:/Users/mihai/Documents/GitHub/ShooterSam/ShooterSam/Content/StarterBundle/ModularSci_Comm/Textures/T_Pipes_A_N_normals.ubulk" 2608
"F:/Users/mihai/Documents/GitHub/ShooterSam/ShooterSam/Content/StarterBundle/ModularSci_Comm/Textures/T_Pipes_A_N_normals.uasset" 2609
"F:/Users/mihai/Documents/GitHub/ShooterSam/ShooterSam/Content/StarterBundle/ModularSci_Comm/Textures/T_Pipes_A_N_normals.uexp" 2610
"F:/Users/mihai/Documents/GitHub/ShooterSam/ShooterSam/Content/StarterBundle/ModularSci_Comm/Textures/T_Pipes_A_Diff.ubulk" 2611
"F:/Users/mihai/Documents/GitHub/ShooterSam/ShooterSam/Content/StarterBundle/ModularSci_Comm/Textures/T_Pipes_A_Diff.uasset" 2612
"F:/Users/mihai/Documents/GitHub/ShooterSam/ShooterSam/Content/StarterBundle/ModularSci_Comm/Textures/T_Pipes_A_Diff.uexp" 2613
"F:/Users/mihai/Documents/GitHub/ShooterSam/ShooterSam/Content/StarterBundle/ModularSci_Comm/Materials/M_Base_Pipes.uasset" 2614
"F:/Users/mihai/Documents/GitHub/ShooterSam/ShooterSam/Content/StarterBundle/ModularSci_Comm/Materials/M_Base_Pipes.uexp" 2615
"F:/Users/mihai/Documents/GitHub/ShooterSam/ShooterSam/Content/StarterBundle/ModularSci_Comm/Materials/MI_Pipes_B_Light.uasset" 2616
"F:/Users/mihai/Documents/GitHub/ShooterSam/ShooterSam/Content/StarterBundle/ModularSci_Comm/Materials/MI_Pipes_B_Light.uexp" 2617
"F:/Users/mihai/Documents/GitHub/ShooterSam/ShooterSam/Content/StarterBundle/ModularSci_Comm/Meshes/SM_Wall_Window_Pipe.ubulk" 2618
"F:/Users/mihai/Documents/GitHub/ShooterSam/ShooterSam/Content/StarterBundle/ModularSci_Comm/Meshes/SM_Wall_Window_Pipe.uasset" 2619
"F:/Users/mihai/Documents/GitHub/ShooterSam/ShooterSam/Content/StarterBundle/ModularSci_Comm/Meshes/SM_Wall_Window_Pipe.uexp" 2620
"F:/Users/mihai/Documents/GitHub/ShooterSam/ShooterSam/Content/StarterBundle/ModularSci_Comm/Meshes/SM_Wall_Window_B.ubulk" 2621
"F:/Users/mihai/Documents/GitHub/ShooterSam/ShooterSam/Content/StarterBundle/ModularSci_Comm/Meshes/SM_Wall_Window_B.uasset" 2622
"F:/Users/mihai/Documents/GitHub/ShooterSam/ShooterSam/Content/StarterBundle/ModularSci_Comm/Meshes/SM_Wall_Window_B.uexp" 2623
"F:/Users/mihai/Documents/GitHub/ShooterSam/ShooterSam/Content/StarterBundle/ModularSci_Comm/Materials/MI_Trims_C_DarkGray.uasset" 2624
"F:/Users/mihai/Documents/GitHub/ShooterSam/ShooterSam/Content/StarterBundle/ModularSci_Comm/Materials/MI_Trims_C_DarkGray.uexp" 2625
"F:/Users/mihai/Documents/GitHub/ShooterSam/ShooterSam/Content/StarterBundle/ModularSci_Comm/Materials/MI_Trims_C_Gray.uasset" 2626
"F:/Users/mihai/Documents/GitHub/ShooterSam/ShooterSam/Content/StarterBundle/ModularSci_Comm/Materials/MI_Trims_C_Gray.uexp" 2627
"F:/Users/mihai/Documents/GitHub/ShooterSam/ShooterSam/Content/StarterBundle/ModularSci_Comm/Meshes/SM_Wall_Window_A.ubulk" 2628
"F:/Users/mihai/Documents/GitHub/ShooterSam/ShooterSam/Content/StarterBundle/ModularSci_Comm/Meshes/SM_Wall_Window_A.uasset" 2629
"F:/Users/mihai/Documents/GitHub/ShooterSam/ShooterSam/Content/StarterBundle/ModularSci_Comm/Meshes/SM_Wall_Window_A.uexp" 2630
"F:/Users/mihai/Documents/GitHub/ShooterSam/ShooterSam/Content/StarterBundle/ModularSci_Comm/Materials/MI_Trims_C_LightGray2.uasset" 2631
"F:/Users/mihai/Documents/GitHub/ShooterSam/ShooterSam/Content/StarterBundle/ModularSci_Comm/Materials/MI_Trims_C_LightGray2.uexp" 2632
"F:/Users/mihai/Documents/GitHub/ShooterSam/ShooterSam/Content/StarterBundle/ModularSci_Comm/Meshes/SM_Wall_Pipe_H.ubulk" 2633
"F:/Users/mihai/Documents/GitHub/ShooterSam/ShooterSam/Content/StarterBundle/ModularSci_Comm/Meshes/SM_Wall_Pipe_H.uasset" 2634
"F:/Users/mihai/Documents/GitHub/ShooterSam/ShooterSam/Content/StarterBundle/ModularSci_Comm/Meshes/SM_Wall_Pipe_H.uexp" 2635
"F:/Users/mihai/Documents/GitHub/ShooterSam/ShooterSam/Content/StarterBundle/ModularSci_Comm/Textures/T_Trims_A_normals.ubulk" 2636
"F:/Users/mihai/Documents/GitHub/ShooterSam/ShooterSam/Content/StarterBundle/ModularSci_Comm/Textures/T_Trims_A_normals.uasset" 2637
"F:/Users/mihai/Documents/GitHub/ShooterSam/ShooterSam/Content/StarterBundle/ModularSci_Comm/Textures/T_Trims_A_normals.uexp" 2638
"F:/Users/mihai/Documents/GitHub/ShooterSam/ShooterSam/Content/StarterBundle/ModularSci_Comm/Textures/T_Trims_A_ML.ubulk" 2639
"F:/Users/mihai/Documents/GitHub/ShooterSam/ShooterSam/Content/StarterBundle/ModularSci_Comm/Textures/T_Trims_A_ML.uasset" 2640
"F:/Users/mihai/Documents/GitHub/ShooterSam/ShooterSam/Content/StarterBundle/ModularSci_Comm/Textures/T_Trims_A_ML.uexp" 2641
"F:/Users/mihai/Documents/GitHub/ShooterSam/ShooterSam/Content/StarterBundle/ModularSci_Comm/Textures/T_Trims_A_diff.ubulk" 2642
"F:/Users/mihai/Documents/GitHub/ShooterSam/ShooterSam/Content/StarterBundle/ModularSci_Comm/Textures/T_Trims_A_diff.uasset" 2643
"F:/Users/mihai/Documents/GitHub/ShooterSam/ShooterSam/Content/StarterBundle/ModularSci_Comm/Textures/T_Trims_A_diff.uexp" 2644
"F:/Users/mihai/Documents/GitHub/ShooterSam/ShooterSam/Content/StarterBundle/ModularSci_Comm/Textures/T_Trims_A_M.ubulk" 2645
"F:/Users/mihai/Documents/GitHub/ShooterSam/ShooterSam/Content/StarterBundle/ModularSci_Comm/Textures/T_Trims_A_M.uasset" 2646
"F:/Users/mihai/Documents/GitHub/ShooterSam/ShooterSam/Content/StarterBundle/ModularSci_Comm/Textures/T_Trims_A_M.uexp" 2647
"F:/Users/mihai/Documents/GitHub/ShooterSam/ShooterSam/Content/StarterBundle/ModularSci_Comm/Materials/M_Base_3C.uasset" 2648
"F:/Users/mihai/Documents/GitHub/ShooterSam/ShooterSam/Content/StarterBundle/ModularSci_Comm/Materials/M_Base_3C.uexp" 2649
"F:/Users/mihai/Documents/GitHub/ShooterSam/ShooterSam/Content/StarterBundle/ModularSci_Comm/Materials/MI_Trims_A_Black.uasset" 2650
"F:/Users/mihai/Documents/GitHub/ShooterSam/ShooterSam/Content/StarterBundle/ModularSci_Comm/Materials/MI_Trims_A_Black.uexp" 2651
"F:/Users/mihai/Documents/GitHub/ShooterSam/ShooterSam/Content/StarterBundle/ModularSci_Comm/Meshes/SM_Wall_Pipe_F.ubulk" 2652
"F:/Users/mihai/Documents/GitHub/ShooterSam/ShooterSam/Content/StarterBundle/ModularSci_Comm/Meshes/SM_Wall_Pipe_F.uasset" 2653
"F:/Users/mihai/Documents/GitHub/ShooterSam/ShooterSam/Content/StarterBundle/ModularSci_Comm/Meshes/SM_Wall_Pipe_F.uexp" 2654
"F:/Users/mihai/Documents/GitHub/ShooterSam/ShooterSam/Content/StarterBundle/ModularSci_Comm/Meshes/SM_Wall_Pipe_E.ubulk" 2655
"F:/Users/mihai/Documents/GitHub/ShooterSam/ShooterSam/Content/StarterBundle/ModularSci_Comm/Meshes/SM_Wall_Pipe_E.uasset" 2656
"F:/Users/mihai/Documents/GitHub/ShooterSam/ShooterSam/Content/StarterBundle/ModularSci_Comm/Meshes/SM_Wall_Pipe_E.uexp" 2657
"F:/Users/mihai/Documents/GitHub/ShooterSam/ShooterSam/Content/StarterBundle/ModularSci_Comm/Meshes/SM_Wall_Pipe_DoorSmall.ubulk" 2658
"F:/Users/mihai/Documents/GitHub/ShooterSam/ShooterSam/Content/StarterBundle/ModularSci_Comm/Meshes/SM_Wall_Pipe_DoorSmall.uasset" 2659
"F:/Users/mihai/Documents/GitHub/ShooterSam/ShooterSam/Content/StarterBundle/ModularSci_Comm/Meshes/SM_Wall_Pipe_DoorSmall.uexp" 2660
"F:/Users/mihai/Documents/GitHub/ShooterSam/ShooterSam/Content/StarterBundle/ModularSci_Comm/Meshes/SM_Wall_Pipe_DoorBig.ubulk" 2661
"F:/Users/mihai/Documents/GitHub/ShooterSam/ShooterSam/Content/StarterBundle/ModularSci_Comm/Meshes/SM_Wall_Pipe_DoorBig.uasset" 2662
"F:/Users/mihai/Documents/GitHub/ShooterSam/ShooterSam/Content/StarterBundle/ModularSci_Comm/Meshes/SM_Wall_Pipe_DoorBig.uexp" 2663
"F:/Users/mihai/Documents/GitHub/ShooterSam/ShooterSam/Content/StarterBundle/ModularSci_Comm/Materials/MI_Trims_C_Dark.uasset" 2664
"F:/Users/mihai/Documents/GitHub/ShooterSam/ShooterSam/Content/StarterBundle/ModularSci_Comm/Materials/MI_Trims_C_Dark.uexp" 2665
"F:/Users/mihai/Documents/GitHub/ShooterSam/ShooterSam/Content/StarterBundle/ModularSci_Comm/Materials/MI_Pipes_A_Light.uasset" 2666
"F:/Users/mihai/Documents/GitHub/ShooterSam/ShooterSam/Content/StarterBundle/ModularSci_Comm/Materials/MI_Pipes_A_Light.uexp" 2667
"F:/Users/mihai/Documents/GitHub/ShooterSam/ShooterSam/Content/StarterBundle/ModularSci_Comm/Meshes/SM_Wall_Pipe_C.ubulk" 2668
"F:/Users/mihai/Documents/GitHub/ShooterSam/ShooterSam/Content/StarterBundle/ModularSci_Comm/Meshes/SM_Wall_Pipe_C.uasset" 2669
"F:/Users/mihai/Documents/GitHub/ShooterSam/ShooterSam/Content/StarterBundle/ModularSci_Comm/Meshes/SM_Wall_Pipe_C.uexp" 2670
"F:/Users/mihai/Documents/GitHub/ShooterSam/ShooterSam/Content/StarterBundle/ModularSci_Comm/Meshes/SM_Wall_Pipe_A.ubulk" 2671
"F:/Users/mihai/Documents/GitHub/ShooterSam/ShooterSam/Content/StarterBundle/ModularSci_Comm/Meshes/SM_Wall_Pipe_A.uasset" 2672
"F:/Users/mihai/Documents/GitHub/ShooterSam/ShooterSam/Content/StarterBundle/ModularSci_Comm/Meshes/SM_Wall_Pipe_A.uexp" 2673
"F:/Users/mihai/Documents/GitHub/ShooterSam/ShooterSam/Content/StarterBundle/ModularSci_Comm/Textures/T_Trims_B_normals.ubulk" 2674
"F:/Users/mihai/Documents/GitHub/ShooterSam/ShooterSam/Content/StarterBundle/ModularSci_Comm/Textures/T_Trims_B_normals.uasset" 2675
"F:/Users/mihai/Documents/GitHub/ShooterSam/ShooterSam/Content/StarterBundle/ModularSci_Comm/Textures/T_Trims_B_normals.uexp" 2676
"F:/Users/mihai/Documents/GitHub/ShooterSam/ShooterSam/Content/StarterBundle/ModularSci_Comm/Textures/T_Trims_B_ML.ubulk" 2677
"F:/Users/mihai/Documents/GitHub/ShooterSam/ShooterSam/Content/StarterBundle/ModularSci_Comm/Textures/T_Trims_B_ML.uasset" 2678
"F:/Users/mihai/Documents/GitHub/ShooterSam/ShooterSam/Content/StarterBundle/ModularSci_Comm/Textures/T_Trims_B_ML.uexp" 2679
"F:/Users/mihai/Documents/GitHub/ShooterSam/ShooterSam/Content/StarterBundle/ModularSci_Comm/Textures/T_Trims_B_Diff.ubulk" 2680
"F:/Users/mihai/Documents/GitHub/ShooterSam/ShooterSam/Content/StarterBundle/ModularSci_Comm/Textures/T_Trims_B_Diff.uasset" 2681
"F:/Users/mihai/Documents/GitHub/ShooterSam/ShooterSam/Content/StarterBundle/ModularSci_Comm/Textures/T_Trims_B_Diff.uexp" 2682
"F:/Users/mihai/Documents/GitHub/ShooterSam/ShooterSam/Content/StarterBundle/ModularSci_Comm/Materials/MI_Trims_B.uasset" 2683
"F:/Users/mihai/Documents/GitHub/ShooterSam/ShooterSam/Content/StarterBundle/ModularSci_Comm/Materials/MI_Trims_B.uexp" 2684
"F:/Users/mihai/Documents/GitHub/ShooterSam/ShooterSam/Content/StarterBundle/ModularSci_Comm/Meshes/SM_Wall_Div_Slim2.ubulk" 2685
"F:/Users/mihai/Documents/GitHub/ShooterSam/ShooterSam/Content/StarterBundle/ModularSci_Comm/Meshes/SM_Wall_Div_Slim2.uasset" 2686
"F:/Users/mihai/Documents/GitHub/ShooterSam/ShooterSam/Content/StarterBundle/ModularSci_Comm/Meshes/SM_Wall_Div_Slim2.uexp" 2687
"F:/Users/mihai/Documents/GitHub/ShooterSam/ShooterSam/Content/StarterBundle/ModularSci_Comm/Materials/MI_Trims_B_Gray.uasset" 2688
"F:/Users/mihai/Documents/GitHub/ShooterSam/ShooterSam/Content/StarterBundle/ModularSci_Comm/Materials/MI_Trims_B_Gray.uexp" 2689
"F:/Users/mihai/Documents/GitHub/ShooterSam/ShooterSam/Content/StarterBundle/ModularSci_Comm/Meshes/SM_Wall_Div_Slim.ubulk" 2690
"F:/Users/mihai/Documents/GitHub/ShooterSam/ShooterSam/Content/StarterBundle/ModularSci_Comm/Meshes/SM_Wall_Div_Slim.uasset" 2691
"F:/Users/mihai/Documents/GitHub/ShooterSam/ShooterSam/Content/StarterBundle/ModularSci_Comm/Meshes/SM_Wall_Div_Slim.uexp" 2692
"F:/Users/mihai/Documents/GitHub/ShooterSam/ShooterSam/Content/StarterBundle/ModularSci_Comm/Materials/MI_Solid_DarkGray.uasset" 2693
"F:/Users/mihai/Documents/GitHub/ShooterSam/ShooterSam/Content/StarterBundle/ModularSci_Comm/Materials/MI_Solid_DarkGray.uexp" 2694
"F:/Users/mihai/Documents/GitHub/ShooterSam/ShooterSam/Content/StarterBundle/ModularSci_Comm/Meshes/SM_Wall_Det_DoorSmall_B.ubulk" 2695
"F:/Users/mihai/Documents/GitHub/ShooterSam/ShooterSam/Content/StarterBundle/ModularSci_Comm/Meshes/SM_Wall_Det_DoorSmall_B.uasset" 2696
"F:/Users/mihai/Documents/GitHub/ShooterSam/ShooterSam/Content/StarterBundle/ModularSci_Comm/Meshes/SM_Wall_Det_DoorSmall_B.uexp" 2697
"F:/Users/mihai/Documents/GitHub/ShooterSam/ShooterSam/Content/StarterBundle/ModularSci_Comm/Textures/T_Carbon.ubulk" 2698
"F:/Users/mihai/Documents/GitHub/ShooterSam/ShooterSam/Content/StarterBundle/ModularSci_Comm/Textures/T_Carbon.uasset" 2699
"F:/Users/mihai/Documents/GitHub/ShooterSam/ShooterSam/Content/StarterBundle/ModularSci_Comm/Textures/T_Carbon.uexp" 2700
"F:/Users/mihai/Documents/GitHub/ShooterSam/ShooterSam/Content/StarterBundle/ModularSci_Comm/Materials/MI_Solid_White_3.uasset" 2701
"F:/Users/mihai/Documents/GitHub/ShooterSam/ShooterSam/Content/StarterBundle/ModularSci_Comm/Materials/MI_Solid_White_3.uexp" 2702
"F:/Users/mihai/Documents/GitHub/ShooterSam/ShooterSam/Content/StarterBundle/ModularSci_Comm/Materials/MI_Pipes_A_Dark.uasset" 2703
"F:/Users/mihai/Documents/GitHub/ShooterSam/ShooterSam/Content/StarterBundle/ModularSci_Comm/Materials/MI_Pipes_A_Dark.uexp" 2704
"F:/Users/mihai/Documents/GitHub/ShooterSam/ShooterSam/Content/StarterBundle/ModularSci_Comm/Meshes/SM_Wall_Det_DoorBig_F.ubulk" 2705
"F:/Users/mihai/Documents/GitHub/ShooterSam/ShooterSam/Content/StarterBundle/ModularSci_Comm/Meshes/SM_Wall_Det_DoorBig_F.uasset" 2706
"F:/Users/mihai/Documents/GitHub/ShooterSam/ShooterSam/Content/StarterBundle/ModularSci_Comm/Meshes/SM_Wall_Det_DoorBig_F.uexp" 2707
"F:/Users/mihai/Documents/GitHub/ShooterSam/ShooterSam/Content/StarterBundle/ModularSci_Comm/Meshes/SM_Wall_Det_DoorBig_E.ubulk" 2708
"F:/Users/mihai/Documents/GitHub/ShooterSam/ShooterSam/Content/StarterBundle/ModularSci_Comm/Meshes/SM_Wall_Det_DoorBig_E.uasset" 2709
"F:/Users/mihai/Documents/GitHub/ShooterSam/ShooterSam/Content/StarterBundle/ModularSci_Comm/Meshes/SM_Wall_Det_DoorBig_E.uexp" 2710
"F:/Users/mihai/Documents/GitHub/ShooterSam/ShooterSam/Content/StarterBundle/ModularSci_Comm/Materials/MI_Trims_C_Red.uasset" 2711
"F:/Users/mihai/Documents/GitHub/ShooterSam/ShooterSam/Content/StarterBundle/ModularSci_Comm/Materials/MI_Trims_C_Red.uexp" 2712
"F:/Users/mihai/Documents/GitHub/ShooterSam/ShooterSam/Content/StarterBundle/ModularSci_Comm/Meshes/SM_Wall_Det_DoorBig_D.ubulk" 2713
"F:/Users/mihai/Documents/GitHub/ShooterSam/ShooterSam/Content/StarterBundle/ModularSci_Comm/Meshes/SM_Wall_Det_DoorBig_D.uasset" 2714
"F:/Users/mihai/Documents/GitHub/ShooterSam/ShooterSam/Content/StarterBundle/ModularSci_Comm/Meshes/SM_Wall_Det_DoorBig_D.uexp" 2715
"F:/Users/mihai/Documents/GitHub/ShooterSam/ShooterSam/Content/StarterBundle/ModularSci_Comm/Meshes/SM_Wall_Det_DoorBig_C.ubulk" 2716
"F:/Users/mihai/Documents/GitHub/ShooterSam/ShooterSam/Content/StarterBundle/ModularSci_Comm/Meshes/SM_Wall_Det_DoorBig_C.uasset" 2717
"F:/Users/mihai/Documents/GitHub/ShooterSam/ShooterSam/Content/StarterBundle/ModularSci_Comm/Meshes/SM_Wall_Det_DoorBig_C.uexp" 2718
"F:/Users/mihai/Documents/GitHub/ShooterSam/ShooterSam/Content/StarterBundle/ModularSci_Comm/Meshes/SM_Wall_Det_DoorBig_B.ubulk" 2719
"F:/Users/mihai/Documents/GitHub/ShooterSam/ShooterSam/Content/StarterBundle/ModularSci_Comm/Meshes/SM_Wall_Det_DoorBig_B.uasset" 2720
"F:/Users/mihai/Documents/GitHub/ShooterSam/ShooterSam/Content/StarterBundle/ModularSci_Comm/Meshes/SM_Wall_Det_DoorBig_B.uexp" 2721
"F:/Users/mihai/Documents/GitHub/ShooterSam/ShooterSam/Content/StarterBundle/ModularSci_Comm/Textures/T_Wall_Detail_A_normals.ubulk" 2722
"F:/Users/mihai/Documents/GitHub/ShooterSam/ShooterSam/Content/StarterBundle/ModularSci_Comm/Textures/T_Wall_Detail_A_normals.uasset" 2723
"F:/Users/mihai/Documents/GitHub/ShooterSam/ShooterSam/Content/StarterBundle/ModularSci_Comm/Textures/T_Wall_Detail_A_normals.uexp" 2724
"F:/Users/mihai/Documents/GitHub/ShooterSam/ShooterSam/Content/StarterBundle/ModularSci_Comm/Textures/T_Wall_Detail_A_ML.ubulk" 2725
"F:/Users/mihai/Documents/GitHub/ShooterSam/ShooterSam/Content/StarterBundle/ModularSci_Comm/Textures/T_Wall_Detail_A_ML.uasset" 2726
"F:/Users/mihai/Documents/GitHub/ShooterSam/ShooterSam/Content/StarterBundle/ModularSci_Comm/Textures/T_Wall_Detail_A_ML.uexp" 2727
"F:/Users/mihai/Documents/GitHub/ShooterSam/ShooterSam/Content/StarterBundle/ModularSci_Comm/Textures/T_Wall_Detail_A_Diff.ubulk" 2728
"F:/Users/mihai/Documents/GitHub/ShooterSam/ShooterSam/Content/StarterBundle/ModularSci_Comm/Textures/T_Wall_Detail_A_Diff.uasset" 2729
"F:/Users/mihai/Documents/GitHub/ShooterSam/ShooterSam/Content/StarterBundle/ModularSci_Comm/Textures/T_Wall_Detail_A_Diff.uexp" 2730
"F:/Users/mihai/Documents/GitHub/ShooterSam/ShooterSam/Content/StarterBundle/ModularSci_Comm/Materials/MI_Wall_Detail_A.uasset" 2731
"F:/Users/mihai/Documents/GitHub/ShooterSam/ShooterSam/Content/StarterBundle/ModularSci_Comm/Materials/MI_Wall_Detail_A.uexp" 2732
"F:/Users/mihai/Documents/GitHub/ShooterSam/ShooterSam/Content/StarterBundle/ModularSci_Comm/Meshes/SM_Wall_Detail_A.ubulk" 2733
"F:/Users/mihai/Documents/GitHub/ShooterSam/ShooterSam/Content/StarterBundle/ModularSci_Comm/Meshes/SM_Wall_Detail_A.uasset" 2734
"F:/Users/mihai/Documents/GitHub/ShooterSam/ShooterSam/Content/StarterBundle/ModularSci_Comm/Meshes/SM_Wall_Detail_A.uexp" 2735
"F:/Users/mihai/Documents/GitHub/ShooterSam/ShooterSam/Content/StarterBundle/ModularSci_Comm/Materials/MI_Trims_C_Gray_Dirt.uasset" 2736
"F:/Users/mihai/Documents/GitHub/ShooterSam/ShooterSam/Content/StarterBundle/ModularSci_Comm/Materials/MI_Trims_C_Gray_Dirt.uexp" 2737
"F:/Users/mihai/Documents/GitHub/ShooterSam/ShooterSam/Content/StarterBundle/ModularSci_Comm/Meshes/SM_Wall_D.ubulk" 2738
"F:/Users/mihai/Documents/GitHub/ShooterSam/ShooterSam/Content/StarterBundle/ModularSci_Comm/Meshes/SM_Wall_D.uasset" 2739
"F:/Users/mihai/Documents/GitHub/ShooterSam/ShooterSam/Content/StarterBundle/ModularSci_Comm/Meshes/SM_Wall_D.uexp" 2740
"F:/Users/mihai/Documents/GitHub/ShooterSam/ShooterSam/Content/StarterBundle/ModularSci_Comm/Materials/MI_Trims_C_FloorDarkGray.uasset" 2741
"F:/Users/mihai/Documents/GitHub/ShooterSam/ShooterSam/Content/StarterBundle/ModularSci_Comm/Materials/MI_Trims_C_FloorDarkGray.uexp" 2742
"F:/Users/mihai/Documents/GitHub/ShooterSam/ShooterSam/Content/StarterBundle/ModularSci_Comm/Meshes/SM_Wall_Corner_B.ubulk" 2743
"F:/Users/mihai/Documents/GitHub/ShooterSam/ShooterSam/Content/StarterBundle/ModularSci_Comm/Meshes/SM_Wall_Corner_B.uasset" 2744
"F:/Users/mihai/Documents/GitHub/ShooterSam/ShooterSam/Content/StarterBundle/ModularSci_Comm/Meshes/SM_Wall_Corner_B.uexp" 2745
"F:/Users/mihai/Documents/GitHub/ShooterSam/ShooterSam/Content/StarterBundle/ModularSci_Comm/Meshes/SM_Wall_Corner_A.ubulk" 2746
"F:/Users/mihai/Documents/GitHub/ShooterSam/ShooterSam/Content/StarterBundle/ModularSci_Comm/Meshes/SM_Wall_Corner_A.uasset" 2747
"F:/Users/mihai/Documents/GitHub/ShooterSam/ShooterSam/Content/StarterBundle/ModularSci_Comm/Meshes/SM_Wall_Corner_A.uexp" 2748
"F:/Users/mihai/Documents/GitHub/ShooterSam/ShooterSam/Content/StarterBundle/ModularSci_Comm/Materials/MI_Trims_C_Light_Dirt.uasset" 2749
"F:/Users/mihai/Documents/GitHub/ShooterSam/ShooterSam/Content/StarterBundle/ModularSci_Comm/Materials/MI_Trims_C_Light_Dirt.uexp" 2750
"F:/Users/mihai/Documents/GitHub/ShooterSam/ShooterSam/Content/StarterBundle/ModularSci_Comm/Meshes/SM_Wall_Center_B.ubulk" 2751
"F:/Users/mihai/Documents/GitHub/ShooterSam/ShooterSam/Content/StarterBundle/ModularSci_Comm/Meshes/SM_Wall_Center_B.uasset" 2752
"F:/Users/mihai/Documents/GitHub/ShooterSam/ShooterSam/Content/StarterBundle/ModularSci_Comm/Meshes/SM_Wall_Center_B.uexp" 2753
"F:/Users/mihai/Documents/GitHub/ShooterSam/ShooterSam/Content/StarterBundle/ModularSci_Comm/Materials/MI_ShinyBlack.uasset" 2754
"F:/Users/mihai/Documents/GitHub/ShooterSam/ShooterSam/Content/StarterBundle/ModularSci_Comm/Materials/MI_ShinyBlack.uexp" 2755
"F:/Users/mihai/Documents/GitHub/ShooterSam/ShooterSam/Content/StarterBundle/ModularSci_Comm/Meshes/SM_Wall_Center_A.ubulk" 2756
"F:/Users/mihai/Documents/GitHub/ShooterSam/ShooterSam/Content/StarterBundle/ModularSci_Comm/Meshes/SM_Wall_Center_A.uasset" 2757
"F:/Users/mihai/Documents/GitHub/ShooterSam/ShooterSam/Content/StarterBundle/ModularSci_Comm/Meshes/SM_Wall_Center_A.uexp" 2758
"F:/Users/mihai/Documents/GitHub/ShooterSam/ShooterSam/Content/StarterBundle/ModularSci_Comm/Meshes/SM_Wall_C.ubulk" 2759
"F:/Users/mihai/Documents/GitHub/ShooterSam/ShooterSam/Content/StarterBundle/ModularSci_Comm/Meshes/SM_Wall_C.uasset" 2760
"F:/Users/mihai/Documents/GitHub/ShooterSam/ShooterSam/Content/StarterBundle/ModularSci_Comm/Meshes/SM_Wall_C.uexp" 2761
"F:/Users/mihai/Documents/GitHub/ShooterSam/ShooterSam/Content/StarterBundle/ModularSci_Comm/Materials/M_Base_SolidLight.uasset" 2762
"F:/Users/mihai/Documents/GitHub/ShooterSam/ShooterSam/Content/StarterBundle/ModularSci_Comm/Materials/M_Base_SolidLight.uexp" 2763
"F:/Users/mihai/Documents/GitHub/ShooterSam/ShooterSam/Content/StarterBundle/ModularSci_Comm/Materials/MI_Light_White.uasset" 2764
"F:/Users/mihai/Documents/GitHub/ShooterSam/ShooterSam/Content/StarterBundle/ModularSci_Comm/Materials/MI_Light_White.uexp" 2765
"F:/Users/mihai/Documents/GitHub/ShooterSam/ShooterSam/Content/StarterBundle/ModularSci_Comm/Meshes/SM_Wall_Border_B.ubulk" 2766
"F:/Users/mihai/Documents/GitHub/ShooterSam/ShooterSam/Content/StarterBundle/ModularSci_Comm/Meshes/SM_Wall_Border_B.uasset" 2767
"F:/Users/mihai/Documents/GitHub/ShooterSam/ShooterSam/Content/StarterBundle/ModularSci_Comm/Meshes/SM_Wall_Border_B.uexp" 2768
"F:/Users/mihai/Documents/GitHub/ShooterSam/ShooterSam/Content/StarterBundle/ModularSci_Comm/Meshes/SM_Wall_Border_A.ubulk" 2769
"F:/Users/mihai/Documents/GitHub/ShooterSam/ShooterSam/Content/StarterBundle/ModularSci_Comm/Meshes/SM_Wall_Border_A.uasset" 2770
"F:/Users/mihai/Documents/GitHub/ShooterSam/ShooterSam/Content/StarterBundle/ModularSci_Comm/Meshes/SM_Wall_Border_A.uexp" 2771
"F:/Users/mihai/Documents/GitHub/ShooterSam/ShooterSam/Content/StarterBundle/ModularSci_Comm/Meshes/SM_Wall_B.ubulk" 2772
"F:/Users/mihai/Documents/GitHub/ShooterSam/ShooterSam/Content/StarterBundle/ModularSci_Comm/Meshes/SM_Wall_B.uasset" 2773
"F:/Users/mihai/Documents/GitHub/ShooterSam/ShooterSam/Content/StarterBundle/ModularSci_Comm/Meshes/SM_Wall_B.uexp" 2774
"F:/Users/mihai/Documents/GitHub/ShooterSam/ShooterSam/Content/StarterBundle/ModularSci_Comm/Meshes/SM_Wall_A.ubulk" 2775
"F:/Users/mihai/Documents/GitHub/ShooterSam/ShooterSam/Content/StarterBundle/ModularSci_Comm/Meshes/SM_Wall_A.uasset" 2776
"F:/Users/mihai/Documents/GitHub/ShooterSam/ShooterSam/Content/StarterBundle/ModularSci_Comm/Meshes/SM_Wall_A.uexp" 2777
"F:/Users/mihai/Documents/GitHub/ShooterSam/ShooterSam/Content/StarterBundle/ModularSci_Comm/Textures/T_Terminal_UI.ubulk" 2778
"F:/Users/mihai/Documents/GitHub/ShooterSam/ShooterSam/Content/StarterBundle/ModularSci_Comm/Textures/T_Terminal_UI.uasset" 2779
"F:/Users/mihai/Documents/GitHub/ShooterSam/ShooterSam/Content/StarterBundle/ModularSci_Comm/Textures/T_Terminal_UI.uexp" 2780
"F:/Users/mihai/Documents/GitHub/ShooterSam/ShooterSam/Content/StarterBundle/ModularSci_Comm/Textures/T_Lights_EM.ubulk" 2781
"F:/Users/mihai/Documents/GitHub/ShooterSam/ShooterSam/Content/StarterBundle/ModularSci_Comm/Textures/T_Lights_EM.uasset" 2782
"F:/Users/mihai/Documents/GitHub/ShooterSam/ShooterSam/Content/StarterBundle/ModularSci_Comm/Textures/T_Lights_EM.uexp" 2783
"F:/Users/mihai/Documents/GitHub/ShooterSam/ShooterSam/Content/StarterBundle/ModularSci_Comm/Materials/M_Lights.uasset" 2784
"F:/Users/mihai/Documents/GitHub/ShooterSam/ShooterSam/Content/StarterBundle/ModularSci_Comm/Materials/M_Lights.uexp" 2785
"F:/Users/mihai/Documents/GitHub/ShooterSam/ShooterSam/Content/StarterBundle/ModularSci_Comm/Materials/MI_Terminal_A_UI_1.uasset" 2786
"F:/Users/mihai/Documents/GitHub/ShooterSam/ShooterSam/Content/StarterBundle/ModularSci_Comm/Materials/MI_Terminal_A_UI_1.uexp" 2787
"F:/Users/mihai/Documents/GitHub/ShooterSam/ShooterSam/Content/StarterBundle/ModularSci_Comm/Textures/T_Terminal_UI_Blur.ubulk" 2788
"F:/Users/mihai/Documents/GitHub/ShooterSam/ShooterSam/Content/StarterBundle/ModularSci_Comm/Textures/T_Terminal_UI_Blur.uasset" 2789
"F:/Users/mihai/Documents/GitHub/ShooterSam/ShooterSam/Content/StarterBundle/ModularSci_Comm/Textures/T_Terminal_UI_Blur.uexp" 2790
"F:/Users/mihai/Documents/GitHub/ShooterSam/ShooterSam/Content/StarterBundle/ModularSci_Comm/Materials/MI_Terminal_A_UI_1B.uasset" 2791
"F:/Users/mihai/Documents/GitHub/ShooterSam/ShooterSam/Content/StarterBundle/ModularSci_Comm/Materials/MI_Terminal_A_UI_1B.uexp" 2792
"F:/Users/mihai/Documents/GitHub/ShooterSam/ShooterSam/Content/StarterBundle/ModularSci_Comm/Textures/T_Terminal_UI_Trim.ubulk" 2793
"F:/Users/mihai/Documents/GitHub/ShooterSam/ShooterSam/Content/StarterBundle/ModularSci_Comm/Textures/T_Terminal_UI_Trim.uasset" 2794
"F:/Users/mihai/Documents/GitHub/ShooterSam/ShooterSam/Content/StarterBundle/ModularSci_Comm/Textures/T_Terminal_UI_Trim.uexp" 2795
"F:/Users/mihai/Documents/GitHub/ShooterSam/ShooterSam/Content/StarterBundle/ModularSci_Comm/Materials/MI_Terminal_A_UI_Trim.uasset" 2796
"F:/Users/mihai/Documents/GitHub/ShooterSam/ShooterSam/Content/StarterBundle/ModularSci_Comm/Materials/MI_Terminal_A_UI_Trim.uexp" 2797
"F:/Users/mihai/Documents/GitHub/ShooterSam/ShooterSam/Content/StarterBundle/ModularSci_Comm/Materials/MI_Terminal_A_UI_Trim_Pan.uasset" 2798
"F:/Users/mihai/Documents/GitHub/ShooterSam/ShooterSam/Content/StarterBundle/ModularSci_Comm/Materials/MI_Terminal_A_UI_Trim_Pan.uexp" 2799
"F:/Users/mihai/Documents/GitHub/ShooterSam/ShooterSam/Content/StarterBundle/ModularSci_Comm/Textures/T_Terminal_UI_Trim_Blur.ubulk" 2800
"F:/Users/mihai/Documents/GitHub/ShooterSam/ShooterSam/Content/StarterBundle/ModularSci_Comm/Textures/T_Terminal_UI_Trim_Blur.uasset" 2801
"F:/Users/mihai/Documents/GitHub/ShooterSam/ShooterSam/Content/StarterBundle/ModularSci_Comm/Textures/T_Terminal_UI_Trim_Blur.uexp" 2802
"F:/Users/mihai/Documents/GitHub/ShooterSam/ShooterSam/Content/StarterBundle/ModularSci_Comm/Materials/MI_Terminal_A_UI_TrimB.uasset" 2803
"F:/Users/mihai/Documents/GitHub/ShooterSam/ShooterSam/Content/StarterBundle/ModularSci_Comm/Materials/MI_Terminal_A_UI_TrimB.uexp" 2804
"F:/Users/mihai/Documents/GitHub/ShooterSam/ShooterSam/Content/StarterBundle/ModularSci_Comm/Meshes/SM_Terminal_A_UI.ubulk" 2805
"F:/Users/mihai/Documents/GitHub/ShooterSam/ShooterSam/Content/StarterBundle/ModularSci_Comm/Meshes/SM_Terminal_A_UI.uasset" 2806
"F:/Users/mihai/Documents/GitHub/ShooterSam/ShooterSam/Content/StarterBundle/ModularSci_Comm/Meshes/SM_Terminal_A_UI.uexp" 2807
"F:/Users/mihai/Documents/GitHub/ShooterSam/ShooterSam/Content/StarterBundle/ModularSci_Comm/Materials/MI_Trims_C_Black.uasset" 2808
"F:/Users/mihai/Documents/GitHub/ShooterSam/ShooterSam/Content/StarterBundle/ModularSci_Comm/Materials/MI_Trims_C_Black.uexp" 2809
"F:/Users/mihai/Documents/GitHub/ShooterSam/ShooterSam/Content/StarterBundle/ModularSci_Comm/Materials/MI_Light_Orange.uasset" 2810
"F:/Users/mihai/Documents/GitHub/ShooterSam/ShooterSam/Content/StarterBundle/ModularSci_Comm/Materials/MI_Light_Orange.uexp" 2811
"F:/Users/mihai/Documents/GitHub/ShooterSam/ShooterSam/Content/StarterBundle/ModularSci_Comm/Materials/MI_Lights_A.uasset" 2812
"F:/Users/mihai/Documents/GitHub/ShooterSam/ShooterSam/Content/StarterBundle/ModularSci_Comm/Materials/MI_Lights_A.uexp" 2813
"F:/Users/mihai/Documents/GitHub/ShooterSam/ShooterSam/Content/StarterBundle/ModularSci_Comm/Meshes/SM_Terminal_A.ubulk" 2814
"F:/Users/mihai/Documents/GitHub/ShooterSam/ShooterSam/Content/StarterBundle/ModularSci_Comm/Meshes/SM_Terminal_A.uasset" 2815
"F:/Users/mihai/Documents/GitHub/ShooterSam/ShooterSam/Content/StarterBundle/ModularSci_Comm/Meshes/SM_Terminal_A.uexp" 2816
"F:/Users/mihai/Documents/GitHub/ShooterSam/ShooterSam/Content/StarterBundle/ModularSci_Comm/Meshes/SM_Stairs_A_Straight.ubulk" 2817
"F:/Users/mihai/Documents/GitHub/ShooterSam/ShooterSam/Content/StarterBundle/ModularSci_Comm/Meshes/SM_Stairs_A_Straight.uasset" 2818
"F:/Users/mihai/Documents/GitHub/ShooterSam/ShooterSam/Content/StarterBundle/ModularSci_Comm/Meshes/SM_Stairs_A_Straight.uexp" 2819
"F:/Users/mihai/Documents/GitHub/ShooterSam/ShooterSam/Content/StarterBundle/ModularSci_Comm/Meshes/SM_Stairs_A1.ubulk" 2820
"F:/Users/mihai/Documents/GitHub/ShooterSam/ShooterSam/Content/StarterBundle/ModularSci_Comm/Meshes/SM_Stairs_A1.uasset" 2821
"F:/Users/mihai/Documents/GitHub/ShooterSam/ShooterSam/Content/StarterBundle/ModularSci_Comm/Meshes/SM_Stairs_A1.uexp" 2822
"F:/Users/mihai/Documents/GitHub/ShooterSam/ShooterSam/Content/StarterBundle/ModularSci_Comm/Materials/MI_Solid_White_2.uasset" 2823
"F:/Users/mihai/Documents/GitHub/ShooterSam/ShooterSam/Content/StarterBundle/ModularSci_Comm/Materials/MI_Solid_White_2.uexp" 2824
"F:/Users/mihai/Documents/GitHub/ShooterSam/ShooterSam/Content/StarterBundle/ModularSci_Comm/Meshes/SM_Railing_Window.ubulk" 2825
"F:/Users/mihai/Documents/GitHub/ShooterSam/ShooterSam/Content/StarterBundle/ModularSci_Comm/Meshes/SM_Railing_Window.uasset" 2826
"F:/Users/mihai/Documents/GitHub/ShooterSam/ShooterSam/Content/StarterBundle/ModularSci_Comm/Meshes/SM_Railing_Window.uexp" 2827
"F:/Users/mihai/Documents/GitHub/ShooterSam/ShooterSam/Content/StarterBundle/ModularSci_Comm/Textures/Decals/Normals/T_Indent_G_normals.ubulk" 2828
"F:/Users/mihai/Documents/GitHub/ShooterSam/ShooterSam/Content/StarterBundle/ModularSci_Comm/Textures/Decals/Normals/T_Indent_G_normals.uasset" 2829
"F:/Users/mihai/Documents/GitHub/ShooterSam/ShooterSam/Content/StarterBundle/ModularSci_Comm/Textures/Decals/Normals/T_Indent_G_normals.uexp" 2830
"F:/Users/mihai/Documents/GitHub/ShooterSam/ShooterSam/Content/StarterBundle/ModularSci_Comm/Materials/MI_FlatBlack.uasset" 2831
"F:/Users/mihai/Documents/GitHub/ShooterSam/ShooterSam/Content/StarterBundle/ModularSci_Comm/Materials/MI_FlatBlack.uexp" 2832
"F:/Users/mihai/Documents/GitHub/ShooterSam/ShooterSam/Content/StarterBundle/ModularSci_Comm/Meshes/SM_Railing_Center.ubulk" 2833
"F:/Users/mihai/Documents/GitHub/ShooterSam/ShooterSam/Content/StarterBundle/ModularSci_Comm/Meshes/SM_Railing_Center.uasset" 2834
"F:/Users/mihai/Documents/GitHub/ShooterSam/ShooterSam/Content/StarterBundle/ModularSci_Comm/Meshes/SM_Railing_Center.uexp" 2835
"F:/Users/mihai/Documents/GitHub/ShooterSam/ShooterSam/Content/StarterBundle/ModularSci_Comm/Materials/MI_Trims_A_Gray.uasset" 2836
"F:/Users/mihai/Documents/GitHub/ShooterSam/ShooterSam/Content/StarterBundle/ModularSci_Comm/Materials/MI_Trims_A_Gray.uexp" 2837
"F:/Users/mihai/Documents/GitHub/ShooterSam/ShooterSam/Content/StarterBundle/ModularSci_Comm/Meshes/SM_Light_B.ubulk" 2838
"F:/Users/mihai/Documents/GitHub/ShooterSam/ShooterSam/Content/StarterBundle/ModularSci_Comm/Meshes/SM_Light_B.uasset" 2839
"F:/Users/mihai/Documents/GitHub/ShooterSam/ShooterSam/Content/StarterBundle/ModularSci_Comm/Meshes/SM_Light_B.uexp" 2840
"F:/Users/mihai/Documents/GitHub/ShooterSam/ShooterSam/Content/StarterBundle/ModularSci_Comm/Textures/T_Hexagon_Norm.ubulk" 2841
"F:/Users/mihai/Documents/GitHub/ShooterSam/ShooterSam/Content/StarterBundle/ModularSci_Comm/Textures/T_Hexagon_Norm.uasset" 2842
"F:/Users/mihai/Documents/GitHub/ShooterSam/ShooterSam/Content/StarterBundle/ModularSci_Comm/Textures/T_Hexagon_Norm.uexp" 2843
"F:/Users/mihai/Documents/GitHub/ShooterSam/ShooterSam/Content/StarterBundle/ModularSci_Comm/Textures/T_Hexagon_M.ubulk" 2844
"F:/Users/mihai/Documents/GitHub/ShooterSam/ShooterSam/Content/StarterBundle/ModularSci_Comm/Textures/T_Hexagon_M.uasset" 2845
"F:/Users/mihai/Documents/GitHub/ShooterSam/ShooterSam/Content/StarterBundle/ModularSci_Comm/Textures/T_Hexagon_M.uexp" 2846
"F:/Users/mihai/Documents/GitHub/ShooterSam/ShooterSam/Content/StarterBundle/ModularSci_Comm/Materials/M_Reg_Glass.uasset" 2847
"F:/Users/mihai/Documents/GitHub/ShooterSam/ShooterSam/Content/StarterBundle/ModularSci_Comm/Materials/M_Reg_Glass.uexp" 2848
"F:/Users/mihai/Documents/GitHub/ShooterSam/ShooterSam/Content/StarterBundle/ModularSci_Comm/Materials/MI_Glass_Light.uasset" 2849
"F:/Users/mihai/Documents/GitHub/ShooterSam/ShooterSam/Content/StarterBundle/ModularSci_Comm/Materials/MI_Glass_Light.uexp" 2850
"F:/Users/mihai/Documents/GitHub/ShooterSam/ShooterSam/Content/StarterBundle/ModularSci_Comm/Materials/MI_Light_White_Brighter.uasset" 2851
"F:/Users/mihai/Documents/GitHub/ShooterSam/ShooterSam/Content/StarterBundle/ModularSci_Comm/Materials/MI_Light_White_Brighter.uexp" 2852
"F:/Users/mihai/Documents/GitHub/ShooterSam/ShooterSam/Content/StarterBundle/ModularSci_Comm/Meshes/SM_Light_A.ubulk" 2853
"F:/Users/mihai/Documents/GitHub/ShooterSam/ShooterSam/Content/StarterBundle/ModularSci_Comm/Meshes/SM_Light_A.uasset" 2854
"F:/Users/mihai/Documents/GitHub/ShooterSam/ShooterSam/Content/StarterBundle/ModularSci_Comm/Meshes/SM_Light_A.uexp" 2855
"F:/Users/mihai/Documents/GitHub/ShooterSam/ShooterSam/Content/StarterBundle/ModularSci_Comm/Meshes/SM_Floor_Window_D.ubulk" 2856
"F:/Users/mihai/Documents/GitHub/ShooterSam/ShooterSam/Content/StarterBundle/ModularSci_Comm/Meshes/SM_Floor_Window_D.uasset" 2857
"F:/Users/mihai/Documents/GitHub/ShooterSam/ShooterSam/Content/StarterBundle/ModularSci_Comm/Meshes/SM_Floor_Window_D.uexp" 2858
"F:/Users/mihai/Documents/GitHub/ShooterSam/ShooterSam/Content/StarterBundle/ModularSci_Comm/Materials/MI_Trims_C_FloorBlack_Det.uasset" 2859
"F:/Users/mihai/Documents/GitHub/ShooterSam/ShooterSam/Content/StarterBundle/ModularSci_Comm/Materials/MI_Trims_C_FloorBlack_Det.uexp" 2860
"F:/Users/mihai/Documents/GitHub/ShooterSam/ShooterSam/Content/StarterBundle/ModularSci_Comm/Meshes/SM_Floor_Window_C.ubulk" 2861
"F:/Users/mihai/Documents/GitHub/ShooterSam/ShooterSam/Content/StarterBundle/ModularSci_Comm/Meshes/SM_Floor_Window_C.uasset" 2862
"F:/Users/mihai/Documents/GitHub/ShooterSam/ShooterSam/Content/StarterBundle/ModularSci_Comm/Meshes/SM_Floor_Window_C.uexp" 2863
"F:/Users/mihai/Documents/GitHub/ShooterSam/ShooterSam/Content/StarterBundle/ModularSci_Comm/Meshes/SM_Floor_Window_B.ubulk" 2864
"F:/Users/mihai/Documents/GitHub/ShooterSam/ShooterSam/Content/StarterBundle/ModularSci_Comm/Meshes/SM_Floor_Window_B.uasset" 2865
"F:/Users/mihai/Documents/GitHub/ShooterSam/ShooterSam/Content/StarterBundle/ModularSci_Comm/Meshes/SM_Floor_Window_B.uexp" 2866
"F:/Users/mihai/Documents/GitHub/ShooterSam/ShooterSam/Content/StarterBundle/ModularSci_Comm/Materials/MI_Red_Dirt.uasset" 2867
"F:/Users/mihai/Documents/GitHub/ShooterSam/ShooterSam/Content/StarterBundle/ModularSci_Comm/Materials/MI_Red_Dirt.uexp" 2868
"F:/Users/mihai/Documents/GitHub/ShooterSam/ShooterSam/Content/StarterBundle/ModularSci_Comm/Meshes/SM_Floor_Window_A.ubulk" 2869
"F:/Users/mihai/Documents/GitHub/ShooterSam/ShooterSam/Content/StarterBundle/ModularSci_Comm/Meshes/SM_Floor_Window_A.uasset" 2870
"F:/Users/mihai/Documents/GitHub/ShooterSam/ShooterSam/Content/StarterBundle/ModularSci_Comm/Meshes/SM_Floor_Window_A.uexp" 2871
"F:/Users/mihai/Documents/GitHub/ShooterSam/ShooterSam/Content/StarterBundle/ModularSci_Comm/Materials/MI_Floor_Black.uasset" 2872
"F:/Users/mihai/Documents/GitHub/ShooterSam/ShooterSam/Content/StarterBundle/ModularSci_Comm/Materials/MI_Floor_Black.uexp" 2873
"F:/Users/mihai/Documents/GitHub/ShooterSam/ShooterSam/Content/StarterBundle/ModularSci_Comm/Meshes/SM_Floor_Sides_A.ubulk" 2874
"F:/Users/mihai/Documents/GitHub/ShooterSam/ShooterSam/Content/StarterBundle/ModularSci_Comm/Meshes/SM_Floor_Sides_A.uasset" 2875
"F:/Users/mihai/Documents/GitHub/ShooterSam/ShooterSam/Content/StarterBundle/ModularSci_Comm/Meshes/SM_Floor_Sides_A.uexp" 2876
"F:/Users/mihai/Documents/GitHub/ShooterSam/ShooterSam/Content/StarterBundle/ModularSci_Comm/Meshes/SM_Floor_Panel_A4.ubulk" 2877
"F:/Users/mihai/Documents/GitHub/ShooterSam/ShooterSam/Content/StarterBundle/ModularSci_Comm/Meshes/SM_Floor_Panel_A4.uasset" 2878
"F:/Users/mihai/Documents/GitHub/ShooterSam/ShooterSam/Content/StarterBundle/ModularSci_Comm/Meshes/SM_Floor_Panel_A4.uexp" 2879
"F:/Users/mihai/Documents/GitHub/ShooterSam/ShooterSam/Content/StarterBundle/ModularSci_Comm/Meshes/SM_Floor_Panel_A3.ubulk" 2880
"F:/Users/mihai/Documents/GitHub/ShooterSam/ShooterSam/Content/StarterBundle/ModularSci_Comm/Meshes/SM_Floor_Panel_A3.uasset" 2881
"F:/Users/mihai/Documents/GitHub/ShooterSam/ShooterSam/Content/StarterBundle/ModularSci_Comm/Meshes/SM_Floor_Panel_A3.uexp" 2882
"F:/Users/mihai/Documents/GitHub/ShooterSam/ShooterSam/Content/StarterBundle/ModularSci_Comm/Meshes/SM_Floor_Panel_A2.ubulk" 2883
"F:/Users/mihai/Documents/GitHub/ShooterSam/ShooterSam/Content/StarterBundle/ModularSci_Comm/Meshes/SM_Floor_Panel_A2.uasset" 2884
"F:/Users/mihai/Documents/GitHub/ShooterSam/ShooterSam/Content/StarterBundle/ModularSci_Comm/Meshes/SM_Floor_Panel_A2.uexp" 2885
"F:/Users/mihai/Documents/GitHub/ShooterSam/ShooterSam/Content/StarterBundle/ModularSci_Comm/Meshes/SM_Floor_Panel_A1.ubulk" 2886
"F:/Users/mihai/Documents/GitHub/ShooterSam/ShooterSam/Content/StarterBundle/ModularSci_Comm/Meshes/SM_Floor_Panel_A1.uasset" 2887
"F:/Users/mihai/Documents/GitHub/ShooterSam/ShooterSam/Content/StarterBundle/ModularSci_Comm/Meshes/SM_Floor_Panel_A1.uexp" 2888
"F:/Users/mihai/Documents/GitHub/ShooterSam/ShooterSam/Content/StarterBundle/ModularSci_Comm/Meshes/SM_Floor_Filler.ubulk" 2889
"F:/Users/mihai/Documents/GitHub/ShooterSam/ShooterSam/Content/StarterBundle/ModularSci_Comm/Meshes/SM_Floor_Filler.uasset" 2890
"F:/Users/mihai/Documents/GitHub/ShooterSam/ShooterSam/Content/StarterBundle/ModularSci_Comm/Meshes/SM_Floor_Filler.uexp" 2891
"F:/Users/mihai/Documents/GitHub/ShooterSam/ShooterSam/Content/StarterBundle/ModularSci_Comm/Materials/MI_Pipes_B_Light_Shiny.uasset" 2892
"F:/Users/mihai/Documents/GitHub/ShooterSam/ShooterSam/Content/StarterBundle/ModularSci_Comm/Materials/MI_Pipes_B_Light_Shiny.uexp" 2893
"F:/Users/mihai/Documents/GitHub/ShooterSam/ShooterSam/Content/StarterBundle/ModularSci_Comm/Meshes/SM_Floor_Center_Pipes_A.ubulk" 2894
"F:/Users/mihai/Documents/GitHub/ShooterSam/ShooterSam/Content/StarterBundle/ModularSci_Comm/Meshes/SM_Floor_Center_Pipes_A.uasset" 2895
"F:/Users/mihai/Documents/GitHub/ShooterSam/ShooterSam/Content/StarterBundle/ModularSci_Comm/Meshes/SM_Floor_Center_Pipes_A.uexp" 2896
"F:/Users/mihai/Documents/GitHub/ShooterSam/ShooterSam/Content/StarterBundle/ModularSci_Comm/Materials/MI_Trims_A.uasset" 2897
"F:/Users/mihai/Documents/GitHub/ShooterSam/ShooterSam/Content/StarterBundle/ModularSci_Comm/Materials/MI_Trims_A.uexp" 2898
"F:/Users/mihai/Documents/GitHub/ShooterSam/ShooterSam/Content/StarterBundle/ModularSci_Comm/Meshes/SM_Floor_Center_B.ubulk" 2899
"F:/Users/mihai/Documents/GitHub/ShooterSam/ShooterSam/Content/StarterBundle/ModularSci_Comm/Meshes/SM_Floor_Center_B.uasset" 2900
"F:/Users/mihai/Documents/GitHub/ShooterSam/ShooterSam/Content/StarterBundle/ModularSci_Comm/Meshes/SM_Floor_Center_B.uexp" 2901
"F:/Users/mihai/Documents/GitHub/ShooterSam/ShooterSam/Content/StarterBundle/ModularSci_Comm/Meshes/SM_Floor_Center_A3.ubulk" 2902
"F:/Users/mihai/Documents/GitHub/ShooterSam/ShooterSam/Content/StarterBundle/ModularSci_Comm/Meshes/SM_Floor_Center_A3.uasset" 2903
"F:/Users/mihai/Documents/GitHub/ShooterSam/ShooterSam/Content/StarterBundle/ModularSci_Comm/Meshes/SM_Floor_Center_A3.uexp" 2904
"F:/Users/mihai/Documents/GitHub/ShooterSam/ShooterSam/Content/StarterBundle/ModularSci_Comm/Meshes/SM_Floor_Center_A2.ubulk" 2905
"F:/Users/mihai/Documents/GitHub/ShooterSam/ShooterSam/Content/StarterBundle/ModularSci_Comm/Meshes/SM_Floor_Center_A2.uasset" 2906
"F:/Users/mihai/Documents/GitHub/ShooterSam/ShooterSam/Content/StarterBundle/ModularSci_Comm/Meshes/SM_Floor_Center_A2.uexp" 2907
"F:/Users/mihai/Documents/GitHub/ShooterSam/ShooterSam/Content/StarterBundle/ModularSci_Comm/Meshes/SM_Floor_Center_A1.ubulk" 2908
"F:/Users/mihai/Documents/GitHub/ShooterSam/ShooterSam/Content/StarterBundle/ModularSci_Comm/Meshes/SM_Floor_Center_A1.uasset" 2909
"F:/Users/mihai/Documents/GitHub/ShooterSam/ShooterSam/Content/StarterBundle/ModularSci_Comm/Meshes/SM_Floor_Center_A1.uexp" 2910
"F:/Users/mihai/Documents/GitHub/ShooterSam/ShooterSam/Content/StarterBundle/ModularSci_Comm/Materials/MI_Glass_Ceiling.uasset" 2911
"F:/Users/mihai/Documents/GitHub/ShooterSam/ShooterSam/Content/StarterBundle/ModularSci_Comm/Materials/MI_Glass_Ceiling.uexp" 2912
"F:/Users/mihai/Documents/GitHub/ShooterSam/ShooterSam/Content/StarterBundle/ModularSci_Comm/Meshes/SM_Ceiling_Window_A_Glass.ubulk" 2913
"F:/Users/mihai/Documents/GitHub/ShooterSam/ShooterSam/Content/StarterBundle/ModularSci_Comm/Meshes/SM_Ceiling_Window_A_Glass.uasset" 2914
"F:/Users/mihai/Documents/GitHub/ShooterSam/ShooterSam/Content/StarterBundle/ModularSci_Comm/Meshes/SM_Ceiling_Window_A_Glass.uexp" 2915
"F:/Users/mihai/Documents/GitHub/ShooterSam/ShooterSam/Content/StarterBundle/ModularSci_Comm/Meshes/SM_Ceiling_Window_A.ubulk" 2916
"F:/Users/mihai/Documents/GitHub/ShooterSam/ShooterSam/Content/StarterBundle/ModularSci_Comm/Meshes/SM_Ceiling_Window_A.uasset" 2917
"F:/Users/mihai/Documents/GitHub/ShooterSam/ShooterSam/Content/StarterBundle/ModularSci_Comm/Meshes/SM_Ceiling_Window_A.uexp" 2918
"F:/Users/mihai/Documents/GitHub/ShooterSam/ShooterSam/Content/StarterBundle/ModularSci_Comm/Meshes/SM_Ceiling_Sides_A.ubulk" 2919
"F:/Users/mihai/Documents/GitHub/ShooterSam/ShooterSam/Content/StarterBundle/ModularSci_Comm/Meshes/SM_Ceiling_Sides_A.uasset" 2920
"F:/Users/mihai/Documents/GitHub/ShooterSam/ShooterSam/Content/StarterBundle/ModularSci_Comm/Meshes/SM_Ceiling_Sides_A.uexp" 2921
"F:/Users/mihai/Documents/GitHub/ShooterSam/ShooterSam/Content/StarterBundle/ModularSci_Comm/Meshes/SM_Ceiling_Ring_A2.ubulk" 2922
"F:/Users/mihai/Documents/GitHub/ShooterSam/ShooterSam/Content/StarterBundle/ModularSci_Comm/Meshes/SM_Ceiling_Ring_A2.uasset" 2923
"F:/Users/mihai/Documents/GitHub/ShooterSam/ShooterSam/Content/StarterBundle/ModularSci_Comm/Meshes/SM_Ceiling_Ring_A2.uexp" 2924
"F:/Users/mihai/Documents/GitHub/ShooterSam/ShooterSam/Content/StarterBundle/ModularSci_Comm/Meshes/SM_Ceiling_Ring_A1.ubulk" 2925
"F:/Users/mihai/Documents/GitHub/ShooterSam/ShooterSam/Content/StarterBundle/ModularSci_Comm/Meshes/SM_Ceiling_Ring_A1.uasset" 2926
"F:/Users/mihai/Documents/GitHub/ShooterSam/ShooterSam/Content/StarterBundle/ModularSci_Comm/Meshes/SM_Ceiling_Ring_A1.uexp" 2927
"F:/Users/mihai/Documents/GitHub/ShooterSam/ShooterSam/Content/StarterBundle/ModularSci_Comm/Materials/MI_Pipes_A_Light_Shiny.uasset" 2928
"F:/Users/mihai/Documents/GitHub/ShooterSam/ShooterSam/Content/StarterBundle/ModularSci_Comm/Materials/MI_Pipes_A_Light_Shiny.uexp" 2929
"F:/Users/mihai/Documents/GitHub/ShooterSam/ShooterSam/Content/StarterBundle/ModularSci_Comm/Meshes/SM_Ceiling_Pipe_Small.ubulk" 2930
"F:/Users/mihai/Documents/GitHub/ShooterSam/ShooterSam/Content/StarterBundle/ModularSci_Comm/Meshes/SM_Ceiling_Pipe_Small.uasset" 2931
"F:/Users/mihai/Documents/GitHub/ShooterSam/ShooterSam/Content/StarterBundle/ModularSci_Comm/Meshes/SM_Ceiling_Pipe_Small.uexp" 2932
"F:/Users/mihai/Documents/GitHub/ShooterSam/ShooterSam/Content/StarterBundle/ModularSci_Comm/Materials/MI_Trims_B_Black.uasset" 2933
"F:/Users/mihai/Documents/GitHub/ShooterSam/ShooterSam/Content/StarterBundle/ModularSci_Comm/Materials/MI_Trims_B_Black.uexp" 2934
"F:/Users/mihai/Documents/GitHub/ShooterSam/ShooterSam/Content/StarterBundle/ModularSci_Comm/Meshes/SM_Ceiling_Pipe_Large.ubulk" 2935
"F:/Users/mihai/Documents/GitHub/ShooterSam/ShooterSam/Content/StarterBundle/ModularSci_Comm/Meshes/SM_Ceiling_Pipe_Large.uasset" 2936
"F:/Users/mihai/Documents/GitHub/ShooterSam/ShooterSam/Content/StarterBundle/ModularSci_Comm/Meshes/SM_Ceiling_Pipe_Large.uexp" 2937
"F:/Users/mihai/Documents/GitHub/ShooterSam/ShooterSam/Content/StarterBundle/ModularSci_Comm/Meshes/SM_Ceiling_Panel_A.ubulk" 2938
"F:/Users/mihai/Documents/GitHub/ShooterSam/ShooterSam/Content/StarterBundle/ModularSci_Comm/Meshes/SM_Ceiling_Panel_A.uasset" 2939
"F:/Users/mihai/Documents/GitHub/ShooterSam/ShooterSam/Content/StarterBundle/ModularSci_Comm/Meshes/SM_Ceiling_Panel_A.uexp" 2940
"F:/Users/mihai/Documents/GitHub/ShooterSam/ShooterSam/Content/StarterBundle/ModularSci_Comm/Meshes/SM_Ceiling_OuterRing_D.ubulk" 2941
"F:/Users/mihai/Documents/GitHub/ShooterSam/ShooterSam/Content/StarterBundle/ModularSci_Comm/Meshes/SM_Ceiling_OuterRing_D.uasset" 2942
"F:/Users/mihai/Documents/GitHub/ShooterSam/ShooterSam/Content/StarterBundle/ModularSci_Comm/Meshes/SM_Ceiling_OuterRing_D.uexp" 2943
"F:/Users/mihai/Documents/GitHub/ShooterSam/ShooterSam/Content/StarterBundle/ModularSci_Comm/Meshes/SM_Ceiling_OuterRing_C.ubulk" 2944
"F:/Users/mihai/Documents/GitHub/ShooterSam/ShooterSam/Content/StarterBundle/ModularSci_Comm/Meshes/SM_Ceiling_OuterRing_C.uasset" 2945
"F:/Users/mihai/Documents/GitHub/ShooterSam/ShooterSam/Content/StarterBundle/ModularSci_Comm/Meshes/SM_Ceiling_OuterRing_C.uexp" 2946
"F:/Users/mihai/Documents/GitHub/ShooterSam/ShooterSam/Content/StarterBundle/ModularSci_Comm/Materials/MI_Solid_Gray.uasset" 2947
"F:/Users/mihai/Documents/GitHub/ShooterSam/ShooterSam/Content/StarterBundle/ModularSci_Comm/Materials/MI_Solid_Gray.uexp" 2948
"F:/Users/mihai/Documents/GitHub/ShooterSam/ShooterSam/Content/StarterBundle/ModularSci_Comm/Materials/MI_Trims_C_Light_Dirt2.uasset" 2949
"F:/Users/mihai/Documents/GitHub/ShooterSam/ShooterSam/Content/StarterBundle/ModularSci_Comm/Materials/MI_Trims_C_Light_Dirt2.uexp" 2950
"F:/Users/mihai/Documents/GitHub/ShooterSam/ShooterSam/Content/StarterBundle/ModularSci_Comm/Meshes/SM_Ceiling_OuterRing_B.ubulk" 2951
"F:/Users/mihai/Documents/GitHub/ShooterSam/ShooterSam/Content/StarterBundle/ModularSci_Comm/Meshes/SM_Ceiling_OuterRing_B.uasset" 2952
"F:/Users/mihai/Documents/GitHub/ShooterSam/ShooterSam/Content/StarterBundle/ModularSci_Comm/Meshes/SM_Ceiling_OuterRing_B.uexp" 2953
"F:/Users/mihai/Documents/GitHub/ShooterSam/ShooterSam/Content/StarterBundle/ModularSci_Comm/Meshes/SM_Ceiling_OuterRing_A.ubulk" 2954
"F:/Users/mihai/Documents/GitHub/ShooterSam/ShooterSam/Content/StarterBundle/ModularSci_Comm/Meshes/SM_Ceiling_OuterRing_A.uasset" 2955
"F:/Users/mihai/Documents/GitHub/ShooterSam/ShooterSam/Content/StarterBundle/ModularSci_Comm/Meshes/SM_Ceiling_OuterRing_A.uexp" 2956
"F:/Users/mihai/Documents/GitHub/ShooterSam/ShooterSam/Content/StarterBundle/ModularSci_Comm/Meshes/SM_Ceiling_Main_D.ubulk" 2957
"F:/Users/mihai/Documents/GitHub/ShooterSam/ShooterSam/Content/StarterBundle/ModularSci_Comm/Meshes/SM_Ceiling_Main_D.uasset" 2958
"F:/Users/mihai/Documents/GitHub/ShooterSam/ShooterSam/Content/StarterBundle/ModularSci_Comm/Meshes/SM_Ceiling_Main_D.uexp" 2959
"F:/Users/mihai/Documents/GitHub/ShooterSam/ShooterSam/Content/StarterBundle/ModularSci_Comm/Meshes/SM_Ceiling_Main_C.ubulk" 2960
"F:/Users/mihai/Documents/GitHub/ShooterSam/ShooterSam/Content/StarterBundle/ModularSci_Comm/Meshes/SM_Ceiling_Main_C.uasset" 2961
"F:/Users/mihai/Documents/GitHub/ShooterSam/ShooterSam/Content/StarterBundle/ModularSci_Comm/Meshes/SM_Ceiling_Main_C.uexp" 2962
"F:/Users/mihai/Documents/GitHub/ShooterSam/ShooterSam/Content/StarterBundle/ModularSci_Comm/Meshes/SM_Ceiling_Main_B.ubulk" 2963
"F:/Users/mihai/Documents/GitHub/ShooterSam/ShooterSam/Content/StarterBundle/ModularSci_Comm/Meshes/SM_Ceiling_Main_B.uasset" 2964
"F:/Users/mihai/Documents/GitHub/ShooterSam/ShooterSam/Content/StarterBundle/ModularSci_Comm/Meshes/SM_Ceiling_Main_B.uexp" 2965
"F:/Users/mihai/Documents/GitHub/ShooterSam/ShooterSam/Content/StarterBundle/ModularSci_Comm/Meshes/SM_Ceiling_Main_A.ubulk" 2966
"F:/Users/mihai/Documents/GitHub/ShooterSam/ShooterSam/Content/StarterBundle/ModularSci_Comm/Meshes/SM_Ceiling_Main_A.uasset" 2967
"F:/Users/mihai/Documents/GitHub/ShooterSam/ShooterSam/Content/StarterBundle/ModularSci_Comm/Meshes/SM_Ceiling_Main_A.uexp" 2968
"F:/Users/mihai/Documents/GitHub/ShooterSam/ShooterSam/Content/StarterBundle/ModularSci_Comm/Meshes/SM_Ceiling_Det_B.ubulk" 2969
"F:/Users/mihai/Documents/GitHub/ShooterSam/ShooterSam/Content/StarterBundle/ModularSci_Comm/Meshes/SM_Ceiling_Det_B.uasset" 2970
"F:/Users/mihai/Documents/GitHub/ShooterSam/ShooterSam/Content/StarterBundle/ModularSci_Comm/Meshes/SM_Ceiling_Det_B.uexp" 2971
"F:/Users/mihai/Documents/GitHub/ShooterSam/ShooterSam/Content/StarterBundle/ModularSci_Comm/Meshes/SM_Ceiling_Det_A.ubulk" 2972
"F:/Users/mihai/Documents/GitHub/ShooterSam/ShooterSam/Content/StarterBundle/ModularSci_Comm/Meshes/SM_Ceiling_Det_A.uasset" 2973
"F:/Users/mihai/Documents/GitHub/ShooterSam/ShooterSam/Content/StarterBundle/ModularSci_Comm/Meshes/SM_Ceiling_Det_A.uexp" 2974
"F:/Users/mihai/Documents/GitHub/ShooterSam/ShooterSam/Content/StarterBundle/ModularSci_Comm/Materials/MI_Wall_Detail_A3.uasset" 2975
"F:/Users/mihai/Documents/GitHub/ShooterSam/ShooterSam/Content/StarterBundle/ModularSci_Comm/Materials/MI_Wall_Detail_A3.uexp" 2976
"F:/Users/mihai/Documents/GitHub/ShooterSam/ShooterSam/Content/StarterBundle/ModularSci_Comm/Materials/MI_Trims_C_Yellow2.uasset" 2977
"F:/Users/mihai/Documents/GitHub/ShooterSam/ShooterSam/Content/StarterBundle/ModularSci_Comm/Materials/MI_Trims_C_Yellow2.uexp" 2978
"F:/Users/mihai/Documents/GitHub/ShooterSam/ShooterSam/Content/StarterBundle/ModularSci_Comm/Materials/MI_Trims_C_Yellow.uasset" 2979
"F:/Users/mihai/Documents/GitHub/ShooterSam/ShooterSam/Content/StarterBundle/ModularSci_Comm/Materials/MI_Trims_C_Yellow.uexp" 2980
"F:/Users/mihai/Documents/GitHub/ShooterSam/ShooterSam/Content/StarterBundle/ModularSci_Comm/Materials/MI_Trims_C_LightGray_M.uasset" 2981
"F:/Users/mihai/Documents/GitHub/ShooterSam/ShooterSam/Content/StarterBundle/ModularSci_Comm/Materials/MI_Trims_C_LightGray_M.uexp" 2982
"F:/Users/mihai/Documents/GitHub/ShooterSam/ShooterSam/Content/StarterBundle/ModularSci_Comm/Materials/MI_Trims_C_FloorBlack_Det2.uasset" 2983
"F:/Users/mihai/Documents/GitHub/ShooterSam/ShooterSam/Content/StarterBundle/ModularSci_Comm/Materials/MI_Trims_C_FloorBlack_Det2.uexp" 2984
"F:/Users/mihai/Documents/GitHub/ShooterSam/ShooterSam/Content/StarterBundle/ModularSci_Comm/Materials/MI_Trims_C_FloorBlack2.uasset" 2985
"F:/Users/mihai/Documents/GitHub/ShooterSam/ShooterSam/Content/StarterBundle/ModularSci_Comm/Materials/MI_Trims_C_FloorBlack2.uexp" 2986
"F:/Users/mihai/Documents/GitHub/ShooterSam/ShooterSam/Content/StarterBundle/ModularSci_Comm/Materials/MI_Trims_C_Dark_Dirt.uasset" 2987
"F:/Users/mihai/Documents/GitHub/ShooterSam/ShooterSam/Content/StarterBundle/ModularSci_Comm/Materials/MI_Trims_C_Dark_Dirt.uexp" 2988
"F:/Users/mihai/Documents/GitHub/ShooterSam/ShooterSam/Content/StarterBundle/ModularSci_Comm/Materials/MI_Trims_C_Dark3.uasset" 2989
"F:/Users/mihai/Documents/GitHub/ShooterSam/ShooterSam/Content/StarterBundle/ModularSci_Comm/Materials/MI_Trims_C_Dark3.uexp" 2990
"F:/Users/mihai/Documents/GitHub/ShooterSam/ShooterSam/Content/StarterBundle/ModularSci_Comm/Materials/MI_Trims_C_Dark2.uasset" 2991
"F:/Users/mihai/Documents/GitHub/ShooterSam/ShooterSam/Content/StarterBundle/ModularSci_Comm/Materials/MI_Trims_C_Dark2.uexp" 2992
"F:/Users/mihai/Documents/GitHub/ShooterSam/ShooterSam/Content/StarterBundle/ModularSci_Comm/Materials/MI_Trims_A_Black2.uasset" 2993
"F:/Users/mihai/Documents/GitHub/ShooterSam/ShooterSam/Content/StarterBundle/ModularSci_Comm/Materials/MI_Trims_A_Black2.uexp" 2994
"F:/Users/mihai/Documents/GitHub/ShooterSam/ShooterSam/Content/StarterBundle/ModularSci_Comm/Materials/MI_Solid_Black2.uasset" 2995
"F:/Users/mihai/Documents/GitHub/ShooterSam/ShooterSam/Content/StarterBundle/ModularSci_Comm/Materials/MI_Solid_Black2.uexp" 2996
"F:/Users/mihai/Documents/GitHub/ShooterSam/ShooterSam/Content/StarterBundle/ModularSci_Comm/Materials/MI_Glass_ObservationWindow.uasset" 2997
"F:/Users/mihai/Documents/GitHub/ShooterSam/ShooterSam/Content/StarterBundle/ModularSci_Comm/Materials/MI_Glass_ObservationWindow.uexp" 2998
"F:/Users/mihai/Documents/GitHub/ShooterSam/ShooterSam/Content/StarterBundle/ModularSci_Comm/Materials/MI_Floor_Black2.uasset" 2999
"F:/Users/mihai/Documents/GitHub/ShooterSam/ShooterSam/Content/StarterBundle/ModularSci_Comm/Materials/MI_Floor_Black2.uexp" 3000
"F:/Users/mihai/Documents/GitHub/ShooterSam/ShooterSam/Content/StarterBundle/ModularSci_Comm/Textures/Decals/T_Base_M.uasset" 3001
"F:/Users/mihai/Documents/GitHub/ShooterSam/ShooterSam/Content/StarterBundle/ModularSci_Comm/Textures/Decals/T_Base_M.uexp" 3002
"F:/Users/mihai/Documents/GitHub/ShooterSam/ShooterSam/Content/StarterBundle/ModularSci_Comm/Textures/Decals/Floor/T_FloorSquare_A_M.uasset" 3003
"F:/Users/mihai/Documents/GitHub/ShooterSam/ShooterSam/Content/StarterBundle/ModularSci_Comm/Textures/Decals/Floor/T_FloorSquare_A_M.uexp" 3004
"F:/Users/mihai/Documents/GitHub/ShooterSam/ShooterSam/Content/StarterBundle/ModularSci_Comm/Textures/Decals/Floor/T_FloorSquare_A.uasset" 3005
"F:/Users/mihai/Documents/GitHub/ShooterSam/ShooterSam/Content/StarterBundle/ModularSci_Comm/Textures/Decals/Floor/T_FloorSquare_A.uexp" 3006
"F:/Users/mihai/Documents/GitHub/ShooterSam/ShooterSam/Content/StarterBundle/ModularSci_Comm/Materials/Decals/M_Decal_Base.uasset" 3007
"F:/Users/mihai/Documents/GitHub/ShooterSam/ShooterSam/Content/StarterBundle/ModularSci_Comm/Materials/Decals/M_Decal_Base.uexp" 3008
"F:/Users/mihai/Documents/GitHub/ShooterSam/ShooterSam/Content/StarterBundle/ModularSci_Comm/Textures/Decals/Text/Words/T_Observation.uasset" 3009
"F:/Users/mihai/Documents/GitHub/ShooterSam/ShooterSam/Content/StarterBundle/ModularSci_Comm/Textures/Decals/Text/Words/T_Observation.uexp" 3010
"F:/Users/mihai/Documents/GitHub/ShooterSam/ShooterSam/Content/StarterBundle/ModularSci_Comm/Materials/Decals/Words/MI_Observation.uasset" 3011
"F:/Users/mihai/Documents/GitHub/ShooterSam/ShooterSam/Content/StarterBundle/ModularSci_Comm/Materials/Decals/Words/MI_Observation.uexp" 3012
"F:/Users/mihai/Documents/GitHub/ShooterSam/ShooterSam/Content/StarterBundle/ModularSci_Comm/Textures/Decals/Text/Words/T_Maintenance.uasset" 3013
"F:/Users/mihai/Documents/GitHub/ShooterSam/ShooterSam/Content/StarterBundle/ModularSci_Comm/Textures/Decals/Text/Words/T_Maintenance.uexp" 3014
"F:/Users/mihai/Documents/GitHub/ShooterSam/ShooterSam/Content/StarterBundle/ModularSci_Comm/Materials/Decals/Words/MI_Maintenance_Black.uasset" 3015
"F:/Users/mihai/Documents/GitHub/ShooterSam/ShooterSam/Content/StarterBundle/ModularSci_Comm/Materials/Decals/Words/MI_Maintenance_Black.uexp" 3016
"F:/Users/mihai/Documents/GitHub/ShooterSam/ShooterSam/Content/StarterBundle/ModularSci_Comm/Textures/Decals/Text/Words/T_Deck.uasset" 3017
"F:/Users/mihai/Documents/GitHub/ShooterSam/ShooterSam/Content/StarterBundle/ModularSci_Comm/Textures/Decals/Text/Words/T_Deck.uexp" 3018
"F:/Users/mihai/Documents/GitHub/ShooterSam/ShooterSam/Content/StarterBundle/ModularSci_Comm/Materials/Decals/Words/MI_Deck_Black.uasset" 3019
"F:/Users/mihai/Documents/GitHub/ShooterSam/ShooterSam/Content/StarterBundle/ModularSci_Comm/Materials/Decals/Words/MI_Deck_Black.uexp" 3020
"F:/Users/mihai/Documents/GitHub/ShooterSam/ShooterSam/Content/StarterBundle/ModularSci_Comm/Textures/Decals/Text/Words/T_Control.uasset" 3021
"F:/Users/mihai/Documents/GitHub/ShooterSam/ShooterSam/Content/StarterBundle/ModularSci_Comm/Textures/Decals/Text/Words/T_Control.uexp" 3022
"F:/Users/mihai/Documents/GitHub/ShooterSam/ShooterSam/Content/StarterBundle/ModularSci_Comm/Materials/Decals/Words/MI_Control_Black.uasset" 3023
"F:/Users/mihai/Documents/GitHub/ShooterSam/ShooterSam/Content/StarterBundle/ModularSci_Comm/Materials/Decals/Words/MI_Control_Black.uexp" 3024
"F:/Users/mihai/Documents/GitHub/ShooterSam/ShooterSam/Content/StarterBundle/ModularSci_Comm/Textures/Decals/Text/Words/T_Command.uasset" 3025
"F:/Users/mihai/Documents/GitHub/ShooterSam/ShooterSam/Content/StarterBundle/ModularSci_Comm/Textures/Decals/Text/Words/T_Command.uexp" 3026
"F:/Users/mihai/Documents/GitHub/ShooterSam/ShooterSam/Content/StarterBundle/ModularSci_Comm/Materials/Decals/Words/MI_Command_Black.uasset" 3027
"F:/Users/mihai/Documents/GitHub/ShooterSam/ShooterSam/Content/StarterBundle/ModularSci_Comm/Materials/Decals/Words/MI_Command_Black.uexp" 3028
"F:/Users/mihai/Documents/GitHub/ShooterSam/ShooterSam/Content/StarterBundle/ModularSci_Comm/Textures/Decals/Text/Words/T_Center.uasset" 3029
"F:/Users/mihai/Documents/GitHub/ShooterSam/ShooterSam/Content/StarterBundle/ModularSci_Comm/Textures/Decals/Text/Words/T_Center.uexp" 3030
"F:/Users/mihai/Documents/GitHub/ShooterSam/ShooterSam/Content/StarterBundle/ModularSci_Comm/Materials/Decals/Words/MI_Center.uasset" 3031
"F:/Users/mihai/Documents/GitHub/ShooterSam/ShooterSam/Content/StarterBundle/ModularSci_Comm/Materials/Decals/Words/MI_Center.uexp" 3032
"F:/Users/mihai/Documents/GitHub/ShooterSam/ShooterSam/Content/StarterBundle/ModularSci_Comm/Textures/Decals/Text/T_Text_Dash.uasset" 3033
"F:/Users/mihai/Documents/GitHub/ShooterSam/ShooterSam/Content/StarterBundle/ModularSci_Comm/Textures/Decals/Text/T_Text_Dash.uexp" 3034
"F:/Users/mihai/Documents/GitHub/ShooterSam/ShooterSam/Content/StarterBundle/ModularSci_Comm/Materials/Decals/Text/MI_Text_Dash_White.uasset" 3035
"F:/Users/mihai/Documents/GitHub/ShooterSam/ShooterSam/Content/StarterBundle/ModularSci_Comm/Materials/Decals/Text/MI_Text_Dash_White.uexp" 3036
"F:/Users/mihai/Documents/GitHub/ShooterSam/ShooterSam/Content/StarterBundle/ModularSci_Comm/Materials/Decals/Text/MI_Text_Dash2.uasset" 3037
"F:/Users/mihai/Documents/GitHub/ShooterSam/ShooterSam/Content/StarterBundle/ModularSci_Comm/Materials/Decals/Text/MI_Text_Dash2.uexp" 3038
"F:/Users/mihai/Documents/GitHub/ShooterSam/ShooterSam/Content/StarterBundle/ModularSci_Comm/Materials/Decals/Text/MI_Text_Dash.uasset" 3039
"F:/Users/mihai/Documents/GitHub/ShooterSam/ShooterSam/Content/StarterBundle/ModularSci_Comm/Materials/Decals/Text/MI_Text_Dash.uexp" 3040
"F:/Users/mihai/Documents/GitHub/ShooterSam/ShooterSam/Content/StarterBundle/ModularSci_Comm/Textures/Decals/Text/T_Text_D.uasset" 3041
"F:/Users/mihai/Documents/GitHub/ShooterSam/ShooterSam/Content/StarterBundle/ModularSci_Comm/Textures/Decals/Text/T_Text_D.uexp" 3042
"F:/Users/mihai/Documents/GitHub/ShooterSam/ShooterSam/Content/StarterBundle/ModularSci_Comm/Materials/Decals/Text/MI_Text_D.uasset" 3043
"F:/Users/mihai/Documents/GitHub/ShooterSam/ShooterSam/Content/StarterBundle/ModularSci_Comm/Materials/Decals/Text/MI_Text_D.uexp" 3044
"F:/Users/mihai/Documents/GitHub/ShooterSam/ShooterSam/Content/StarterBundle/ModularSci_Comm/Textures/Decals/Text/T_Text_5.uasset" 3045
"F:/Users/mihai/Documents/GitHub/ShooterSam/ShooterSam/Content/StarterBundle/ModularSci_Comm/Textures/Decals/Text/T_Text_5.uexp" 3046
"F:/Users/mihai/Documents/GitHub/ShooterSam/ShooterSam/Content/StarterBundle/ModularSci_Comm/Materials/Decals/Text/MI_Text_5b.uasset" 3047
"F:/Users/mihai/Documents/GitHub/ShooterSam/ShooterSam/Content/StarterBundle/ModularSci_Comm/Materials/Decals/Text/MI_Text_5b.uexp" 3048
"F:/Users/mihai/Documents/GitHub/ShooterSam/ShooterSam/Content/StarterBundle/ModularSci_Comm/Textures/Decals/Text/T_Text_0.uasset" 3049
"F:/Users/mihai/Documents/GitHub/ShooterSam/ShooterSam/Content/StarterBundle/ModularSci_Comm/Textures/Decals/Text/T_Text_0.uexp" 3050
"F:/Users/mihai/Documents/GitHub/ShooterSam/ShooterSam/Content/StarterBundle/ModularSci_Comm/Materials/Decals/Text/MI_Text_0.uasset" 3051
"F:/Users/mihai/Documents/GitHub/ShooterSam/ShooterSam/Content/StarterBundle/ModularSci_Comm/Materials/Decals/Text/MI_Text_0.uexp" 3052
"F:/Users/mihai/Documents/GitHub/ShooterSam/ShooterSam/Content/StarterBundle/ModularSci_Comm/Textures/Decals/Text/T_Text_2.uasset" 3053
"F:/Users/mihai/Documents/GitHub/ShooterSam/ShooterSam/Content/StarterBundle/ModularSci_Comm/Textures/Decals/Text/T_Text_2.uexp" 3054
"F:/Users/mihai/Documents/GitHub/ShooterSam/ShooterSam/Content/StarterBundle/ModularSci_Comm/Materials/Decals/Text/MI_Text_2.uasset" 3055
"F:/Users/mihai/Documents/GitHub/ShooterSam/ShooterSam/Content/StarterBundle/ModularSci_Comm/Materials/Decals/Text/MI_Text_2.uexp" 3056
"F:/Users/mihai/Documents/GitHub/ShooterSam/ShooterSam/Content/StarterBundle/ModularSci_Comm/Textures/Decals/Text/T_Text_3.uasset" 3057
"F:/Users/mihai/Documents/GitHub/ShooterSam/ShooterSam/Content/StarterBundle/ModularSci_Comm/Textures/Decals/Text/T_Text_3.uexp" 3058
"F:/Users/mihai/Documents/GitHub/ShooterSam/ShooterSam/Content/StarterBundle/ModularSci_Comm/Materials/Decals/Text/MI_Text_3.uasset" 3059
"F:/Users/mihai/Documents/GitHub/ShooterSam/ShooterSam/Content/StarterBundle/ModularSci_Comm/Materials/Decals/Text/MI_Text_3.uexp" 3060
"F:/Users/mihai/Documents/GitHub/ShooterSam/ShooterSam/Content/StarterBundle/ModularSci_Comm/Materials/Decals/Text/MI_Text_5.uasset" 3061
"F:/Users/mihai/Documents/GitHub/ShooterSam/ShooterSam/Content/StarterBundle/ModularSci_Comm/Materials/Decals/Text/MI_Text_5.uexp" 3062
"F:/Users/mihai/Documents/GitHub/ShooterSam/ShooterSam/Content/StarterBundle/ModularSci_Comm/Textures/Decals/Stripes/T_Stripe_E_M.uasset" 3063
"F:/Users/mihai/Documents/GitHub/ShooterSam/ShooterSam/Content/StarterBundle/ModularSci_Comm/Textures/Decals/Stripes/T_Stripe_E_M.uexp" 3064
"F:/Users/mihai/Documents/GitHub/ShooterSam/ShooterSam/Content/StarterBundle/ModularSci_Comm/Textures/Decals/Stripes/T_Stripe_E.uasset" 3065
"F:/Users/mihai/Documents/GitHub/ShooterSam/ShooterSam/Content/StarterBundle/ModularSci_Comm/Textures/Decals/Stripes/T_Stripe_E.uexp" 3066
"F:/Users/mihai/Documents/GitHub/ShooterSam/ShooterSam/Content/StarterBundle/ModularSci_Comm/Materials/Decals/Stripes/MI_Stripe_E_Red.uasset" 3067
"F:/Users/mihai/Documents/GitHub/ShooterSam/ShooterSam/Content/StarterBundle/ModularSci_Comm/Materials/Decals/Stripes/MI_Stripe_E_Red.uexp" 3068
"F:/Users/mihai/Documents/GitHub/ShooterSam/ShooterSam/Content/StarterBundle/ModularSci_Comm/Materials/Decals/Stripes/MI_Stripe_E.uasset" 3069
"F:/Users/mihai/Documents/GitHub/ShooterSam/ShooterSam/Content/StarterBundle/ModularSci_Comm/Materials/Decals/Stripes/MI_Stripe_E.uexp" 3070
"F:/Users/mihai/Documents/GitHub/ShooterSam/ShooterSam/Content/StarterBundle/ModularSci_Comm/Textures/Decals/Stripes/T_Stripe_D.uasset" 3071
"F:/Users/mihai/Documents/GitHub/ShooterSam/ShooterSam/Content/StarterBundle/ModularSci_Comm/Textures/Decals/Stripes/T_Stripe_D.uexp" 3072
"F:/Users/mihai/Documents/GitHub/ShooterSam/ShooterSam/Content/StarterBundle/ModularSci_Comm/Materials/Decals/Stripes/MI_Stripe_D_White.uasset" 3073
"F:/Users/mihai/Documents/GitHub/ShooterSam/ShooterSam/Content/StarterBundle/ModularSci_Comm/Materials/Decals/Stripes/MI_Stripe_D_White.uexp" 3074
"F:/Users/mihai/Documents/GitHub/ShooterSam/ShooterSam/Content/StarterBundle/ModularSci_Comm/Materials/Decals/Stripes/MI_Stripe_D2.uasset" 3075
"F:/Users/mihai/Documents/GitHub/ShooterSam/ShooterSam/Content/StarterBundle/ModularSci_Comm/Materials/Decals/Stripes/MI_Stripe_D2.uexp" 3076
"F:/Users/mihai/Documents/GitHub/ShooterSam/ShooterSam/Content/StarterBundle/ModularSci_Comm/Textures/Decals/Signs/T_CautionTriangle_B.uasset" 3077
"F:/Users/mihai/Documents/GitHub/ShooterSam/ShooterSam/Content/StarterBundle/ModularSci_Comm/Textures/Decals/Signs/T_CautionTriangle_B.uexp" 3078
"F:/Users/mihai/Documents/GitHub/ShooterSam/ShooterSam/Content/StarterBundle/ModularSci_Comm/Materials/Decals/Signs/MI_CautionTriangle_B.uasset" 3079
"F:/Users/mihai/Documents/GitHub/ShooterSam/ShooterSam/Content/StarterBundle/ModularSci_Comm/Materials/Decals/Signs/MI_CautionTriangle_B.uexp" 3080
"F:/Users/mihai/Documents/GitHub/ShooterSam/ShooterSam/Content/StarterBundle/ModularSci_Comm/Textures/Decals/Normals/T_LightDecal_A_occlusion.ubulk" 3081
"F:/Users/mihai/Documents/GitHub/ShooterSam/ShooterSam/Content/StarterBundle/ModularSci_Comm/Textures/Decals/Normals/T_LightDecal_A_occlusion.uasset" 3082
"F:/Users/mihai/Documents/GitHub/ShooterSam/ShooterSam/Content/StarterBundle/ModularSci_Comm/Textures/Decals/Normals/T_LightDecal_A_occlusion.uexp" 3083
"F:/Users/mihai/Documents/GitHub/ShooterSam/ShooterSam/Content/StarterBundle/ModularSci_Comm/Textures/Decals/Normals/T_LightDecal_A_normals.ubulk" 3084
"F:/Users/mihai/Documents/GitHub/ShooterSam/ShooterSam/Content/StarterBundle/ModularSci_Comm/Textures/Decals/Normals/T_LightDecal_A_normals.uasset" 3085
"F:/Users/mihai/Documents/GitHub/ShooterSam/ShooterSam/Content/StarterBundle/ModularSci_Comm/Textures/Decals/Normals/T_LightDecal_A_normals.uexp" 3086
"F:/Users/mihai/Documents/GitHub/ShooterSam/ShooterSam/Content/StarterBundle/ModularSci_Comm/Textures/Decals/Normals/T_LightDecal_A_M.ubulk" 3087
"F:/Users/mihai/Documents/GitHub/ShooterSam/ShooterSam/Content/StarterBundle/ModularSci_Comm/Textures/Decals/Normals/T_LightDecal_A_M.uasset" 3088
"F:/Users/mihai/Documents/GitHub/ShooterSam/ShooterSam/Content/StarterBundle/ModularSci_Comm/Textures/Decals/Normals/T_LightDecal_A_M.uexp" 3089
"F:/Users/mihai/Documents/GitHub/ShooterSam/ShooterSam/Content/StarterBundle/ModularSci_Comm/Textures/Decals/Normals/T_LightDecal_A_EM.ubulk" 3090
"F:/Users/mihai/Documents/GitHub/ShooterSam/ShooterSam/Content/StarterBundle/ModularSci_Comm/Textures/Decals/Normals/T_LightDecal_A_EM.uasset" 3091
"F:/Users/mihai/Documents/GitHub/ShooterSam/ShooterSam/Content/StarterBundle/ModularSci_Comm/Textures/Decals/Normals/T_LightDecal_A_EM.uexp" 3092
"F:/Users/mihai/Documents/GitHub/ShooterSam/ShooterSam/Content/StarterBundle/ModularSci_Comm/Textures/Decals/Normals/T_Indent_B_occlusion.ubulk" 3093
"F:/Users/mihai/Documents/GitHub/ShooterSam/ShooterSam/Content/StarterBundle/ModularSci_Comm/Textures/Decals/Normals/T_Indent_B_occlusion.uasset" 3094
"F:/Users/mihai/Documents/GitHub/ShooterSam/ShooterSam/Content/StarterBundle/ModularSci_Comm/Textures/Decals/Normals/T_Indent_B_occlusion.uexp" 3095
"F:/Users/mihai/Documents/GitHub/ShooterSam/ShooterSam/Content/StarterBundle/ModularSci_Comm/Textures/Decals/Normals/T_Indent_B_normals.ubulk" 3096
"F:/Users/mihai/Documents/GitHub/ShooterSam/ShooterSam/Content/StarterBundle/ModularSci_Comm/Textures/Decals/Normals/T_Indent_B_normals.uasset" 3097
"F:/Users/mihai/Documents/GitHub/ShooterSam/ShooterSam/Content/StarterBundle/ModularSci_Comm/Textures/Decals/Normals/T_Indent_B_normals.uexp" 3098
"F:/Users/mihai/Documents/GitHub/ShooterSam/ShooterSam/Content/StarterBundle/ModularSci_Comm/Textures/Decals/Normals/T_Indent_B_M.ubulk" 3099
"F:/Users/mihai/Documents/GitHub/ShooterSam/ShooterSam/Content/StarterBundle/ModularSci_Comm/Textures/Decals/Normals/T_Indent_B_M.uasset" 3100
"F:/Users/mihai/Documents/GitHub/ShooterSam/ShooterSam/Content/StarterBundle/ModularSci_Comm/Textures/Decals/Normals/T_Indent_B_M.uexp" 3101
"F:/Users/mihai/Documents/GitHub/ShooterSam/ShooterSam/Content/StarterBundle/ModularSci_Comm/Materials/Decals/Normals/M_Base_DecalNorm.uasset" 3102
"F:/Users/mihai/Documents/GitHub/ShooterSam/ShooterSam/Content/StarterBundle/ModularSci_Comm/Materials/Decals/Normals/M_Base_DecalNorm.uexp" 3103
"F:/Users/mihai/Documents/GitHub/ShooterSam/ShooterSam/Content/StarterBundle/ModularSci_Comm/Materials/Decals/Normals/MI_Light_A_Red.uasset" 3104
"F:/Users/mihai/Documents/GitHub/ShooterSam/ShooterSam/Content/StarterBundle/ModularSci_Comm/Materials/Decals/Normals/MI_Light_A_Red.uexp" 3105
"F:/Users/mihai/Documents/GitHub/ShooterSam/ShooterSam/Content/StarterBundle/ModularSci_Comm/Materials/Decals/Normals/MI_Light_A.uasset" 3106
"F:/Users/mihai/Documents/GitHub/ShooterSam/ShooterSam/Content/StarterBundle/ModularSci_Comm/Materials/Decals/Normals/MI_Light_A.uexp" 3107
"F:/Users/mihai/Documents/GitHub/ShooterSam/ShooterSam/Content/StarterBundle/ModularSci_Comm/Materials/Decals/Normals/MI_Indent_B.uasset" 3108
"F:/Users/mihai/Documents/GitHub/ShooterSam/ShooterSam/Content/StarterBundle/ModularSci_Comm/Materials/Decals/Normals/MI_Indent_B.uexp" 3109
"F:/Users/mihai/Documents/GitHub/ShooterSam/ShooterSam/Content/StarterBundle/ModularSci_Comm/Textures/Decals/Arrows/T_Arrow_F.ubulk" 3110
"F:/Users/mihai/Documents/GitHub/ShooterSam/ShooterSam/Content/StarterBundle/ModularSci_Comm/Textures/Decals/Arrows/T_Arrow_F.uasset" 3111
"F:/Users/mihai/Documents/GitHub/ShooterSam/ShooterSam/Content/StarterBundle/ModularSci_Comm/Textures/Decals/Arrows/T_Arrow_F.uexp" 3112
"F:/Users/mihai/Documents/GitHub/ShooterSam/ShooterSam/Content/StarterBundle/ModularSci_Comm/Materials/Decals/Arrows/MI_Arrow_F_White.uasset" 3113
"F:/Users/mihai/Documents/GitHub/ShooterSam/ShooterSam/Content/StarterBundle/ModularSci_Comm/Materials/Decals/Arrows/MI_Arrow_F_White.uexp" 3114
"F:/Users/mihai/Documents/GitHub/ShooterSam/ShooterSam/Content/StarterBundle/ModularSci_Comm/Materials/Decals/Arrows/MI_Arrow_F.uasset" 3115
"F:/Users/mihai/Documents/GitHub/ShooterSam/ShooterSam/Content/StarterBundle/ModularSci_Comm/Materials/Decals/Arrows/MI_Arrow_F.uexp" 3116
"F:/Users/mihai/Documents/GitHub/ShooterSam/ShooterSam/Content/StarterBundle/ModularSci_Comm/Textures/Decals/Arrows/T_Arrow_A.uasset" 3117
"F:/Users/mihai/Documents/GitHub/ShooterSam/ShooterSam/Content/StarterBundle/ModularSci_Comm/Textures/Decals/Arrows/T_Arrow_A.uexp" 3118
"F:/Users/mihai/Documents/GitHub/ShooterSam/ShooterSam/Content/StarterBundle/ModularSci_Comm/Materials/Decals/Arrows/MI_Arrow_A_Red.uasset" 3119
"F:/Users/mihai/Documents/GitHub/ShooterSam/ShooterSam/Content/StarterBundle/ModularSci_Comm/Materials/Decals/Arrows/MI_Arrow_A_Red.uexp" 3120
"F:/Users/mihai/Documents/GitHub/ShooterSam/ShooterSam/Content/StarterBundle/ModularScifiProps/Textures/T_LampEmissive.ubulk" 3121
"F:/Users/mihai/Documents/GitHub/ShooterSam/ShooterSam/Content/StarterBundle/ModularScifiProps/Textures/T_LampEmissive.uasset" 3122
"F:/Users/mihai/Documents/GitHub/ShooterSam/ShooterSam/Content/StarterBundle/ModularScifiProps/Textures/T_LampEmissive.uexp" 3123
"F:/Users/mihai/Documents/GitHub/ShooterSam/ShooterSam/Content/StarterBundle/ModularScifiProps/Materials/M_SolidLight_Parent.uasset" 3124
"F:/Users/mihai/Documents/GitHub/ShooterSam/ShooterSam/Content/StarterBundle/ModularScifiProps/Materials/M_SolidLight_Parent.uexp" 3125
"F:/Users/mihai/Documents/GitHub/ShooterSam/ShooterSam/Content/StarterBundle/ModularScifiProps/Materials/MI_Light_Wireless_Off.uasset" 3126
"F:/Users/mihai/Documents/GitHub/ShooterSam/ShooterSam/Content/StarterBundle/ModularScifiProps/Materials/MI_Light_Wireless_Off.uexp" 3127
"F:/Users/mihai/Documents/GitHub/ShooterSam/ShooterSam/Content/StarterBundle/ModularScifiProps/Textures/T_WirelessBooster_N_normals.ubulk" 3128
"F:/Users/mihai/Documents/GitHub/ShooterSam/ShooterSam/Content/StarterBundle/ModularScifiProps/Textures/T_WirelessBooster_N_normals.uasset" 3129
"F:/Users/mihai/Documents/GitHub/ShooterSam/ShooterSam/Content/StarterBundle/ModularScifiProps/Textures/T_WirelessBooster_N_normals.uexp" 3130
"F:/Users/mihai/Documents/GitHub/ShooterSam/ShooterSam/Content/StarterBundle/ModularScifiProps/Textures/T_WirelessBooster_M.ubulk" 3131
"F:/Users/mihai/Documents/GitHub/ShooterSam/ShooterSam/Content/StarterBundle/ModularScifiProps/Textures/T_WirelessBooster_M.uasset" 3132
"F:/Users/mihai/Documents/GitHub/ShooterSam/ShooterSam/Content/StarterBundle/ModularScifiProps/Textures/T_WirelessBooster_M.uexp" 3133
"F:/Users/mihai/Documents/GitHub/ShooterSam/ShooterSam/Content/StarterBundle/ModularScifiProps/Textures/T_WirelessBooster_Diff.ubulk" 3134
"F:/Users/mihai/Documents/GitHub/ShooterSam/ShooterSam/Content/StarterBundle/ModularScifiProps/Textures/T_WirelessBooster_Diff.uasset" 3135
"F:/Users/mihai/Documents/GitHub/ShooterSam/ShooterSam/Content/StarterBundle/ModularScifiProps/Textures/T_WirelessBooster_Diff.uexp" 3136
"F:/Users/mihai/Documents/GitHub/ShooterSam/ShooterSam/Content/StarterBundle/ModularScifiProps/Textures/T_Metal_Brushed_M.uasset" 3137
"F:/Users/mihai/Documents/GitHub/ShooterSam/ShooterSam/Content/StarterBundle/ModularScifiProps/Textures/T_Metal_Brushed_M.uexp" 3138
"F:/Users/mihai/Documents/GitHub/ShooterSam/ShooterSam/Content/StarterBundle/ModularScifiProps/Textures/T_Metal_Brushed_N.ubulk" 3139
"F:/Users/mihai/Documents/GitHub/ShooterSam/ShooterSam/Content/StarterBundle/ModularScifiProps/Textures/T_Metal_Brushed_N.uasset" 3140
"F:/Users/mihai/Documents/GitHub/ShooterSam/ShooterSam/Content/StarterBundle/ModularScifiProps/Textures/T_Metal_Brushed_N.uexp" 3141
"F:/Users/mihai/Documents/GitHub/ShooterSam/ShooterSam/Content/StarterBundle/ModularScifiProps/Textures/T_CardReader_N_normals.ubulk" 3142
"F:/Users/mihai/Documents/GitHub/ShooterSam/ShooterSam/Content/StarterBundle/ModularScifiProps/Textures/T_CardReader_N_normals.uasset" 3143
"F:/Users/mihai/Documents/GitHub/ShooterSam/ShooterSam/Content/StarterBundle/ModularScifiProps/Textures/T_CardReader_N_normals.uexp" 3144
"F:/Users/mihai/Documents/GitHub/ShooterSam/ShooterSam/Content/StarterBundle/ModularScifiProps/Textures/T_CardReader_M.ubulk" 3145
"F:/Users/mihai/Documents/GitHub/ShooterSam/ShooterSam/Content/StarterBundle/ModularScifiProps/Textures/T_CardReader_M.uasset" 3146
"F:/Users/mihai/Documents/GitHub/ShooterSam/ShooterSam/Content/StarterBundle/ModularScifiProps/Textures/T_CardReader_M.uexp" 3147
"F:/Users/mihai/Documents/GitHub/ShooterSam/ShooterSam/Content/StarterBundle/ModularScifiProps/Textures/T_CardReader_Diff.ubulk" 3148
"F:/Users/mihai/Documents/GitHub/ShooterSam/ShooterSam/Content/StarterBundle/ModularScifiProps/Textures/T_CardReader_Diff.uasset" 3149
"F:/Users/mihai/Documents/GitHub/ShooterSam/ShooterSam/Content/StarterBundle/ModularScifiProps/Textures/T_CardReader_Diff.uexp" 3150
"F:/Users/mihai/Documents/GitHub/ShooterSam/ShooterSam/Content/StarterBundle/ModularScifiProps/Materials/M_Base_3C.uasset" 3151
"F:/Users/mihai/Documents/GitHub/ShooterSam/ShooterSam/Content/StarterBundle/ModularScifiProps/Materials/M_Base_3C.uexp" 3152
"F:/Users/mihai/Documents/GitHub/ShooterSam/ShooterSam/Content/StarterBundle/ModularScifiProps/Materials/MI_WirelessBooster.uasset" 3153
"F:/Users/mihai/Documents/GitHub/ShooterSam/ShooterSam/Content/StarterBundle/ModularScifiProps/Materials/MI_WirelessBooster.uexp" 3154
"F:/Users/mihai/Documents/GitHub/ShooterSam/ShooterSam/Content/StarterBundle/ModularScifiProps/Materials/MI_Light_Wireless_On.uasset" 3155
"F:/Users/mihai/Documents/GitHub/ShooterSam/ShooterSam/Content/StarterBundle/ModularScifiProps/Materials/MI_Light_Wireless_On.uexp" 3156
"F:/Users/mihai/Documents/GitHub/ShooterSam/ShooterSam/Content/StarterBundle/ModularScifiProps/Meshes/SM_WirelessB_On.ubulk" 3157
"F:/Users/mihai/Documents/GitHub/ShooterSam/ShooterSam/Content/StarterBundle/ModularScifiProps/Meshes/SM_WirelessB_On.uasset" 3158
"F:/Users/mihai/Documents/GitHub/ShooterSam/ShooterSam/Content/StarterBundle/ModularScifiProps/Meshes/SM_WirelessB_On.uexp" 3159
"F:/Users/mihai/Documents/GitHub/ShooterSam/ShooterSam/Content/StarterBundle/ModularScifiProps/Meshes/SM_WirelessB_Off.ubulk" 3160
"F:/Users/mihai/Documents/GitHub/ShooterSam/ShooterSam/Content/StarterBundle/ModularScifiProps/Meshes/SM_WirelessB_Off.uasset" 3161
"F:/Users/mihai/Documents/GitHub/ShooterSam/ShooterSam/Content/StarterBundle/ModularScifiProps/Meshes/SM_WirelessB_Off.uexp" 3162
"F:/Users/mihai/Documents/GitHub/ShooterSam/ShooterSam/Content/StarterBundle/ModularScifiProps/Textures/T_WasteBin_N_normals.ubulk" 3163
"F:/Users/mihai/Documents/GitHub/ShooterSam/ShooterSam/Content/StarterBundle/ModularScifiProps/Textures/T_WasteBin_N_normals.uasset" 3164
"F:/Users/mihai/Documents/GitHub/ShooterSam/ShooterSam/Content/StarterBundle/ModularScifiProps/Textures/T_WasteBin_N_normals.uexp" 3165
"F:/Users/mihai/Documents/GitHub/ShooterSam/ShooterSam/Content/StarterBundle/ModularScifiProps/Textures/T_WasteBin_M.ubulk" 3166
"F:/Users/mihai/Documents/GitHub/ShooterSam/ShooterSam/Content/StarterBundle/ModularScifiProps/Textures/T_WasteBin_M.uasset" 3167
"F:/Users/mihai/Documents/GitHub/ShooterSam/ShooterSam/Content/StarterBundle/ModularScifiProps/Textures/T_WasteBin_M.uexp" 3168
"F:/Users/mihai/Documents/GitHub/ShooterSam/ShooterSam/Content/StarterBundle/ModularScifiProps/Textures/T_WasteBin_Diff.ubulk" 3169
"F:/Users/mihai/Documents/GitHub/ShooterSam/ShooterSam/Content/StarterBundle/ModularScifiProps/Textures/T_WasteBin_Diff.uasset" 3170
"F:/Users/mihai/Documents/GitHub/ShooterSam/ShooterSam/Content/StarterBundle/ModularScifiProps/Textures/T_WasteBin_Diff.uexp" 3171
"F:/Users/mihai/Documents/GitHub/ShooterSam/ShooterSam/Content/StarterBundle/ModularScifiProps/Materials/MI_WasteBin.uasset" 3172
"F:/Users/mihai/Documents/GitHub/ShooterSam/ShooterSam/Content/StarterBundle/ModularScifiProps/Materials/MI_WasteBin.uexp" 3173
"F:/Users/mihai/Documents/GitHub/ShooterSam/ShooterSam/Content/StarterBundle/ModularScifiProps/Meshes/SM_WasteBin.ubulk" 3174
"F:/Users/mihai/Documents/GitHub/ShooterSam/ShooterSam/Content/StarterBundle/ModularScifiProps/Meshes/SM_WasteBin.uasset" 3175
"F:/Users/mihai/Documents/GitHub/ShooterSam/ShooterSam/Content/StarterBundle/ModularScifiProps/Meshes/SM_WasteBin.uexp" 3176
"F:/Users/mihai/Documents/GitHub/ShooterSam/ShooterSam/Content/StarterBundle/ModularScifiProps/Materials/M_Reg_Glass.uasset" 3177
"F:/Users/mihai/Documents/GitHub/ShooterSam/ShooterSam/Content/StarterBundle/ModularScifiProps/Materials/M_Reg_Glass.uexp" 3178
"F:/Users/mihai/Documents/GitHub/ShooterSam/ShooterSam/Content/StarterBundle/ModularScifiProps/Materials/MI_Reg_Glass_Light.uasset" 3179
"F:/Users/mihai/Documents/GitHub/ShooterSam/ShooterSam/Content/StarterBundle/ModularScifiProps/Materials/MI_Reg_Glass_Light.uexp" 3180
"F:/Users/mihai/Documents/GitHub/ShooterSam/ShooterSam/Content/StarterBundle/ModularScifiProps/Textures/T_Screw_N_normals.ubulk" 3181
"F:/Users/mihai/Documents/GitHub/ShooterSam/ShooterSam/Content/StarterBundle/ModularScifiProps/Textures/T_Screw_N_normals.uasset" 3182
"F:/Users/mihai/Documents/GitHub/ShooterSam/ShooterSam/Content/StarterBundle/ModularScifiProps/Textures/T_Screw_N_normals.uexp" 3183
"F:/Users/mihai/Documents/GitHub/ShooterSam/ShooterSam/Content/StarterBundle/ModularScifiProps/Textures/T_Screw_Diff.ubulk" 3184
"F:/Users/mihai/Documents/GitHub/ShooterSam/ShooterSam/Content/StarterBundle/ModularScifiProps/Textures/T_Screw_Diff.uasset" 3185
"F:/Users/mihai/Documents/GitHub/ShooterSam/ShooterSam/Content/StarterBundle/ModularScifiProps/Textures/T_Screw_Diff.uexp" 3186
"F:/Users/mihai/Documents/GitHub/ShooterSam/ShooterSam/Content/StarterBundle/ModularScifiProps/Textures/T_Metal_Scratches_M.uasset" 3187
"F:/Users/mihai/Documents/GitHub/ShooterSam/ShooterSam/Content/StarterBundle/ModularScifiProps/Textures/T_Metal_Scratches_M.uexp" 3188
"F:/Users/mihai/Documents/GitHub/ShooterSam/ShooterSam/Content/StarterBundle/ModularScifiProps/Textures/T_Base_M.ubulk" 3189
"F:/Users/mihai/Documents/GitHub/ShooterSam/ShooterSam/Content/StarterBundle/ModularScifiProps/Textures/T_Base_M.uasset" 3190
"F:/Users/mihai/Documents/GitHub/ShooterSam/ShooterSam/Content/StarterBundle/ModularScifiProps/Textures/T_Base_M.uexp" 3191
"F:/Users/mihai/Documents/GitHub/ShooterSam/ShooterSam/Content/StarterBundle/ModularScifiProps/Materials/MI_Screw.uasset" 3192
"F:/Users/mihai/Documents/GitHub/ShooterSam/ShooterSam/Content/StarterBundle/ModularScifiProps/Materials/MI_Screw.uexp" 3193
"F:/Users/mihai/Documents/GitHub/ShooterSam/ShooterSam/Content/StarterBundle/ModularScifiProps/Meshes/SM_Wall_B_Glass.ubulk" 3194
"F:/Users/mihai/Documents/GitHub/ShooterSam/ShooterSam/Content/StarterBundle/ModularScifiProps/Meshes/SM_Wall_B_Glass.uasset" 3195
"F:/Users/mihai/Documents/GitHub/ShooterSam/ShooterSam/Content/StarterBundle/ModularScifiProps/Meshes/SM_Wall_B_Glass.uexp" 3196
"F:/Users/mihai/Documents/GitHub/ShooterSam/ShooterSam/Content/StarterBundle/ModularScifiProps/Textures/T_Base_N_normals.ubulk" 3197
"F:/Users/mihai/Documents/GitHub/ShooterSam/ShooterSam/Content/StarterBundle/ModularScifiProps/Textures/T_Base_N_normals.uasset" 3198
"F:/Users/mihai/Documents/GitHub/ShooterSam/ShooterSam/Content/StarterBundle/ModularScifiProps/Textures/T_Base_N_normals.uexp" 3199
"F:/Users/mihai/Documents/GitHub/ShooterSam/ShooterSam/Content/StarterBundle/ModularScifiProps/Textures/T_Base_Diff.ubulk" 3200
"F:/Users/mihai/Documents/GitHub/ShooterSam/ShooterSam/Content/StarterBundle/ModularScifiProps/Textures/T_Base_Diff.uasset" 3201
"F:/Users/mihai/Documents/GitHub/ShooterSam/ShooterSam/Content/StarterBundle/ModularScifiProps/Textures/T_Base_Diff.uexp" 3202
"F:/Users/mihai/Documents/GitHub/ShooterSam/ShooterSam/Content/StarterBundle/ModularScifiProps/Materials/MI_Base_Dark.uasset" 3203
"F:/Users/mihai/Documents/GitHub/ShooterSam/ShooterSam/Content/StarterBundle/ModularScifiProps/Materials/MI_Base_Dark.uexp" 3204
"F:/Users/mihai/Documents/GitHub/ShooterSam/ShooterSam/Content/StarterBundle/ModularScifiProps/Textures/T_Trims_C_N_normals.ubulk" 3205
"F:/Users/mihai/Documents/GitHub/ShooterSam/ShooterSam/Content/StarterBundle/ModularScifiProps/Textures/T_Trims_C_N_normals.uasset" 3206
"F:/Users/mihai/Documents/GitHub/ShooterSam/ShooterSam/Content/StarterBundle/ModularScifiProps/Textures/T_Trims_C_N_normals.uexp" 3207
"F:/Users/mihai/Documents/GitHub/ShooterSam/ShooterSam/Content/StarterBundle/ModularScifiProps/Textures/T_Trims_C_Diff.ubulk" 3208
"F:/Users/mihai/Documents/GitHub/ShooterSam/ShooterSam/Content/StarterBundle/ModularScifiProps/Textures/T_Trims_C_Diff.uasset" 3209
"F:/Users/mihai/Documents/GitHub/ShooterSam/ShooterSam/Content/StarterBundle/ModularScifiProps/Textures/T_Trims_C_Diff.uexp" 3210
"F:/Users/mihai/Documents/GitHub/ShooterSam/ShooterSam/Content/StarterBundle/ModularScifiProps/Materials/MI_Trims_C.uasset" 3211
"F:/Users/mihai/Documents/GitHub/ShooterSam/ShooterSam/Content/StarterBundle/ModularScifiProps/Materials/MI_Trims_C.uexp" 3212
"F:/Users/mihai/Documents/GitHub/ShooterSam/ShooterSam/Content/StarterBundle/ModularScifiProps/Meshes/SM_Wall_B.ubulk" 3213
"F:/Users/mihai/Documents/GitHub/ShooterSam/ShooterSam/Content/StarterBundle/ModularScifiProps/Meshes/SM_Wall_B.uasset" 3214
"F:/Users/mihai/Documents/GitHub/ShooterSam/ShooterSam/Content/StarterBundle/ModularScifiProps/Meshes/SM_Wall_B.uexp" 3215
"F:/Users/mihai/Documents/GitHub/ShooterSam/ShooterSam/Content/StarterBundle/ModularScifiProps/Meshes/SM_Wall_A_Glass.ubulk" 3216
"F:/Users/mihai/Documents/GitHub/ShooterSam/ShooterSam/Content/StarterBundle/ModularScifiProps/Meshes/SM_Wall_A_Glass.uasset" 3217
"F:/Users/mihai/Documents/GitHub/ShooterSam/ShooterSam/Content/StarterBundle/ModularScifiProps/Meshes/SM_Wall_A_Glass.uexp" 3218
"F:/Users/mihai/Documents/GitHub/ShooterSam/ShooterSam/Content/StarterBundle/ModularScifiProps/Meshes/SM_Wall_A.ubulk" 3219
"F:/Users/mihai/Documents/GitHub/ShooterSam/ShooterSam/Content/StarterBundle/ModularScifiProps/Meshes/SM_Wall_A.uasset" 3220
"F:/Users/mihai/Documents/GitHub/ShooterSam/ShooterSam/Content/StarterBundle/ModularScifiProps/Meshes/SM_Wall_A.uexp" 3221
"F:/Users/mihai/Documents/GitHub/ShooterSam/ShooterSam/Content/StarterBundle/ModularScifiProps/Materials/MI_Base_Gray.uasset" 3222
"F:/Users/mihai/Documents/GitHub/ShooterSam/ShooterSam/Content/StarterBundle/ModularScifiProps/Materials/MI_Base_Gray.uexp" 3223
"F:/Users/mihai/Documents/GitHub/ShooterSam/ShooterSam/Content/StarterBundle/ModularScifiProps/Meshes/SM_WallDiv_A.ubulk" 3224
"F:/Users/mihai/Documents/GitHub/ShooterSam/ShooterSam/Content/StarterBundle/ModularScifiProps/Meshes/SM_WallDiv_A.uasset" 3225
"F:/Users/mihai/Documents/GitHub/ShooterSam/ShooterSam/Content/StarterBundle/ModularScifiProps/Meshes/SM_WallDiv_A.uexp" 3226
"F:/Users/mihai/Documents/GitHub/ShooterSam/ShooterSam/Content/StarterBundle/ModularScifiProps/Textures/T_WallCabinet_N_normals.ubulk" 3227
"F:/Users/mihai/Documents/GitHub/ShooterSam/ShooterSam/Content/StarterBundle/ModularScifiProps/Textures/T_WallCabinet_N_normals.uasset" 3228
"F:/Users/mihai/Documents/GitHub/ShooterSam/ShooterSam/Content/StarterBundle/ModularScifiProps/Textures/T_WallCabinet_N_normals.uexp" 3229
"F:/Users/mihai/Documents/GitHub/ShooterSam/ShooterSam/Content/StarterBundle/ModularScifiProps/Textures/T_WallCabinet_M.ubulk" 3230
"F:/Users/mihai/Documents/GitHub/ShooterSam/ShooterSam/Content/StarterBundle/ModularScifiProps/Textures/T_WallCabinet_M.uasset" 3231
"F:/Users/mihai/Documents/GitHub/ShooterSam/ShooterSam/Content/StarterBundle/ModularScifiProps/Textures/T_WallCabinet_M.uexp" 3232
"F:/Users/mihai/Documents/GitHub/ShooterSam/ShooterSam/Content/StarterBundle/ModularScifiProps/Textures/T_WallCabinet_Diff.ubulk" 3233
"F:/Users/mihai/Documents/GitHub/ShooterSam/ShooterSam/Content/StarterBundle/ModularScifiProps/Textures/T_WallCabinet_Diff.uasset" 3234
"F:/Users/mihai/Documents/GitHub/ShooterSam/ShooterSam/Content/StarterBundle/ModularScifiProps/Textures/T_WallCabinet_Diff.uexp" 3235
"F:/Users/mihai/Documents/GitHub/ShooterSam/ShooterSam/Content/StarterBundle/ModularScifiProps/Materials/MI_WallCabinet.uasset" 3236
"F:/Users/mihai/Documents/GitHub/ShooterSam/ShooterSam/Content/StarterBundle/ModularScifiProps/Materials/MI_WallCabinet.uexp" 3237
"F:/Users/mihai/Documents/GitHub/ShooterSam/ShooterSam/Content/StarterBundle/ModularScifiProps/Meshes/SM_WallCab_2D.ubulk" 3238
"F:/Users/mihai/Documents/GitHub/ShooterSam/ShooterSam/Content/StarterBundle/ModularScifiProps/Meshes/SM_WallCab_2D.uasset" 3239
"F:/Users/mihai/Documents/GitHub/ShooterSam/ShooterSam/Content/StarterBundle/ModularScifiProps/Meshes/SM_WallCab_2D.uexp" 3240
"F:/Users/mihai/Documents/GitHub/ShooterSam/ShooterSam/Content/StarterBundle/ModularScifiProps/Meshes/SM_WallCab_1D.ubulk" 3241
"F:/Users/mihai/Documents/GitHub/ShooterSam/ShooterSam/Content/StarterBundle/ModularScifiProps/Meshes/SM_WallCab_1D.uasset" 3242
"F:/Users/mihai/Documents/GitHub/ShooterSam/ShooterSam/Content/StarterBundle/ModularScifiProps/Meshes/SM_WallCab_1D.uexp" 3243
"F:/Users/mihai/Documents/GitHub/ShooterSam/ShooterSam/Content/StarterBundle/ModularScifiProps/Textures/T_Vent_B_N_normals.ubulk" 3244
"F:/Users/mihai/Documents/GitHub/ShooterSam/ShooterSam/Content/StarterBundle/ModularScifiProps/Textures/T_Vent_B_N_normals.uasset" 3245
"F:/Users/mihai/Documents/GitHub/ShooterSam/ShooterSam/Content/StarterBundle/ModularScifiProps/Textures/T_Vent_B_N_normals.uexp" 3246
"F:/Users/mihai/Documents/GitHub/ShooterSam/ShooterSam/Content/StarterBundle/ModularScifiProps/Textures/T_Vent_B_M.ubulk" 3247
"F:/Users/mihai/Documents/GitHub/ShooterSam/ShooterSam/Content/StarterBundle/ModularScifiProps/Textures/T_Vent_B_M.uasset" 3248
"F:/Users/mihai/Documents/GitHub/ShooterSam/ShooterSam/Content/StarterBundle/ModularScifiProps/Textures/T_Vent_B_M.uexp" 3249
"F:/Users/mihai/Documents/GitHub/ShooterSam/ShooterSam/Content/StarterBundle/ModularScifiProps/Textures/T_Vent_B_Diff.ubulk" 3250
"F:/Users/mihai/Documents/GitHub/ShooterSam/ShooterSam/Content/StarterBundle/ModularScifiProps/Textures/T_Vent_B_Diff.uasset" 3251
"F:/Users/mihai/Documents/GitHub/ShooterSam/ShooterSam/Content/StarterBundle/ModularScifiProps/Textures/T_Vent_B_Diff.uexp" 3252
"F:/Users/mihai/Documents/GitHub/ShooterSam/ShooterSam/Content/StarterBundle/ModularScifiProps/Materials/MI_Vent_B.uasset" 3253
"F:/Users/mihai/Documents/GitHub/ShooterSam/ShooterSam/Content/StarterBundle/ModularScifiProps/Materials/MI_Vent_B.uexp" 3254
"F:/Users/mihai/Documents/GitHub/ShooterSam/ShooterSam/Content/StarterBundle/ModularScifiProps/Meshes/SM_Vent_B.ubulk" 3255
"F:/Users/mihai/Documents/GitHub/ShooterSam/ShooterSam/Content/StarterBundle/ModularScifiProps/Meshes/SM_Vent_B.uasset" 3256
"F:/Users/mihai/Documents/GitHub/ShooterSam/ShooterSam/Content/StarterBundle/ModularScifiProps/Meshes/SM_Vent_B.uexp" 3257
"F:/Users/mihai/Documents/GitHub/ShooterSam/ShooterSam/Content/StarterBundle/ModularScifiProps/Textures/T_Vent_A_N_normals.ubulk" 3258
"F:/Users/mihai/Documents/GitHub/ShooterSam/ShooterSam/Content/StarterBundle/ModularScifiProps/Textures/T_Vent_A_N_normals.uasset" 3259
"F:/Users/mihai/Documents/GitHub/ShooterSam/ShooterSam/Content/StarterBundle/ModularScifiProps/Textures/T_Vent_A_N_normals.uexp" 3260
"F:/Users/mihai/Documents/GitHub/ShooterSam/ShooterSam/Content/StarterBundle/ModularScifiProps/Textures/T_Vent_A_M.ubulk" 3261
"F:/Users/mihai/Documents/GitHub/ShooterSam/ShooterSam/Content/StarterBundle/ModularScifiProps/Textures/T_Vent_A_M.uasset" 3262
"F:/Users/mihai/Documents/GitHub/ShooterSam/ShooterSam/Content/StarterBundle/ModularScifiProps/Textures/T_Vent_A_M.uexp" 3263
"F:/Users/mihai/Documents/GitHub/ShooterSam/ShooterSam/Content/StarterBundle/ModularScifiProps/Textures/T_Vent_A_Diff.ubulk" 3264
"F:/Users/mihai/Documents/GitHub/ShooterSam/ShooterSam/Content/StarterBundle/ModularScifiProps/Textures/T_Vent_A_Diff.uasset" 3265
"F:/Users/mihai/Documents/GitHub/ShooterSam/ShooterSam/Content/StarterBundle/ModularScifiProps/Textures/T_Vent_A_Diff.uexp" 3266
"F:/Users/mihai/Documents/GitHub/ShooterSam/ShooterSam/Content/StarterBundle/ModularScifiProps/Materials/MI_Vent_A.uasset" 3267
"F:/Users/mihai/Documents/GitHub/ShooterSam/ShooterSam/Content/StarterBundle/ModularScifiProps/Materials/MI_Vent_A.uexp" 3268
"F:/Users/mihai/Documents/GitHub/ShooterSam/ShooterSam/Content/StarterBundle/ModularScifiProps/Meshes/SM_Vent_A2.ubulk" 3269
"F:/Users/mihai/Documents/GitHub/ShooterSam/ShooterSam/Content/StarterBundle/ModularScifiProps/Meshes/SM_Vent_A2.uasset" 3270
"F:/Users/mihai/Documents/GitHub/ShooterSam/ShooterSam/Content/StarterBundle/ModularScifiProps/Meshes/SM_Vent_A2.uexp" 3271
"F:/Users/mihai/Documents/GitHub/ShooterSam/ShooterSam/Content/StarterBundle/ModularScifiProps/Meshes/SM_Vent_A.ubulk" 3272
"F:/Users/mihai/Documents/GitHub/ShooterSam/ShooterSam/Content/StarterBundle/ModularScifiProps/Meshes/SM_Vent_A.uasset" 3273
"F:/Users/mihai/Documents/GitHub/ShooterSam/ShooterSam/Content/StarterBundle/ModularScifiProps/Meshes/SM_Vent_A.uexp" 3274
"F:/Users/mihai/Documents/GitHub/ShooterSam/ShooterSam/Content/StarterBundle/ModularScifiProps/Textures/T_TempControl_N_normals.ubulk" 3275
"F:/Users/mihai/Documents/GitHub/ShooterSam/ShooterSam/Content/StarterBundle/ModularScifiProps/Textures/T_TempControl_N_normals.uasset" 3276
"F:/Users/mihai/Documents/GitHub/ShooterSam/ShooterSam/Content/StarterBundle/ModularScifiProps/Textures/T_TempControl_N_normals.uexp" 3277
"F:/Users/mihai/Documents/GitHub/ShooterSam/ShooterSam/Content/StarterBundle/ModularScifiProps/Textures/T_TempControl_M.ubulk" 3278
"F:/Users/mihai/Documents/GitHub/ShooterSam/ShooterSam/Content/StarterBundle/ModularScifiProps/Textures/T_TempControl_M.uasset" 3279
"F:/Users/mihai/Documents/GitHub/ShooterSam/ShooterSam/Content/StarterBundle/ModularScifiProps/Textures/T_TempControl_M.uexp" 3280
"F:/Users/mihai/Documents/GitHub/ShooterSam/ShooterSam/Content/StarterBundle/ModularScifiProps/Textures/T_TempControl_Diff.ubulk" 3281
"F:/Users/mihai/Documents/GitHub/ShooterSam/ShooterSam/Content/StarterBundle/ModularScifiProps/Textures/T_TempControl_Diff.uasset" 3282
"F:/Users/mihai/Documents/GitHub/ShooterSam/ShooterSam/Content/StarterBundle/ModularScifiProps/Textures/T_TempControl_Diff.uexp" 3283
"F:/Users/mihai/Documents/GitHub/ShooterSam/ShooterSam/Content/StarterBundle/ModularScifiProps/Materials/MI_TempControl.uasset" 3284
"F:/Users/mihai/Documents/GitHub/ShooterSam/ShooterSam/Content/StarterBundle/ModularScifiProps/Materials/MI_TempControl.uexp" 3285
"F:/Users/mihai/Documents/GitHub/ShooterSam/ShooterSam/Content/StarterBundle/ModularScifiProps/Textures/T_TempDisplay.ubulk" 3286
"F:/Users/mihai/Documents/GitHub/ShooterSam/ShooterSam/Content/StarterBundle/ModularScifiProps/Textures/T_TempDisplay.uasset" 3287
"F:/Users/mihai/Documents/GitHub/ShooterSam/ShooterSam/Content/StarterBundle/ModularScifiProps/Textures/T_TempDisplay.uexp" 3288
"F:/Users/mihai/Documents/GitHub/ShooterSam/ShooterSam/Content/StarterBundle/ModularScifiProps/Textures/T_UI_HandScanner.ubulk" 3289
"F:/Users/mihai/Documents/GitHub/ShooterSam/ShooterSam/Content/StarterBundle/ModularScifiProps/Textures/T_UI_HandScanner.uasset" 3290
"F:/Users/mihai/Documents/GitHub/ShooterSam/ShooterSam/Content/StarterBundle/ModularScifiProps/Textures/T_UI_HandScanner.uexp" 3291
"F:/Users/mihai/Documents/GitHub/ShooterSam/ShooterSam/Content/StarterBundle/ModularScifiProps/Textures/T_UI_Details_a.ubulk" 3292
"F:/Users/mihai/Documents/GitHub/ShooterSam/ShooterSam/Content/StarterBundle/ModularScifiProps/Textures/T_UI_Details_a.uasset" 3293
"F:/Users/mihai/Documents/GitHub/ShooterSam/ShooterSam/Content/StarterBundle/ModularScifiProps/Textures/T_UI_Details_a.uexp" 3294
"F:/Users/mihai/Documents/GitHub/ShooterSam/ShooterSam/Content/StarterBundle/ModularScifiProps/Textures/T_Keypad_UI_Login.ubulk" 3295
"F:/Users/mihai/Documents/GitHub/ShooterSam/ShooterSam/Content/StarterBundle/ModularScifiProps/Textures/T_Keypad_UI_Login.uasset" 3296
"F:/Users/mihai/Documents/GitHub/ShooterSam/ShooterSam/Content/StarterBundle/ModularScifiProps/Textures/T_Keypad_UI_Login.uexp" 3297
"F:/Users/mihai/Documents/GitHub/ShooterSam/ShooterSam/Content/StarterBundle/ModularScifiProps/Materials/M_UIScreen_Parent.uasset" 3298
"F:/Users/mihai/Documents/GitHub/ShooterSam/ShooterSam/Content/StarterBundle/ModularScifiProps/Materials/M_UIScreen_Parent.uexp" 3299
"F:/Users/mihai/Documents/GitHub/ShooterSam/ShooterSam/Content/StarterBundle/ModularScifiProps/Materials/MI_TempControl_Screen.uasset" 3300
"F:/Users/mihai/Documents/GitHub/ShooterSam/ShooterSam/Content/StarterBundle/ModularScifiProps/Materials/MI_TempControl_Screen.uexp" 3301
"F:/Users/mihai/Documents/GitHub/ShooterSam/ShooterSam/Content/StarterBundle/ModularScifiProps/Meshes/SM_TempControl.ubulk" 3302
"F:/Users/mihai/Documents/GitHub/ShooterSam/ShooterSam/Content/StarterBundle/ModularScifiProps/Meshes/SM_TempControl.uasset" 3303
"F:/Users/mihai/Documents/GitHub/ShooterSam/ShooterSam/Content/StarterBundle/ModularScifiProps/Meshes/SM_TempControl.uexp" 3304
"F:/Users/mihai/Documents/GitHub/ShooterSam/ShooterSam/Content/StarterBundle/ModularScifiProps/Textures/T_Stool_N_normals.ubulk" 3305
"F:/Users/mihai/Documents/GitHub/ShooterSam/ShooterSam/Content/StarterBundle/ModularScifiProps/Textures/T_Stool_N_normals.uasset" 3306
"F:/Users/mihai/Documents/GitHub/ShooterSam/ShooterSam/Content/StarterBundle/ModularScifiProps/Textures/T_Stool_N_normals.uexp" 3307
"F:/Users/mihai/Documents/GitHub/ShooterSam/ShooterSam/Content/StarterBundle/ModularScifiProps/Textures/T_Stool_M.ubulk" 3308
"F:/Users/mihai/Documents/GitHub/ShooterSam/ShooterSam/Content/StarterBundle/ModularScifiProps/Textures/T_Stool_M.uasset" 3309
"F:/Users/mihai/Documents/GitHub/ShooterSam/ShooterSam/Content/StarterBundle/ModularScifiProps/Textures/T_Stool_M.uexp" 3310
"F:/Users/mihai/Documents/GitHub/ShooterSam/ShooterSam/Content/StarterBundle/ModularScifiProps/Textures/T_Stool_Diff.ubulk" 3311
"F:/Users/mihai/Documents/GitHub/ShooterSam/ShooterSam/Content/StarterBundle/ModularScifiProps/Textures/T_Stool_Diff.uasset" 3312
"F:/Users/mihai/Documents/GitHub/ShooterSam/ShooterSam/Content/StarterBundle/ModularScifiProps/Textures/T_Stool_Diff.uexp" 3313
"F:/Users/mihai/Documents/GitHub/ShooterSam/ShooterSam/Content/StarterBundle/ModularScifiProps/Materials/MI_Stool.uasset" 3314
"F:/Users/mihai/Documents/GitHub/ShooterSam/ShooterSam/Content/StarterBundle/ModularScifiProps/Materials/MI_Stool.uexp" 3315
"F:/Users/mihai/Documents/GitHub/ShooterSam/ShooterSam/Content/StarterBundle/ModularScifiProps/Meshes/SM_Stool.ubulk" 3316
"F:/Users/mihai/Documents/GitHub/ShooterSam/ShooterSam/Content/StarterBundle/ModularScifiProps/Meshes/SM_Stool.uasset" 3317
"F:/Users/mihai/Documents/GitHub/ShooterSam/ShooterSam/Content/StarterBundle/ModularScifiProps/Meshes/SM_Stool.uexp" 3318
"F:/Users/mihai/Documents/GitHub/ShooterSam/ShooterSam/Content/StarterBundle/ModularScifiProps/Materials/MI_Light_Green_Brighter.uasset" 3319
"F:/Users/mihai/Documents/GitHub/ShooterSam/ShooterSam/Content/StarterBundle/ModularScifiProps/Materials/MI_Light_Green_Brighter.uexp" 3320
"F:/Users/mihai/Documents/GitHub/ShooterSam/ShooterSam/Content/StarterBundle/ModularScifiProps/Textures/T_SmokeDetector_N_normals.ubulk" 3321
"F:/Users/mihai/Documents/GitHub/ShooterSam/ShooterSam/Content/StarterBundle/ModularScifiProps/Textures/T_SmokeDetector_N_normals.uasset" 3322
"F:/Users/mihai/Documents/GitHub/ShooterSam/ShooterSam/Content/StarterBundle/ModularScifiProps/Textures/T_SmokeDetector_N_normals.uexp" 3323
"F:/Users/mihai/Documents/GitHub/ShooterSam/ShooterSam/Content/StarterBundle/ModularScifiProps/Textures/T_SmokeDetector_M.ubulk" 3324
"F:/Users/mihai/Documents/GitHub/ShooterSam/ShooterSam/Content/StarterBundle/ModularScifiProps/Textures/T_SmokeDetector_M.uasset" 3325
"F:/Users/mihai/Documents/GitHub/ShooterSam/ShooterSam/Content/StarterBundle/ModularScifiProps/Textures/T_SmokeDetector_M.uexp" 3326
"F:/Users/mihai/Documents/GitHub/ShooterSam/ShooterSam/Content/StarterBundle/ModularScifiProps/Textures/T_SmokeDetector_Diff.ubulk" 3327
"F:/Users/mihai/Documents/GitHub/ShooterSam/ShooterSam/Content/StarterBundle/ModularScifiProps/Textures/T_SmokeDetector_Diff.uasset" 3328
"F:/Users/mihai/Documents/GitHub/ShooterSam/ShooterSam/Content/StarterBundle/ModularScifiProps/Textures/T_SmokeDetector_Diff.uexp" 3329
"F:/Users/mihai/Documents/GitHub/ShooterSam/ShooterSam/Content/StarterBundle/ModularScifiProps/Materials/MI_SmokeDetector.uasset" 3330
"F:/Users/mihai/Documents/GitHub/ShooterSam/ShooterSam/Content/StarterBundle/ModularScifiProps/Materials/MI_SmokeDetector.uexp" 3331
"F:/Users/mihai/Documents/GitHub/ShooterSam/ShooterSam/Content/StarterBundle/ModularScifiProps/Meshes/SM_SmkDetector.ubulk" 3332
"F:/Users/mihai/Documents/GitHub/ShooterSam/ShooterSam/Content/StarterBundle/ModularScifiProps/Meshes/SM_SmkDetector.uasset" 3333
"F:/Users/mihai/Documents/GitHub/ShooterSam/ShooterSam/Content/StarterBundle/ModularScifiProps/Meshes/SM_SmkDetector.uexp" 3334
"F:/Users/mihai/Documents/GitHub/ShooterSam/ShooterSam/Content/StarterBundle/ModularScifiProps/Textures/T_Shelf_A_N_normals.ubulk" 3335
"F:/Users/mihai/Documents/GitHub/ShooterSam/ShooterSam/Content/StarterBundle/ModularScifiProps/Textures/T_Shelf_A_N_normals.uasset" 3336
"F:/Users/mihai/Documents/GitHub/ShooterSam/ShooterSam/Content/StarterBundle/ModularScifiProps/Textures/T_Shelf_A_N_normals.uexp" 3337
"F:/Users/mihai/Documents/GitHub/ShooterSam/ShooterSam/Content/StarterBundle/ModularScifiProps/Textures/T_Shelf_A_M.ubulk" 3338
"F:/Users/mihai/Documents/GitHub/ShooterSam/ShooterSam/Content/StarterBundle/ModularScifiProps/Textures/T_Shelf_A_M.uasset" 3339
"F:/Users/mihai/Documents/GitHub/ShooterSam/ShooterSam/Content/StarterBundle/ModularScifiProps/Textures/T_Shelf_A_M.uexp" 3340
"F:/Users/mihai/Documents/GitHub/ShooterSam/ShooterSam/Content/StarterBundle/ModularScifiProps/Textures/T_Shelf_A_Diff.ubulk" 3341
"F:/Users/mihai/Documents/GitHub/ShooterSam/ShooterSam/Content/StarterBundle/ModularScifiProps/Textures/T_Shelf_A_Diff.uasset" 3342
"F:/Users/mihai/Documents/GitHub/ShooterSam/ShooterSam/Content/StarterBundle/ModularScifiProps/Textures/T_Shelf_A_Diff.uexp" 3343
"F:/Users/mihai/Documents/GitHub/ShooterSam/ShooterSam/Content/StarterBundle/ModularScifiProps/Materials/MI_Shelf_A.uasset" 3344
"F:/Users/mihai/Documents/GitHub/ShooterSam/ShooterSam/Content/StarterBundle/ModularScifiProps/Materials/MI_Shelf_A.uexp" 3345
"F:/Users/mihai/Documents/GitHub/ShooterSam/ShooterSam/Content/StarterBundle/ModularScifiProps/Meshes/SM_Shelf_A_v3.ubulk" 3346
"F:/Users/mihai/Documents/GitHub/ShooterSam/ShooterSam/Content/StarterBundle/ModularScifiProps/Meshes/SM_Shelf_A_v3.uasset" 3347
"F:/Users/mihai/Documents/GitHub/ShooterSam/ShooterSam/Content/StarterBundle/ModularScifiProps/Meshes/SM_Shelf_A_v3.uexp" 3348
"F:/Users/mihai/Documents/GitHub/ShooterSam/ShooterSam/Content/StarterBundle/ModularScifiProps/Textures/T_ExternalStorage_N_normals.ubulk" 3349
"F:/Users/mihai/Documents/GitHub/ShooterSam/ShooterSam/Content/StarterBundle/ModularScifiProps/Textures/T_ExternalStorage_N_normals.uasset" 3350
"F:/Users/mihai/Documents/GitHub/ShooterSam/ShooterSam/Content/StarterBundle/ModularScifiProps/Textures/T_ExternalStorage_N_normals.uexp" 3351
"F:/Users/mihai/Documents/GitHub/ShooterSam/ShooterSam/Content/StarterBundle/ModularScifiProps/Textures/T_ExternalStorage_M.ubulk" 3352
"F:/Users/mihai/Documents/GitHub/ShooterSam/ShooterSam/Content/StarterBundle/ModularScifiProps/Textures/T_ExternalStorage_M.uasset" 3353
"F:/Users/mihai/Documents/GitHub/ShooterSam/ShooterSam/Content/StarterBundle/ModularScifiProps/Textures/T_ExternalStorage_M.uexp" 3354
"F:/Users/mihai/Documents/GitHub/ShooterSam/ShooterSam/Content/StarterBundle/ModularScifiProps/Textures/T_ExternalStorage_Diff.ubulk" 3355
"F:/Users/mihai/Documents/GitHub/ShooterSam/ShooterSam/Content/StarterBundle/ModularScifiProps/Textures/T_ExternalStorage_Diff.uasset" 3356
"F:/Users/mihai/Documents/GitHub/ShooterSam/ShooterSam/Content/StarterBundle/ModularScifiProps/Textures/T_ExternalStorage_Diff.uexp" 3357
"F:/Users/mihai/Documents/GitHub/ShooterSam/ShooterSam/Content/StarterBundle/ModularScifiProps/Materials/MI_MobileStorage.uasset" 3358
"F:/Users/mihai/Documents/GitHub/ShooterSam/ShooterSam/Content/StarterBundle/ModularScifiProps/Materials/MI_MobileStorage.uexp" 3359
"F:/Users/mihai/Documents/GitHub/ShooterSam/ShooterSam/Content/StarterBundle/ModularScifiProps/Meshes/SM_MobileStorage.ubulk" 3360
"F:/Users/mihai/Documents/GitHub/ShooterSam/ShooterSam/Content/StarterBundle/ModularScifiProps/Meshes/SM_MobileStorage.uasset" 3361
"F:/Users/mihai/Documents/GitHub/ShooterSam/ShooterSam/Content/StarterBundle/ModularScifiProps/Meshes/SM_MobileStorage.uexp" 3362
"F:/Users/mihai/Documents/GitHub/ShooterSam/ShooterSam/Content/StarterBundle/ModularScifiProps/Textures/T_Keyboard_UI_EM.ubulk" 3363
"F:/Users/mihai/Documents/GitHub/ShooterSam/ShooterSam/Content/StarterBundle/ModularScifiProps/Textures/T_Keyboard_UI_EM.uasset" 3364
"F:/Users/mihai/Documents/GitHub/ShooterSam/ShooterSam/Content/StarterBundle/ModularScifiProps/Textures/T_Keyboard_UI_EM.uexp" 3365
"F:/Users/mihai/Documents/GitHub/ShooterSam/ShooterSam/Content/StarterBundle/ModularScifiProps/Textures/T_LoginScreen_EM.ubulk" 3366
"F:/Users/mihai/Documents/GitHub/ShooterSam/ShooterSam/Content/StarterBundle/ModularScifiProps/Textures/T_LoginScreen_EM.uasset" 3367
"F:/Users/mihai/Documents/GitHub/ShooterSam/ShooterSam/Content/StarterBundle/ModularScifiProps/Textures/T_LoginScreen_EM.uexp" 3368
"F:/Users/mihai/Documents/GitHub/ShooterSam/ShooterSam/Content/StarterBundle/ModularScifiProps/Materials/M_Screen_Parent.uasset" 3369
"F:/Users/mihai/Documents/GitHub/ShooterSam/ShooterSam/Content/StarterBundle/ModularScifiProps/Materials/M_Screen_Parent.uexp" 3370
"F:/Users/mihai/Documents/GitHub/ShooterSam/ShooterSam/Content/StarterBundle/ModularScifiProps/Materials/MI_Keyboard_Scre.uasset" 3371
"F:/Users/mihai/Documents/GitHub/ShooterSam/ShooterSam/Content/StarterBundle/ModularScifiProps/Materials/MI_Keyboard_Scre.uexp" 3372
"F:/Users/mihai/Documents/GitHub/ShooterSam/ShooterSam/Content/StarterBundle/ModularScifiProps/Textures/T_Lapt_Keyb_N_normals.ubulk" 3373
"F:/Users/mihai/Documents/GitHub/ShooterSam/ShooterSam/Content/StarterBundle/ModularScifiProps/Textures/T_Lapt_Keyb_N_normals.uasset" 3374
"F:/Users/mihai/Documents/GitHub/ShooterSam/ShooterSam/Content/StarterBundle/ModularScifiProps/Textures/T_Lapt_Keyb_N_normals.uexp" 3375
"F:/Users/mihai/Documents/GitHub/ShooterSam/ShooterSam/Content/StarterBundle/ModularScifiProps/Textures/T_Lapt_Keyb_M.ubulk" 3376
"F:/Users/mihai/Documents/GitHub/ShooterSam/ShooterSam/Content/StarterBundle/ModularScifiProps/Textures/T_Lapt_Keyb_M.uasset" 3377
"F:/Users/mihai/Documents/GitHub/ShooterSam/ShooterSam/Content/StarterBundle/ModularScifiProps/Textures/T_Lapt_Keyb_M.uexp" 3378
"F:/Users/mihai/Documents/GitHub/ShooterSam/ShooterSam/Content/StarterBundle/ModularScifiProps/Textures/T_Lapt_Keyb_Diff.ubulk" 3379
"F:/Users/mihai/Documents/GitHub/ShooterSam/ShooterSam/Content/StarterBundle/ModularScifiProps/Textures/T_Lapt_Keyb_Diff.uasset" 3380
"F:/Users/mihai/Documents/GitHub/ShooterSam/ShooterSam/Content/StarterBundle/ModularScifiProps/Textures/T_Lapt_Keyb_Diff.uexp" 3381
"F:/Users/mihai/Documents/GitHub/ShooterSam/ShooterSam/Content/StarterBundle/ModularScifiProps/Materials/MI_Laptop_Keyb.uasset" 3382
"F:/Users/mihai/Documents/GitHub/ShooterSam/ShooterSam/Content/StarterBundle/ModularScifiProps/Materials/MI_Laptop_Keyb.uexp" 3383
"F:/Users/mihai/Documents/GitHub/ShooterSam/ShooterSam/Content/StarterBundle/ModularScifiProps/Textures/T_Lapt_Scre_N_normals.ubulk" 3384
"F:/Users/mihai/Documents/GitHub/ShooterSam/ShooterSam/Content/StarterBundle/ModularScifiProps/Textures/T_Lapt_Scre_N_normals.uasset" 3385
"F:/Users/mihai/Documents/GitHub/ShooterSam/ShooterSam/Content/StarterBundle/ModularScifiProps/Textures/T_Lapt_Scre_N_normals.uexp" 3386
"F:/Users/mihai/Documents/GitHub/ShooterSam/ShooterSam/Content/StarterBundle/ModularScifiProps/Textures/T_Lapt_Scre_M.ubulk" 3387
"F:/Users/mihai/Documents/GitHub/ShooterSam/ShooterSam/Content/StarterBundle/ModularScifiProps/Textures/T_Lapt_Scre_M.uasset" 3388
"F:/Users/mihai/Documents/GitHub/ShooterSam/ShooterSam/Content/StarterBundle/ModularScifiProps/Textures/T_Lapt_Scre_M.uexp" 3389
"F:/Users/mihai/Documents/GitHub/ShooterSam/ShooterSam/Content/StarterBundle/ModularScifiProps/Textures/T_Lapt_Scre_Diff.ubulk" 3390
"F:/Users/mihai/Documents/GitHub/ShooterSam/ShooterSam/Content/StarterBundle/ModularScifiProps/Textures/T_Lapt_Scre_Diff.uasset" 3391
"F:/Users/mihai/Documents/GitHub/ShooterSam/ShooterSam/Content/StarterBundle/ModularScifiProps/Textures/T_Lapt_Scre_Diff.uexp" 3392
"F:/Users/mihai/Documents/GitHub/ShooterSam/ShooterSam/Content/StarterBundle/ModularScifiProps/Materials/MI_Laptop_Scre.uasset" 3393
"F:/Users/mihai/Documents/GitHub/ShooterSam/ShooterSam/Content/StarterBundle/ModularScifiProps/Materials/MI_Laptop_Scre.uexp" 3394
"F:/Users/mihai/Documents/GitHub/ShooterSam/ShooterSam/Content/StarterBundle/ModularScifiProps/Materials/MI_Screen_Lapt_Off.uasset" 3395
"F:/Users/mihai/Documents/GitHub/ShooterSam/ShooterSam/Content/StarterBundle/ModularScifiProps/Materials/MI_Screen_Lapt_Off.uexp" 3396
"F:/Users/mihai/Documents/GitHub/ShooterSam/ShooterSam/Content/StarterBundle/ModularScifiProps/Meshes/SM_Laptop_Closed.ubulk" 3397
"F:/Users/mihai/Documents/GitHub/ShooterSam/ShooterSam/Content/StarterBundle/ModularScifiProps/Meshes/SM_Laptop_Closed.uasset" 3398
"F:/Users/mihai/Documents/GitHub/ShooterSam/ShooterSam/Content/StarterBundle/ModularScifiProps/Meshes/SM_Laptop_Closed.uexp" 3399
"F:/Users/mihai/Documents/GitHub/ShooterSam/ShooterSam/Content/StarterBundle/ModularScifiProps/Meshes/SM_Laptop.ubulk" 3400
"F:/Users/mihai/Documents/GitHub/ShooterSam/ShooterSam/Content/StarterBundle/ModularScifiProps/Meshes/SM_Laptop.uasset" 3401
"F:/Users/mihai/Documents/GitHub/ShooterSam/ShooterSam/Content/StarterBundle/ModularScifiProps/Meshes/SM_Laptop.uexp" 3402
"F:/Users/mihai/Documents/GitHub/ShooterSam/ShooterSam/Content/StarterBundle/ModularScifiProps/Textures/T_Keypad_N_normals.ubulk" 3403
"F:/Users/mihai/Documents/GitHub/ShooterSam/ShooterSam/Content/StarterBundle/ModularScifiProps/Textures/T_Keypad_N_normals.uasset" 3404
"F:/Users/mihai/Documents/GitHub/ShooterSam/ShooterSam/Content/StarterBundle/ModularScifiProps/Textures/T_Keypad_N_normals.uexp" 3405
"F:/Users/mihai/Documents/GitHub/ShooterSam/ShooterSam/Content/StarterBundle/ModularScifiProps/Textures/T_Keypad_M.ubulk" 3406
"F:/Users/mihai/Documents/GitHub/ShooterSam/ShooterSam/Content/StarterBundle/ModularScifiProps/Textures/T_Keypad_M.uasset" 3407
"F:/Users/mihai/Documents/GitHub/ShooterSam/ShooterSam/Content/StarterBundle/ModularScifiProps/Textures/T_Keypad_M.uexp" 3408
"F:/Users/mihai/Documents/GitHub/ShooterSam/ShooterSam/Content/StarterBundle/ModularScifiProps/Textures/T_Keypad_Diff.ubulk" 3409
"F:/Users/mihai/Documents/GitHub/ShooterSam/ShooterSam/Content/StarterBundle/ModularScifiProps/Textures/T_Keypad_Diff.uasset" 3410
"F:/Users/mihai/Documents/GitHub/ShooterSam/ShooterSam/Content/StarterBundle/ModularScifiProps/Textures/T_Keypad_Diff.uexp" 3411
"F:/Users/mihai/Documents/GitHub/ShooterSam/ShooterSam/Content/StarterBundle/ModularScifiProps/Materials/MI_Keypad.uasset" 3412
"F:/Users/mihai/Documents/GitHub/ShooterSam/ShooterSam/Content/StarterBundle/ModularScifiProps/Materials/MI_Keypad.uexp" 3413
"F:/Users/mihai/Documents/GitHub/ShooterSam/ShooterSam/Content/StarterBundle/ModularScifiProps/Textures/T_UI_Details.ubulk" 3414
"F:/Users/mihai/Documents/GitHub/ShooterSam/ShooterSam/Content/StarterBundle/ModularScifiProps/Textures/T_UI_Details.uasset" 3415
"F:/Users/mihai/Documents/GitHub/ShooterSam/ShooterSam/Content/StarterBundle/ModularScifiProps/Textures/T_UI_Details.uexp" 3416
"F:/Users/mihai/Documents/GitHub/ShooterSam/ShooterSam/Content/StarterBundle/ModularScifiProps/Materials/M_UI_Parent.uasset" 3417
"F:/Users/mihai/Documents/GitHub/ShooterSam/ShooterSam/Content/StarterBundle/ModularScifiProps/Materials/M_UI_Parent.uexp" 3418
"F:/Users/mihai/Documents/GitHub/ShooterSam/ShooterSam/Content/StarterBundle/ModularScifiProps/Materials/MI_Keypad_Login.uasset" 3419
"F:/Users/mihai/Documents/GitHub/ShooterSam/ShooterSam/Content/StarterBundle/ModularScifiProps/Materials/MI_Keypad_Login.uexp" 3420
"F:/Users/mihai/Documents/GitHub/ShooterSam/ShooterSam/Content/StarterBundle/ModularScifiProps/Materials/MI_Light_Green.uasset" 3421
"F:/Users/mihai/Documents/GitHub/ShooterSam/ShooterSam/Content/StarterBundle/ModularScifiProps/Materials/MI_Light_Green.uexp" 3422
"F:/Users/mihai/Documents/GitHub/ShooterSam/ShooterSam/Content/StarterBundle/ModularScifiProps/Meshes/SM_Keypad.ubulk" 3423
"F:/Users/mihai/Documents/GitHub/ShooterSam/ShooterSam/Content/StarterBundle/ModularScifiProps/Meshes/SM_Keypad.uasset" 3424
"F:/Users/mihai/Documents/GitHub/ShooterSam/ShooterSam/Content/StarterBundle/ModularScifiProps/Meshes/SM_Keypad.uexp" 3425
"F:/Users/mihai/Documents/GitHub/ShooterSam/ShooterSam/Content/StarterBundle/ModularScifiProps/Textures/T_HandScanner_N_normals.ubulk" 3426
"F:/Users/mihai/Documents/GitHub/ShooterSam/ShooterSam/Content/StarterBundle/ModularScifiProps/Textures/T_HandScanner_N_normals.uasset" 3427
"F:/Users/mihai/Documents/GitHub/ShooterSam/ShooterSam/Content/StarterBundle/ModularScifiProps/Textures/T_HandScanner_N_normals.uexp" 3428
"F:/Users/mihai/Documents/GitHub/ShooterSam/ShooterSam/Content/StarterBundle/ModularScifiProps/Textures/T_HandScanner_M.ubulk" 3429
"F:/Users/mihai/Documents/GitHub/ShooterSam/ShooterSam/Content/StarterBundle/ModularScifiProps/Textures/T_HandScanner_M.uasset" 3430
"F:/Users/mihai/Documents/GitHub/ShooterSam/ShooterSam/Content/StarterBundle/ModularScifiProps/Textures/T_HandScanner_M.uexp" 3431
"F:/Users/mihai/Documents/GitHub/ShooterSam/ShooterSam/Content/StarterBundle/ModularScifiProps/Textures/T_HandScanner_Diff.ubulk" 3432
"F:/Users/mihai/Documents/GitHub/ShooterSam/ShooterSam/Content/StarterBundle/ModularScifiProps/Textures/T_HandScanner_Diff.uasset" 3433
"F:/Users/mihai/Documents/GitHub/ShooterSam/ShooterSam/Content/StarterBundle/ModularScifiProps/Textures/T_HandScanner_Diff.uexp" 3434
"F:/Users/mihai/Documents/GitHub/ShooterSam/ShooterSam/Content/StarterBundle/ModularScifiProps/Materials/MI_HandScanner.uasset" 3435
"F:/Users/mihai/Documents/GitHub/ShooterSam/ShooterSam/Content/StarterBundle/ModularScifiProps/Materials/MI_HandScanner.uexp" 3436
"F:/Users/mihai/Documents/GitHub/ShooterSam/ShooterSam/Content/StarterBundle/ModularScifiProps/Materials/MI_Light_Green_Unlit.uasset" 3437
"F:/Users/mihai/Documents/GitHub/ShooterSam/ShooterSam/Content/StarterBundle/ModularScifiProps/Materials/MI_Light_Green_Unlit.uexp" 3438
"F:/Users/mihai/Documents/GitHub/ShooterSam/ShooterSam/Content/StarterBundle/ModularScifiProps/Materials/MI_Light_Red.uasset" 3439
"F:/Users/mihai/Documents/GitHub/ShooterSam/ShooterSam/Content/StarterBundle/ModularScifiProps/Materials/MI_Light_Red.uexp" 3440
"F:/Users/mihai/Documents/GitHub/ShooterSam/ShooterSam/Content/StarterBundle/ModularScifiProps/Meshes/SM_HScanner_Closed.ubulk" 3441
"F:/Users/mihai/Documents/GitHub/ShooterSam/ShooterSam/Content/StarterBundle/ModularScifiProps/Meshes/SM_HScanner_Closed.uasset" 3442
"F:/Users/mihai/Documents/GitHub/ShooterSam/ShooterSam/Content/StarterBundle/ModularScifiProps/Meshes/SM_HScanner_Closed.uexp" 3443
"F:/Users/mihai/Documents/GitHub/ShooterSam/ShooterSam/Content/StarterBundle/ModularScifiProps/Materials/MI_Reg_Glass_Dark.uasset" 3444
"F:/Users/mihai/Documents/GitHub/ShooterSam/ShooterSam/Content/StarterBundle/ModularScifiProps/Materials/MI_Reg_Glass_Dark.uexp" 3445
"F:/Users/mihai/Documents/GitHub/ShooterSam/ShooterSam/Content/StarterBundle/ModularScifiProps/Materials/MI_Trims_C_Dark.uasset" 3446
"F:/Users/mihai/Documents/GitHub/ShooterSam/ShooterSam/Content/StarterBundle/ModularScifiProps/Materials/MI_Trims_C_Dark.uexp" 3447
"F:/Users/mihai/Documents/GitHub/ShooterSam/ShooterSam/Content/StarterBundle/ModularScifiProps/Meshes/SM_GlassDoor_B.ubulk" 3448
"F:/Users/mihai/Documents/GitHub/ShooterSam/ShooterSam/Content/StarterBundle/ModularScifiProps/Meshes/SM_GlassDoor_B.uasset" 3449
"F:/Users/mihai/Documents/GitHub/ShooterSam/ShooterSam/Content/StarterBundle/ModularScifiProps/Meshes/SM_GlassDoor_B.uexp" 3450
"F:/Users/mihai/Documents/GitHub/ShooterSam/ShooterSam/Content/StarterBundle/ModularScifiProps/Meshes/SM_GlassDoor_A.ubulk" 3451
"F:/Users/mihai/Documents/GitHub/ShooterSam/ShooterSam/Content/StarterBundle/ModularScifiProps/Meshes/SM_GlassDoor_A.uasset" 3452
"F:/Users/mihai/Documents/GitHub/ShooterSam/ShooterSam/Content/StarterBundle/ModularScifiProps/Meshes/SM_GlassDoor_A.uexp" 3453
"F:/Users/mihai/Documents/GitHub/ShooterSam/ShooterSam/Content/StarterBundle/ModularScifiProps/Meshes/SM_GlassDoorway.ubulk" 3454
"F:/Users/mihai/Documents/GitHub/ShooterSam/ShooterSam/Content/StarterBundle/ModularScifiProps/Meshes/SM_GlassDoorway.uasset" 3455
"F:/Users/mihai/Documents/GitHub/ShooterSam/ShooterSam/Content/StarterBundle/ModularScifiProps/Meshes/SM_GlassDoorway.uexp" 3456
"../../../Engine/Content/Functions/Engine_MaterialFunctions02/Fresnel_Function.uasset" 3457
"../../../Engine/Content/Functions/Engine_MaterialFunctions02/Fresnel_Function.uexp" 3458
"F:/Users/mihai/Documents/GitHub/ShooterSam/ShooterSam/Content/StarterBundle/ModularScifiProps/Materials/M_Glass_Base.uasset" 3459
"F:/Users/mihai/Documents/GitHub/ShooterSam/ShooterSam/Content/StarterBundle/ModularScifiProps/Materials/M_Glass_Base.uexp" 3460
"F:/Users/mihai/Documents/GitHub/ShooterSam/ShooterSam/Content/StarterBundle/ModularScifiProps/Materials/MI_GlassCup.uasset" 3461
"F:/Users/mihai/Documents/GitHub/ShooterSam/ShooterSam/Content/StarterBundle/ModularScifiProps/Materials/MI_GlassCup.uexp" 3462
"F:/Users/mihai/Documents/GitHub/ShooterSam/ShooterSam/Content/StarterBundle/ModularScifiProps/Meshes/SM_GlassCup.ubulk" 3463
"F:/Users/mihai/Documents/GitHub/ShooterSam/ShooterSam/Content/StarterBundle/ModularScifiProps/Meshes/SM_GlassCup.uasset" 3464
"F:/Users/mihai/Documents/GitHub/ShooterSam/ShooterSam/Content/StarterBundle/ModularScifiProps/Meshes/SM_GlassCup.uexp" 3465
"F:/Users/mihai/Documents/GitHub/ShooterSam/ShooterSam/Content/StarterBundle/ModularScifiProps/Materials/MI_Base_Light.uasset" 3466
"F:/Users/mihai/Documents/GitHub/ShooterSam/ShooterSam/Content/StarterBundle/ModularScifiProps/Materials/MI_Base_Light.uexp" 3467
"F:/Users/mihai/Documents/GitHub/ShooterSam/ShooterSam/Content/StarterBundle/ModularScifiProps/Meshes/SM_Floor_A.ubulk" 3468
"F:/Users/mihai/Documents/GitHub/ShooterSam/ShooterSam/Content/StarterBundle/ModularScifiProps/Meshes/SM_Floor_A.uasset" 3469
"F:/Users/mihai/Documents/GitHub/ShooterSam/ShooterSam/Content/StarterBundle/ModularScifiProps/Meshes/SM_Floor_A.uexp" 3470
"F:/Users/mihai/Documents/GitHub/ShooterSam/ShooterSam/Content/StarterBundle/ModularScifiProps/Meshes/SM_FloorDiv_A.ubulk" 3471
"F:/Users/mihai/Documents/GitHub/ShooterSam/ShooterSam/Content/StarterBundle/ModularScifiProps/Meshes/SM_FloorDiv_A.uasset" 3472
"F:/Users/mihai/Documents/GitHub/ShooterSam/ShooterSam/Content/StarterBundle/ModularScifiProps/Meshes/SM_FloorDiv_A.uexp" 3473
"F:/Users/mihai/Documents/GitHub/ShooterSam/ShooterSam/Content/StarterBundle/ModularScifiProps/Textures/T_FireSprinkler_N_normals.ubulk" 3474
"F:/Users/mihai/Documents/GitHub/ShooterSam/ShooterSam/Content/StarterBundle/ModularScifiProps/Textures/T_FireSprinkler_N_normals.uasset" 3475
"F:/Users/mihai/Documents/GitHub/ShooterSam/ShooterSam/Content/StarterBundle/ModularScifiProps/Textures/T_FireSprinkler_N_normals.uexp" 3476
"F:/Users/mihai/Documents/GitHub/ShooterSam/ShooterSam/Content/StarterBundle/ModularScifiProps/Textures/T_FireSprinkler_M.ubulk" 3477
"F:/Users/mihai/Documents/GitHub/ShooterSam/ShooterSam/Content/StarterBundle/ModularScifiProps/Textures/T_FireSprinkler_M.uasset" 3478
"F:/Users/mihai/Documents/GitHub/ShooterSam/ShooterSam/Content/StarterBundle/ModularScifiProps/Textures/T_FireSprinkler_M.uexp" 3479
"F:/Users/mihai/Documents/GitHub/ShooterSam/ShooterSam/Content/StarterBundle/ModularScifiProps/Textures/T_FireSprinkler_Diff.ubulk" 3480
"F:/Users/mihai/Documents/GitHub/ShooterSam/ShooterSam/Content/StarterBundle/ModularScifiProps/Textures/T_FireSprinkler_Diff.uasset" 3481
"F:/Users/mihai/Documents/GitHub/ShooterSam/ShooterSam/Content/StarterBundle/ModularScifiProps/Textures/T_FireSprinkler_Diff.uexp" 3482
"F:/Users/mihai/Documents/GitHub/ShooterSam/ShooterSam/Content/StarterBundle/ModularScifiProps/Materials/MI_FireSprinkler.uasset" 3483
"F:/Users/mihai/Documents/GitHub/ShooterSam/ShooterSam/Content/StarterBundle/ModularScifiProps/Materials/MI_FireSprinkler.uexp" 3484
"F:/Users/mihai/Documents/GitHub/ShooterSam/ShooterSam/Content/StarterBundle/ModularScifiProps/Meshes/SM_FireSprinkler.ubulk" 3485
"F:/Users/mihai/Documents/GitHub/ShooterSam/ShooterSam/Content/StarterBundle/ModularScifiProps/Meshes/SM_FireSprinkler.uasset" 3486
"F:/Users/mihai/Documents/GitHub/ShooterSam/ShooterSam/Content/StarterBundle/ModularScifiProps/Meshes/SM_FireSprinkler.uexp" 3487
"F:/Users/mihai/Documents/GitHub/ShooterSam/ShooterSam/Content/StarterBundle/ModularScifiProps/Textures/T_CommDevice_N_normals.ubulk" 3488
"F:/Users/mihai/Documents/GitHub/ShooterSam/ShooterSam/Content/StarterBundle/ModularScifiProps/Textures/T_CommDevice_N_normals.uasset" 3489
"F:/Users/mihai/Documents/GitHub/ShooterSam/ShooterSam/Content/StarterBundle/ModularScifiProps/Textures/T_CommDevice_N_normals.uexp" 3490
"F:/Users/mihai/Documents/GitHub/ShooterSam/ShooterSam/Content/StarterBundle/ModularScifiProps/Textures/T_CommDevice_M.ubulk" 3491
"F:/Users/mihai/Documents/GitHub/ShooterSam/ShooterSam/Content/StarterBundle/ModularScifiProps/Textures/T_CommDevice_M.uasset" 3492
"F:/Users/mihai/Documents/GitHub/ShooterSam/ShooterSam/Content/StarterBundle/ModularScifiProps/Textures/T_CommDevice_M.uexp" 3493
"F:/Users/mihai/Documents/GitHub/ShooterSam/ShooterSam/Content/StarterBundle/ModularScifiProps/Textures/T_CommDevice_EM.ubulk" 3494
"F:/Users/mihai/Documents/GitHub/ShooterSam/ShooterSam/Content/StarterBundle/ModularScifiProps/Textures/T_CommDevice_EM.uasset" 3495
"F:/Users/mihai/Documents/GitHub/ShooterSam/ShooterSam/Content/StarterBundle/ModularScifiProps/Textures/T_CommDevice_EM.uexp" 3496
"F:/Users/mihai/Documents/GitHub/ShooterSam/ShooterSam/Content/StarterBundle/ModularScifiProps/Textures/T_CommDevice_Diff.ubulk" 3497
"F:/Users/mihai/Documents/GitHub/ShooterSam/ShooterSam/Content/StarterBundle/ModularScifiProps/Textures/T_CommDevice_Diff.uasset" 3498
"F:/Users/mihai/Documents/GitHub/ShooterSam/ShooterSam/Content/StarterBundle/ModularScifiProps/Textures/T_CommDevice_Diff.uexp" 3499
"F:/Users/mihai/Documents/GitHub/ShooterSam/ShooterSam/Content/StarterBundle/ModularScifiProps/Materials/MI_CommDevice.uasset" 3500
"F:/Users/mihai/Documents/GitHub/ShooterSam/ShooterSam/Content/StarterBundle/ModularScifiProps/Materials/MI_CommDevice.uexp" 3501
"F:/Users/mihai/Documents/GitHub/ShooterSam/ShooterSam/Content/StarterBundle/ModularScifiProps/Materials/MI_CommDevice_Scre.uasset" 3502
"F:/Users/mihai/Documents/GitHub/ShooterSam/ShooterSam/Content/StarterBundle/ModularScifiProps/Materials/MI_CommDevice_Scre.uexp" 3503
"F:/Users/mihai/Documents/GitHub/ShooterSam/ShooterSam/Content/StarterBundle/ModularScifiProps/Meshes/SM_CommDevice.ubulk" 3504
"F:/Users/mihai/Documents/GitHub/ShooterSam/ShooterSam/Content/StarterBundle/ModularScifiProps/Meshes/SM_CommDevice.uasset" 3505
"F:/Users/mihai/Documents/GitHub/ShooterSam/ShooterSam/Content/StarterBundle/ModularScifiProps/Meshes/SM_CommDevice.uexp" 3506
"F:/Users/mihai/Documents/GitHub/ShooterSam/ShooterSam/Content/StarterBundle/ModularScifiProps/Materials/M_SolidColor_Base.uasset" 3507
"F:/Users/mihai/Documents/GitHub/ShooterSam/ShooterSam/Content/StarterBundle/ModularScifiProps/Materials/M_SolidColor_Base.uexp" 3508
"F:/Users/mihai/Documents/GitHub/ShooterSam/ShooterSam/Content/StarterBundle/ModularScifiProps/Materials/MI_Coaster.uasset" 3509
"F:/Users/mihai/Documents/GitHub/ShooterSam/ShooterSam/Content/StarterBundle/ModularScifiProps/Materials/MI_Coaster.uexp" 3510
"F:/Users/mihai/Documents/GitHub/ShooterSam/ShooterSam/Content/StarterBundle/ModularScifiProps/Meshes/SM_Coaster.ubulk" 3511
"F:/Users/mihai/Documents/GitHub/ShooterSam/ShooterSam/Content/StarterBundle/ModularScifiProps/Meshes/SM_Coaster.uasset" 3512
"F:/Users/mihai/Documents/GitHub/ShooterSam/ShooterSam/Content/StarterBundle/ModularScifiProps/Meshes/SM_Coaster.uexp" 3513
"F:/Users/mihai/Documents/GitHub/ShooterSam/ShooterSam/Content/StarterBundle/ModularScifiProps/Meshes/SM_Ceiling_Div_B.ubulk" 3514
"F:/Users/mihai/Documents/GitHub/ShooterSam/ShooterSam/Content/StarterBundle/ModularScifiProps/Meshes/SM_Ceiling_Div_B.uasset" 3515
"F:/Users/mihai/Documents/GitHub/ShooterSam/ShooterSam/Content/StarterBundle/ModularScifiProps/Meshes/SM_Ceiling_Div_B.uexp" 3516
"F:/Users/mihai/Documents/GitHub/ShooterSam/ShooterSam/Content/StarterBundle/ModularScifiProps/Meshes/SM_Ceiling_Div_A.ubulk" 3517
"F:/Users/mihai/Documents/GitHub/ShooterSam/ShooterSam/Content/StarterBundle/ModularScifiProps/Meshes/SM_Ceiling_Div_A.uasset" 3518
"F:/Users/mihai/Documents/GitHub/ShooterSam/ShooterSam/Content/StarterBundle/ModularScifiProps/Meshes/SM_Ceiling_Div_A.uexp" 3519
"F:/Users/mihai/Documents/GitHub/ShooterSam/ShooterSam/Content/StarterBundle/ModularScifiProps/Meshes/SM_Ceiling_B.ubulk" 3520
"F:/Users/mihai/Documents/GitHub/ShooterSam/ShooterSam/Content/StarterBundle/ModularScifiProps/Meshes/SM_Ceiling_B.uasset" 3521
"F:/Users/mihai/Documents/GitHub/ShooterSam/ShooterSam/Content/StarterBundle/ModularScifiProps/Meshes/SM_Ceiling_B.uexp" 3522
"F:/Users/mihai/Documents/GitHub/ShooterSam/ShooterSam/Content/StarterBundle/ModularScifiProps/Meshes/SM_Ceiling_A.ubulk" 3523
"F:/Users/mihai/Documents/GitHub/ShooterSam/ShooterSam/Content/StarterBundle/ModularScifiProps/Meshes/SM_Ceiling_A.uasset" 3524
"F:/Users/mihai/Documents/GitHub/ShooterSam/ShooterSam/Content/StarterBundle/ModularScifiProps/Meshes/SM_Ceiling_A.uexp" 3525
"F:/Users/mihai/Documents/GitHub/ShooterSam/ShooterSam/Content/StarterBundle/ModularScifiProps/Textures/T_CeilingLight_N_normals.ubulk" 3526
"F:/Users/mihai/Documents/GitHub/ShooterSam/ShooterSam/Content/StarterBundle/ModularScifiProps/Textures/T_CeilingLight_N_normals.uasset" 3527
"F:/Users/mihai/Documents/GitHub/ShooterSam/ShooterSam/Content/StarterBundle/ModularScifiProps/Textures/T_CeilingLight_N_normals.uexp" 3528
"F:/Users/mihai/Documents/GitHub/ShooterSam/ShooterSam/Content/StarterBundle/ModularScifiProps/Textures/T_CeilingLight_M.ubulk" 3529
"F:/Users/mihai/Documents/GitHub/ShooterSam/ShooterSam/Content/StarterBundle/ModularScifiProps/Textures/T_CeilingLight_M.uasset" 3530
"F:/Users/mihai/Documents/GitHub/ShooterSam/ShooterSam/Content/StarterBundle/ModularScifiProps/Textures/T_CeilingLight_M.uexp" 3531
"F:/Users/mihai/Documents/GitHub/ShooterSam/ShooterSam/Content/StarterBundle/ModularScifiProps/Textures/T_CeilingLight_Diff.ubulk" 3532
"F:/Users/mihai/Documents/GitHub/ShooterSam/ShooterSam/Content/StarterBundle/ModularScifiProps/Textures/T_CeilingLight_Diff.uasset" 3533
"F:/Users/mihai/Documents/GitHub/ShooterSam/ShooterSam/Content/StarterBundle/ModularScifiProps/Textures/T_CeilingLight_Diff.uexp" 3534
"F:/Users/mihai/Documents/GitHub/ShooterSam/ShooterSam/Content/StarterBundle/ModularScifiProps/Materials/MI_CeilingLight.uasset" 3535
"F:/Users/mihai/Documents/GitHub/ShooterSam/ShooterSam/Content/StarterBundle/ModularScifiProps/Materials/MI_CeilingLight.uexp" 3536
"F:/Users/mihai/Documents/GitHub/ShooterSam/ShooterSam/Content/StarterBundle/ModularScifiProps/Materials/MI_Light_White.uasset" 3537
"F:/Users/mihai/Documents/GitHub/ShooterSam/ShooterSam/Content/StarterBundle/ModularScifiProps/Materials/MI_Light_White.uexp" 3538
"F:/Users/mihai/Documents/GitHub/ShooterSam/ShooterSam/Content/StarterBundle/ModularScifiProps/Meshes/SM_CeilingLight.ubulk" 3539
"F:/Users/mihai/Documents/GitHub/ShooterSam/ShooterSam/Content/StarterBundle/ModularScifiProps/Meshes/SM_CeilingLight.uasset" 3540
"F:/Users/mihai/Documents/GitHub/ShooterSam/ShooterSam/Content/StarterBundle/ModularScifiProps/Meshes/SM_CeilingLight.uexp" 3541
"F:/Users/mihai/Documents/GitHub/ShooterSam/ShooterSam/Content/StarterBundle/ModularScifiProps/Materials/MI_CardReader.uasset" 3542
"F:/Users/mihai/Documents/GitHub/ShooterSam/ShooterSam/Content/StarterBundle/ModularScifiProps/Materials/MI_CardReader.uexp" 3543
"F:/Users/mihai/Documents/GitHub/ShooterSam/ShooterSam/Content/StarterBundle/ModularScifiProps/Meshes/SM_CardReader.ubulk" 3544
"F:/Users/mihai/Documents/GitHub/ShooterSam/ShooterSam/Content/StarterBundle/ModularScifiProps/Meshes/SM_CardReader.uasset" 3545
"F:/Users/mihai/Documents/GitHub/ShooterSam/ShooterSam/Content/StarterBundle/ModularScifiProps/Meshes/SM_CardReader.uexp" 3546
"F:/Users/mihai/Documents/GitHub/ShooterSam/ShooterSam/Content/StarterBundle/ModularScifiProps/Textures/T_Desk_A_N_a_normals.ubulk" 3547
"F:/Users/mihai/Documents/GitHub/ShooterSam/ShooterSam/Content/StarterBundle/ModularScifiProps/Textures/T_Desk_A_N_a_normals.uasset" 3548
"F:/Users/mihai/Documents/GitHub/ShooterSam/ShooterSam/Content/StarterBundle/ModularScifiProps/Textures/T_Desk_A_N_a_normals.uexp" 3549
"F:/Users/mihai/Documents/GitHub/ShooterSam/ShooterSam/Content/StarterBundle/ModularScifiProps/Textures/T_Desk_A_Diff_a_M.ubulk" 3550
"F:/Users/mihai/Documents/GitHub/ShooterSam/ShooterSam/Content/StarterBundle/ModularScifiProps/Textures/T_Desk_A_Diff_a_M.uasset" 3551
"F:/Users/mihai/Documents/GitHub/ShooterSam/ShooterSam/Content/StarterBundle/ModularScifiProps/Textures/T_Desk_A_Diff_a_M.uexp" 3552
"F:/Users/mihai/Documents/GitHub/ShooterSam/ShooterSam/Content/StarterBundle/ModularScifiProps/Textures/T_Desk_A_Diff_a.ubulk" 3553
"F:/Users/mihai/Documents/GitHub/ShooterSam/ShooterSam/Content/StarterBundle/ModularScifiProps/Textures/T_Desk_A_Diff_a.uasset" 3554
"F:/Users/mihai/Documents/GitHub/ShooterSam/ShooterSam/Content/StarterBundle/ModularScifiProps/Textures/T_Desk_A_Diff_a.uexp" 3555
"F:/Users/mihai/Documents/GitHub/ShooterSam/ShooterSam/Content/StarterBundle/ModularScifiProps/Materials/MI_Desk_A_a.uasset" 3556
"F:/Users/mihai/Documents/GitHub/ShooterSam/ShooterSam/Content/StarterBundle/ModularScifiProps/Materials/MI_Desk_A_a.uexp" 3557
"F:/Users/mihai/Documents/GitHub/ShooterSam/ShooterSam/Content/StarterBundle/ModularScifiProps/Textures/T_Desk_A_N_b_normals.ubulk" 3558
"F:/Users/mihai/Documents/GitHub/ShooterSam/ShooterSam/Content/StarterBundle/ModularScifiProps/Textures/T_Desk_A_N_b_normals.uasset" 3559
"F:/Users/mihai/Documents/GitHub/ShooterSam/ShooterSam/Content/StarterBundle/ModularScifiProps/Textures/T_Desk_A_N_b_normals.uexp" 3560
"F:/Users/mihai/Documents/GitHub/ShooterSam/ShooterSam/Content/StarterBundle/ModularScifiProps/Textures/T_Desk_A_Diff_b_M.ubulk" 3561
"F:/Users/mihai/Documents/GitHub/ShooterSam/ShooterSam/Content/StarterBundle/ModularScifiProps/Textures/T_Desk_A_Diff_b_M.uasset" 3562
"F:/Users/mihai/Documents/GitHub/ShooterSam/ShooterSam/Content/StarterBundle/ModularScifiProps/Textures/T_Desk_A_Diff_b_M.uexp" 3563
"F:/Users/mihai/Documents/GitHub/ShooterSam/ShooterSam/Content/StarterBundle/ModularScifiProps/Textures/T_Desk_A_Diff_b.ubulk" 3564
"F:/Users/mihai/Documents/GitHub/ShooterSam/ShooterSam/Content/StarterBundle/ModularScifiProps/Textures/T_Desk_A_Diff_b.uasset" 3565
"F:/Users/mihai/Documents/GitHub/ShooterSam/ShooterSam/Content/StarterBundle/ModularScifiProps/Textures/T_Desk_A_Diff_b.uexp" 3566
"F:/Users/mihai/Documents/GitHub/ShooterSam/ShooterSam/Content/StarterBundle/ModularScifiProps/Materials/MI_Desk_A_b.uasset" 3567
"F:/Users/mihai/Documents/GitHub/ShooterSam/ShooterSam/Content/StarterBundle/ModularScifiProps/Materials/MI_Desk_A_b.uexp" 3568
"F:/Users/mihai/Documents/GitHub/ShooterSam/ShooterSam/Content/StarterBundle/ModularScifiProps/Meshes/SM_Cabinet_B.ubulk" 3569
"F:/Users/mihai/Documents/GitHub/ShooterSam/ShooterSam/Content/StarterBundle/ModularScifiProps/Meshes/SM_Cabinet_B.uasset" 3570
"F:/Users/mihai/Documents/GitHub/ShooterSam/ShooterSam/Content/StarterBundle/ModularScifiProps/Meshes/SM_Cabinet_B.uexp" 3571
"F:/Users/mihai/Documents/GitHub/ShooterSam/ShooterSam/Content/StarterBundle/ModularScifiProps/Textures/T_AccessCard_M.ubulk" 3572
"F:/Users/mihai/Documents/GitHub/ShooterSam/ShooterSam/Content/StarterBundle/ModularScifiProps/Textures/T_AccessCard_M.uasset" 3573
"F:/Users/mihai/Documents/GitHub/ShooterSam/ShooterSam/Content/StarterBundle/ModularScifiProps/Textures/T_AccessCard_M.uexp" 3574
"F:/Users/mihai/Documents/GitHub/ShooterSam/ShooterSam/Content/StarterBundle/ModularScifiProps/Textures/T_AccessCard.ubulk" 3575
"F:/Users/mihai/Documents/GitHub/ShooterSam/ShooterSam/Content/StarterBundle/ModularScifiProps/Textures/T_AccessCard.uasset" 3576
"F:/Users/mihai/Documents/GitHub/ShooterSam/ShooterSam/Content/StarterBundle/ModularScifiProps/Textures/T_AccessCard.uexp" 3577
"F:/Users/mihai/Documents/GitHub/ShooterSam/ShooterSam/Content/StarterBundle/ModularScifiProps/Materials/MI_AccessCard.uasset" 3578
"F:/Users/mihai/Documents/GitHub/ShooterSam/ShooterSam/Content/StarterBundle/ModularScifiProps/Materials/MI_AccessCard.uexp" 3579
"F:/Users/mihai/Documents/GitHub/ShooterSam/ShooterSam/Content/StarterBundle/ModularScifiProps/Meshes/SM_AccessCard.ubulk" 3580
"F:/Users/mihai/Documents/GitHub/ShooterSam/ShooterSam/Content/StarterBundle/ModularScifiProps/Meshes/SM_AccessCard.uasset" 3581
"F:/Users/mihai/Documents/GitHub/ShooterSam/ShooterSam/Content/StarterBundle/ModularScifiProps/Meshes/SM_AccessCard.uexp" 3582
"F:/Users/mihai/Documents/GitHub/ShooterSam/ShooterSam/Content/StarterBundle/ModularScifiProps/Materials/MI_WirelessBooster2.uasset" 3583
"F:/Users/mihai/Documents/GitHub/ShooterSam/ShooterSam/Content/StarterBundle/ModularScifiProps/Materials/MI_WirelessBooster2.uexp" 3584
"F:/Users/mihai/Documents/GitHub/ShooterSam/ShooterSam/Content/StarterBundle/ModularScifiProps/Textures/T_WallCabinet_B_M.ubulk" 3585
"F:/Users/mihai/Documents/GitHub/ShooterSam/ShooterSam/Content/StarterBundle/ModularScifiProps/Textures/T_WallCabinet_B_M.uasset" 3586
"F:/Users/mihai/Documents/GitHub/ShooterSam/ShooterSam/Content/StarterBundle/ModularScifiProps/Textures/T_WallCabinet_B_M.uexp" 3587
"F:/Users/mihai/Documents/GitHub/ShooterSam/ShooterSam/Content/StarterBundle/ModularScifiProps/Textures/T_WallCabinet_B_Diff.uasset" 3588
"F:/Users/mihai/Documents/GitHub/ShooterSam/ShooterSam/Content/StarterBundle/ModularScifiProps/Textures/T_WallCabinet_B_Diff.uexp" 3589
"F:/Users/mihai/Documents/GitHub/ShooterSam/ShooterSam/Content/StarterBundle/ModularScifiProps/Materials/MI_WallCabinet_b.uasset" 3590
"F:/Users/mihai/Documents/GitHub/ShooterSam/ShooterSam/Content/StarterBundle/ModularScifiProps/Materials/MI_WallCabinet_b.uexp" 3591
"F:/Users/mihai/Documents/GitHub/ShooterSam/ShooterSam/Content/StarterBundle/ModularScifiProps/Materials/MI_TempControl_Screen2.uasset" 3592
"F:/Users/mihai/Documents/GitHub/ShooterSam/ShooterSam/Content/StarterBundle/ModularScifiProps/Materials/MI_TempControl_Screen2.uexp" 3593
"F:/Users/mihai/Documents/GitHub/ShooterSam/ShooterSam/Content/StarterBundle/ModularScifiProps/Materials/MI_Reg_Glass_Dark2.uasset" 3594
"F:/Users/mihai/Documents/GitHub/ShooterSam/ShooterSam/Content/StarterBundle/ModularScifiProps/Materials/MI_Reg_Glass_Dark2.uexp" 3595
"F:/Users/mihai/Documents/GitHub/ShooterSam/ShooterSam/Content/StarterBundle/ModularScifiProps/Materials/MI_MobileStorage2.uasset" 3596
"F:/Users/mihai/Documents/GitHub/ShooterSam/ShooterSam/Content/StarterBundle/ModularScifiProps/Materials/MI_MobileStorage2.uexp" 3597
"F:/Users/mihai/Documents/GitHub/ShooterSam/ShooterSam/Content/StarterBundle/ModularScifiProps/Textures/T_Laptop_Mail.uasset" 3598
"F:/Users/mihai/Documents/GitHub/ShooterSam/ShooterSam/Content/StarterBundle/ModularScifiProps/Textures/T_Laptop_Mail.uexp" 3599
"F:/Users/mihai/Documents/GitHub/ShooterSam/ShooterSam/Content/StarterBundle/ModularScifiProps/Materials/MI_Laptop_Mail.uasset" 3600
"F:/Users/mihai/Documents/GitHub/ShooterSam/ShooterSam/Content/StarterBundle/ModularScifiProps/Materials/MI_Laptop_Mail.uexp" 3601
"F:/Users/mihai/Documents/GitHub/ShooterSam/ShooterSam/Content/StarterBundle/ModularScifiProps/Textures/T_HandScanner_UI.uasset" 3602
"F:/Users/mihai/Documents/GitHub/ShooterSam/ShooterSam/Content/StarterBundle/ModularScifiProps/Textures/T_HandScanner_UI.uexp" 3603
"F:/Users/mihai/Documents/GitHub/ShooterSam/ShooterSam/Content/StarterBundle/ModularScifiProps/Materials/MI_HandScanner_Screen2.uasset" 3604
"F:/Users/mihai/Documents/GitHub/ShooterSam/ShooterSam/Content/StarterBundle/ModularScifiProps/Materials/MI_HandScanner_Screen2.uexp" 3605
"F:/Users/mihai/Documents/GitHub/ShooterSam/ShooterSam/Content/StarterBundle/ModularScifiProps/Materials/MI_Base_Light2.uasset" 3606
"F:/Users/mihai/Documents/GitHub/ShooterSam/ShooterSam/Content/StarterBundle/ModularScifiProps/Materials/MI_Base_Light2.uexp" 3607
"F:/Users/mihai/Documents/GitHub/ShooterSam/ShooterSam/Content/StarterBundle/ModularSciFiMats/Textures/T_Trims_A_normals.ubulk" 3608
"F:/Users/mihai/Documents/GitHub/ShooterSam/ShooterSam/Content/StarterBundle/ModularSciFiMats/Textures/T_Trims_A_normals.uasset" 3609
"F:/Users/mihai/Documents/GitHub/ShooterSam/ShooterSam/Content/StarterBundle/ModularSciFiMats/Textures/T_Trims_A_normals.uexp" 3610
"F:/Users/mihai/Documents/GitHub/ShooterSam/ShooterSam/Content/StarterBundle/ModularSciFiMats/Textures/T_Trims_A_ML.ubulk" 3611
"F:/Users/mihai/Documents/GitHub/ShooterSam/ShooterSam/Content/StarterBundle/ModularSciFiMats/Textures/T_Trims_A_ML.uasset" 3612
"F:/Users/mihai/Documents/GitHub/ShooterSam/ShooterSam/Content/StarterBundle/ModularSciFiMats/Textures/T_Trims_A_ML.uexp" 3613
"F:/Users/mihai/Documents/GitHub/ShooterSam/ShooterSam/Content/StarterBundle/ModularSciFiMats/Textures/T_Trims_A_diff.ubulk" 3614
"F:/Users/mihai/Documents/GitHub/ShooterSam/ShooterSam/Content/StarterBundle/ModularSciFiMats/Textures/T_Trims_A_diff.uasset" 3615
"F:/Users/mihai/Documents/GitHub/ShooterSam/ShooterSam/Content/StarterBundle/ModularSciFiMats/Textures/T_Trims_A_diff.uexp" 3616
"F:/Users/mihai/Documents/GitHub/ShooterSam/ShooterSam/Content/StarterBundle/ModularSciFiMats/Textures/T_Metal_Brushed_M.uasset" 3617
"F:/Users/mihai/Documents/GitHub/ShooterSam/ShooterSam/Content/StarterBundle/ModularSciFiMats/Textures/T_Metal_Brushed_M.uexp" 3618
"F:/Users/mihai/Documents/GitHub/ShooterSam/ShooterSam/Content/StarterBundle/ModularSciFiMats/Textures/T_Wall_E_normals.ubulk" 3619
"F:/Users/mihai/Documents/GitHub/ShooterSam/ShooterSam/Content/StarterBundle/ModularSciFiMats/Textures/T_Wall_E_normals.uasset" 3620
"F:/Users/mihai/Documents/GitHub/ShooterSam/ShooterSam/Content/StarterBundle/ModularSciFiMats/Textures/T_Wall_E_normals.uexp" 3621
"F:/Users/mihai/Documents/GitHub/ShooterSam/ShooterSam/Content/StarterBundle/ModularSciFiMats/Textures/T_Wall_E_M.ubulk" 3622
"F:/Users/mihai/Documents/GitHub/ShooterSam/ShooterSam/Content/StarterBundle/ModularSciFiMats/Textures/T_Wall_E_M.uasset" 3623
"F:/Users/mihai/Documents/GitHub/ShooterSam/ShooterSam/Content/StarterBundle/ModularSciFiMats/Textures/T_Wall_E_M.uexp" 3624
"F:/Users/mihai/Documents/GitHub/ShooterSam/ShooterSam/Content/StarterBundle/ModularSciFiMats/Textures/T_Wall_E_diff.ubulk" 3625
"F:/Users/mihai/Documents/GitHub/ShooterSam/ShooterSam/Content/StarterBundle/ModularSciFiMats/Textures/T_Wall_E_diff.uasset" 3626
"F:/Users/mihai/Documents/GitHub/ShooterSam/ShooterSam/Content/StarterBundle/ModularSciFiMats/Textures/T_Wall_E_diff.uexp" 3627
"F:/Users/mihai/Documents/GitHub/ShooterSam/ShooterSam/Content/StarterBundle/ModularSciFiMats/Textures/T_Metal_Brushed_N.ubulk" 3628
"F:/Users/mihai/Documents/GitHub/ShooterSam/ShooterSam/Content/StarterBundle/ModularSciFiMats/Textures/T_Metal_Brushed_N.uasset" 3629
"F:/Users/mihai/Documents/GitHub/ShooterSam/ShooterSam/Content/StarterBundle/ModularSciFiMats/Textures/T_Metal_Brushed_N.uexp" 3630
"F:/Users/mihai/Documents/GitHub/ShooterSam/ShooterSam/Content/StarterBundle/ModularSciFiMats/Materials/M_Base_3C.uasset" 3631
"F:/Users/mihai/Documents/GitHub/ShooterSam/ShooterSam/Content/StarterBundle/ModularSciFiMats/Materials/M_Base_3C.uexp" 3632
"F:/Users/mihai/Documents/GitHub/ShooterSam/ShooterSam/Content/StarterBundle/ModularSciFiMats/Materials/Instances/MI_Trims_A4.uasset" 3633
"F:/Users/mihai/Documents/GitHub/ShooterSam/ShooterSam/Content/StarterBundle/ModularSciFiMats/Materials/Instances/MI_Trims_A4.uexp" 3634
"F:/Users/mihai/Documents/GitHub/ShooterSam/ShooterSam/Content/StarterBundle/ModularSciFiMats/Materials/Instances/MI_Trims_A3.uasset" 3635
"F:/Users/mihai/Documents/GitHub/ShooterSam/ShooterSam/Content/StarterBundle/ModularSciFiMats/Materials/Instances/MI_Trims_A3.uexp" 3636
"F:/Users/mihai/Documents/GitHub/ShooterSam/ShooterSam/Content/StarterBundle/ModularSciFiMats/Materials/Instances/MI_Trims_A2.uasset" 3637
"F:/Users/mihai/Documents/GitHub/ShooterSam/ShooterSam/Content/StarterBundle/ModularSciFiMats/Materials/Instances/MI_Trims_A2.uexp" 3638
"F:/Users/mihai/Documents/GitHub/ShooterSam/ShooterSam/Content/StarterBundle/ModularSciFiMats/Materials/Instances/MI_Trims_A.uasset" 3639
"F:/Users/mihai/Documents/GitHub/ShooterSam/ShooterSam/Content/StarterBundle/ModularSciFiMats/Materials/Instances/MI_Trims_A.uexp" 3640
"F:/Users/mihai/Documents/GitHub/ShooterSam/ShooterSam/Content/StarterBundle/ModularSciFiMats/Textures/T_Metal_Scratches_M.uasset" 3641
"F:/Users/mihai/Documents/GitHub/ShooterSam/ShooterSam/Content/StarterBundle/ModularSciFiMats/Textures/T_Metal_Scratches_M.uexp" 3642
"F:/Users/mihai/Documents/GitHub/ShooterSam/ShooterSam/Content/StarterBundle/ModularSciFiMats/Textures/T_Floor_F_normals.ubulk" 3643
"F:/Users/mihai/Documents/GitHub/ShooterSam/ShooterSam/Content/StarterBundle/ModularSciFiMats/Textures/T_Floor_F_normals.uasset" 3644
"F:/Users/mihai/Documents/GitHub/ShooterSam/ShooterSam/Content/StarterBundle/ModularSciFiMats/Textures/T_Floor_F_normals.uexp" 3645
"F:/Users/mihai/Documents/GitHub/ShooterSam/ShooterSam/Content/StarterBundle/ModularSciFiMats/Textures/T_Floor_F_M.ubulk" 3646
"F:/Users/mihai/Documents/GitHub/ShooterSam/ShooterSam/Content/StarterBundle/ModularSciFiMats/Textures/T_Floor_F_M.uasset" 3647
"F:/Users/mihai/Documents/GitHub/ShooterSam/ShooterSam/Content/StarterBundle/ModularSciFiMats/Textures/T_Floor_F_M.uexp" 3648
"F:/Users/mihai/Documents/GitHub/ShooterSam/ShooterSam/Content/StarterBundle/ModularSciFiMats/Textures/T_Floor_F_diff.ubulk" 3649
"F:/Users/mihai/Documents/GitHub/ShooterSam/ShooterSam/Content/StarterBundle/ModularSciFiMats/Textures/T_Floor_F_diff.uasset" 3650
"F:/Users/mihai/Documents/GitHub/ShooterSam/ShooterSam/Content/StarterBundle/ModularSciFiMats/Textures/T_Floor_F_diff.uexp" 3651
"F:/Users/mihai/Documents/GitHub/ShooterSam/ShooterSam/Content/StarterBundle/ModularSciFiMats/Textures/T_Wall_A_normals.ubulk" 3652
"F:/Users/mihai/Documents/GitHub/ShooterSam/ShooterSam/Content/StarterBundle/ModularSciFiMats/Textures/T_Wall_A_normals.uasset" 3653
"F:/Users/mihai/Documents/GitHub/ShooterSam/ShooterSam/Content/StarterBundle/ModularSciFiMats/Textures/T_Wall_A_normals.uexp" 3654
"F:/Users/mihai/Documents/GitHub/ShooterSam/ShooterSam/Content/StarterBundle/ModularSciFiMats/Textures/T_Wall_A_M.ubulk" 3655
"F:/Users/mihai/Documents/GitHub/ShooterSam/ShooterSam/Content/StarterBundle/ModularSciFiMats/Textures/T_Wall_A_M.uasset" 3656
"F:/Users/mihai/Documents/GitHub/ShooterSam/ShooterSam/Content/StarterBundle/ModularSciFiMats/Textures/T_Wall_A_M.uexp" 3657
"F:/Users/mihai/Documents/GitHub/ShooterSam/ShooterSam/Content/StarterBundle/ModularSciFiMats/Textures/T_Wall_A_diff.ubulk" 3658
"F:/Users/mihai/Documents/GitHub/ShooterSam/ShooterSam/Content/StarterBundle/ModularSciFiMats/Textures/T_Wall_A_diff.uasset" 3659
"F:/Users/mihai/Documents/GitHub/ShooterSam/ShooterSam/Content/StarterBundle/ModularSciFiMats/Textures/T_Wall_A_diff.uexp" 3660
"F:/Users/mihai/Documents/GitHub/ShooterSam/ShooterSam/Content/StarterBundle/ModularSciFiMats/Materials/M_Base_4C_Scr.uasset" 3661
"F:/Users/mihai/Documents/GitHub/ShooterSam/ShooterSam/Content/StarterBundle/ModularSciFiMats/Materials/M_Base_4C_Scr.uexp" 3662
"F:/Users/mihai/Documents/GitHub/ShooterSam/ShooterSam/Content/StarterBundle/ModularSciFiMats/Materials/Instances/MI_Floor_F_Scr.uasset" 3663
"F:/Users/mihai/Documents/GitHub/ShooterSam/ShooterSam/Content/StarterBundle/ModularSciFiMats/Materials/Instances/MI_Floor_F_Scr.uexp" 3664
"F:/Users/mihai/Documents/GitHub/ShooterSam/ShooterSam/Content/StarterBundle/ModularSciFiMats/Textures/T_Floor_E_normals.ubulk" 3665
"F:/Users/mihai/Documents/GitHub/ShooterSam/ShooterSam/Content/StarterBundle/ModularSciFiMats/Textures/T_Floor_E_normals.uasset" 3666
"F:/Users/mihai/Documents/GitHub/ShooterSam/ShooterSam/Content/StarterBundle/ModularSciFiMats/Textures/T_Floor_E_normals.uexp" 3667
"F:/Users/mihai/Documents/GitHub/ShooterSam/ShooterSam/Content/StarterBundle/ModularSciFiMats/Textures/T_Floor_E_M.ubulk" 3668
"F:/Users/mihai/Documents/GitHub/ShooterSam/ShooterSam/Content/StarterBundle/ModularSciFiMats/Textures/T_Floor_E_M.uasset" 3669
"F:/Users/mihai/Documents/GitHub/ShooterSam/ShooterSam/Content/StarterBundle/ModularSciFiMats/Textures/T_Floor_E_M.uexp" 3670
"F:/Users/mihai/Documents/GitHub/ShooterSam/ShooterSam/Content/StarterBundle/ModularSciFiMats/Textures/T_Floor_E_diff.ubulk" 3671
"F:/Users/mihai/Documents/GitHub/ShooterSam/ShooterSam/Content/StarterBundle/ModularSciFiMats/Textures/T_Floor_E_diff.uasset" 3672
"F:/Users/mihai/Documents/GitHub/ShooterSam/ShooterSam/Content/StarterBundle/ModularSciFiMats/Textures/T_Floor_E_diff.uexp" 3673
"F:/Users/mihai/Documents/GitHub/ShooterSam/ShooterSam/Content/StarterBundle/ModularSciFiMats/Textures/T_Floor_A_normals.ubulk" 3674
"F:/Users/mihai/Documents/GitHub/ShooterSam/ShooterSam/Content/StarterBundle/ModularSciFiMats/Textures/T_Floor_A_normals.uasset" 3675
"F:/Users/mihai/Documents/GitHub/ShooterSam/ShooterSam/Content/StarterBundle/ModularSciFiMats/Textures/T_Floor_A_normals.uexp" 3676
"F:/Users/mihai/Documents/GitHub/ShooterSam/ShooterSam/Content/StarterBundle/ModularSciFiMats/Textures/T_Floor_A_M.ubulk" 3677
"F:/Users/mihai/Documents/GitHub/ShooterSam/ShooterSam/Content/StarterBundle/ModularSciFiMats/Textures/T_Floor_A_M.uasset" 3678
"F:/Users/mihai/Documents/GitHub/ShooterSam/ShooterSam/Content/StarterBundle/ModularSciFiMats/Textures/T_Floor_A_M.uexp" 3679
"F:/Users/mihai/Documents/GitHub/ShooterSam/ShooterSam/Content/StarterBundle/ModularSciFiMats/Textures/T_Floor_A_diff.ubulk" 3680
"F:/Users/mihai/Documents/GitHub/ShooterSam/ShooterSam/Content/StarterBundle/ModularSciFiMats/Textures/T_Floor_A_diff.uasset" 3681
"F:/Users/mihai/Documents/GitHub/ShooterSam/ShooterSam/Content/StarterBundle/ModularSciFiMats/Textures/T_Floor_A_diff.uexp" 3682
"F:/Users/mihai/Documents/GitHub/ShooterSam/ShooterSam/Content/StarterBundle/ModularSciFiMats/Materials/M_Base_Tile_Scr.uasset" 3683
"F:/Users/mihai/Documents/GitHub/ShooterSam/ShooterSam/Content/StarterBundle/ModularSciFiMats/Materials/M_Base_Tile_Scr.uexp" 3684
"F:/Users/mihai/Documents/GitHub/ShooterSam/ShooterSam/Content/StarterBundle/ModularSciFiMats/Materials/Instances/MI_Floor_E_Scr.uasset" 3685
"F:/Users/mihai/Documents/GitHub/ShooterSam/ShooterSam/Content/StarterBundle/ModularSciFiMats/Materials/Instances/MI_Floor_E_Scr.uexp" 3686
"F:/Users/mihai/Documents/GitHub/ShooterSam/ShooterSam/Content/StarterBundle/ModularSciFiMats/Textures/T_Ceiling_A_normals.ubulk" 3687
"F:/Users/mihai/Documents/GitHub/ShooterSam/ShooterSam/Content/StarterBundle/ModularSciFiMats/Textures/T_Ceiling_A_normals.uasset" 3688
"F:/Users/mihai/Documents/GitHub/ShooterSam/ShooterSam/Content/StarterBundle/ModularSciFiMats/Textures/T_Ceiling_A_normals.uexp" 3689
"F:/Users/mihai/Documents/GitHub/ShooterSam/ShooterSam/Content/StarterBundle/ModularSciFiMats/Textures/T_Ceiling_A_ML.ubulk" 3690
"F:/Users/mihai/Documents/GitHub/ShooterSam/ShooterSam/Content/StarterBundle/ModularSciFiMats/Textures/T_Ceiling_A_ML.uasset" 3691
"F:/Users/mihai/Documents/GitHub/ShooterSam/ShooterSam/Content/StarterBundle/ModularSciFiMats/Textures/T_Ceiling_A_ML.uexp" 3692
"F:/Users/mihai/Documents/GitHub/ShooterSam/ShooterSam/Content/StarterBundle/ModularSciFiMats/Textures/T_Ceiling_A_Diff.ubulk" 3693
"F:/Users/mihai/Documents/GitHub/ShooterSam/ShooterSam/Content/StarterBundle/ModularSciFiMats/Textures/T_Ceiling_A_Diff.uasset" 3694
"F:/Users/mihai/Documents/GitHub/ShooterSam/ShooterSam/Content/StarterBundle/ModularSciFiMats/Textures/T_Ceiling_A_Diff.uexp" 3695
"F:/Users/mihai/Documents/GitHub/ShooterSam/ShooterSam/Content/StarterBundle/ModularSciFiMats/Materials/Instances/MI_Ceiling_A.uasset" 3696
"F:/Users/mihai/Documents/GitHub/ShooterSam/ShooterSam/Content/StarterBundle/ModularSciFiMats/Materials/Instances/MI_Ceiling_A.uexp" 3697
"F:/Users/mihai/Documents/GitHub/ShooterSam/ShooterSam/Content/StarterBundle/ModularSciFiMats/Textures/Decals/T_Base_M.uasset" 3698
"F:/Users/mihai/Documents/GitHub/ShooterSam/ShooterSam/Content/StarterBundle/ModularSciFiMats/Textures/Decals/T_Base_M.uexp" 3699
"F:/Users/mihai/Documents/GitHub/ShooterSam/ShooterSam/Content/StarterBundle/ModularSciFiMats/Textures/Decals/Floor/T_FloorSquare_A_M.uasset" 3700
"F:/Users/mihai/Documents/GitHub/ShooterSam/ShooterSam/Content/StarterBundle/ModularSciFiMats/Textures/Decals/Floor/T_FloorSquare_A_M.uexp" 3701
"F:/Users/mihai/Documents/GitHub/ShooterSam/ShooterSam/Content/StarterBundle/ModularSciFiMats/Textures/Decals/Floor/T_FloorSquare_A.uasset" 3702
"F:/Users/mihai/Documents/GitHub/ShooterSam/ShooterSam/Content/StarterBundle/ModularSciFiMats/Textures/Decals/Floor/T_FloorSquare_A.uexp" 3703
"F:/Users/mihai/Documents/GitHub/ShooterSam/ShooterSam/Content/StarterBundle/ModularSciFiMats/Materials/Decals/M_Decal_Base.uasset" 3704
"F:/Users/mihai/Documents/GitHub/ShooterSam/ShooterSam/Content/StarterBundle/ModularSciFiMats/Materials/Decals/M_Decal_Base.uexp" 3705
"F:/Users/mihai/Documents/GitHub/ShooterSam/ShooterSam/Content/StarterBundle/ModularSciFiMats/Textures/Decals/Text/Words/T_Supplies.uasset" 3706
"F:/Users/mihai/Documents/GitHub/ShooterSam/ShooterSam/Content/StarterBundle/ModularSciFiMats/Textures/Decals/Text/Words/T_Supplies.uexp" 3707
"F:/Users/mihai/Documents/GitHub/ShooterSam/ShooterSam/Content/StarterBundle/ModularSciFiMats/Materials/Decals/Words/MI_Supplies.uasset" 3708
"F:/Users/mihai/Documents/GitHub/ShooterSam/ShooterSam/Content/StarterBundle/ModularSciFiMats/Materials/Decals/Words/MI_Supplies.uexp" 3709
"F:/Users/mihai/Documents/GitHub/ShooterSam/ShooterSam/Content/StarterBundle/ModularSciFiMats/Textures/Decals/Text/Words/T_Station.uasset" 3710
"F:/Users/mihai/Documents/GitHub/ShooterSam/ShooterSam/Content/StarterBundle/ModularSciFiMats/Textures/Decals/Text/Words/T_Station.uexp" 3711
"F:/Users/mihai/Documents/GitHub/ShooterSam/ShooterSam/Content/StarterBundle/ModularSciFiMats/Materials/Decals/Words/MI_Station2.uasset" 3712
"F:/Users/mihai/Documents/GitHub/ShooterSam/ShooterSam/Content/StarterBundle/ModularSciFiMats/Materials/Decals/Words/MI_Station2.uexp" 3713
"F:/Users/mihai/Documents/GitHub/ShooterSam/ShooterSam/Content/StarterBundle/ModularSciFiMats/Materials/Decals/Words/MI_Station.uasset" 3714
"F:/Users/mihai/Documents/GitHub/ShooterSam/ShooterSam/Content/StarterBundle/ModularSciFiMats/Materials/Decals/Words/MI_Station.uexp" 3715
"F:/Users/mihai/Documents/GitHub/ShooterSam/ShooterSam/Content/StarterBundle/ModularSciFiMats/Textures/Decals/Text/Words/T_StandClear.uasset" 3716
"F:/Users/mihai/Documents/GitHub/ShooterSam/ShooterSam/Content/StarterBundle/ModularSciFiMats/Textures/Decals/Text/Words/T_StandClear.uexp" 3717
"F:/Users/mihai/Documents/GitHub/ShooterSam/ShooterSam/Content/StarterBundle/ModularSciFiMats/Materials/Decals/Words/MI_StandClear.uasset" 3718
"F:/Users/mihai/Documents/GitHub/ShooterSam/ShooterSam/Content/StarterBundle/ModularSciFiMats/Materials/Decals/Words/MI_StandClear.uexp" 3719
"F:/Users/mihai/Documents/GitHub/ShooterSam/ShooterSam/Content/StarterBundle/ModularSciFiMats/Textures/Decals/Text/Words/T_RestrictedArea.uasset" 3720
"F:/Users/mihai/Documents/GitHub/ShooterSam/ShooterSam/Content/StarterBundle/ModularSciFiMats/Textures/Decals/Text/Words/T_RestrictedArea.uexp" 3721
"F:/Users/mihai/Documents/GitHub/ShooterSam/ShooterSam/Content/StarterBundle/ModularSciFiMats/Materials/Decals/Words/MI_RestrictedArea2.uasset" 3722
"F:/Users/mihai/Documents/GitHub/ShooterSam/ShooterSam/Content/StarterBundle/ModularSciFiMats/Materials/Decals/Words/MI_RestrictedArea2.uexp" 3723
"F:/Users/mihai/Documents/GitHub/ShooterSam/ShooterSam/Content/StarterBundle/ModularSciFiMats/Textures/Decals/Text/Words/T_RestrictedArea_Scr_OM.uasset" 3724
"F:/Users/mihai/Documents/GitHub/ShooterSam/ShooterSam/Content/StarterBundle/ModularSciFiMats/Textures/Decals/Text/Words/T_RestrictedArea_Scr_OM.uexp" 3725
"F:/Users/mihai/Documents/GitHub/ShooterSam/ShooterSam/Content/StarterBundle/ModularSciFiMats/Materials/Decals/Words/MI_RestrictedArea.uasset" 3726
"F:/Users/mihai/Documents/GitHub/ShooterSam/ShooterSam/Content/StarterBundle/ModularSciFiMats/Materials/Decals/Words/MI_RestrictedArea.uexp" 3727
"F:/Users/mihai/Documents/GitHub/ShooterSam/ShooterSam/Content/StarterBundle/ModularSciFiMats/Textures/Decals/Text/Words/T_Office.uasset" 3728
"F:/Users/mihai/Documents/GitHub/ShooterSam/ShooterSam/Content/StarterBundle/ModularSciFiMats/Textures/Decals/Text/Words/T_Office.uexp" 3729
"F:/Users/mihai/Documents/GitHub/ShooterSam/ShooterSam/Content/StarterBundle/ModularSciFiMats/Materials/Decals/Words/MI_Office.uasset" 3730
"F:/Users/mihai/Documents/GitHub/ShooterSam/ShooterSam/Content/StarterBundle/ModularSciFiMats/Materials/Decals/Words/MI_Office.uexp" 3731
"F:/Users/mihai/Documents/GitHub/ShooterSam/ShooterSam/Content/StarterBundle/ModularSciFiMats/Textures/Decals/Text/Words/T_Observation.uasset" 3732
"F:/Users/mihai/Documents/GitHub/ShooterSam/ShooterSam/Content/StarterBundle/ModularSciFiMats/Textures/Decals/Text/Words/T_Observation.uexp" 3733
"F:/Users/mihai/Documents/GitHub/ShooterSam/ShooterSam/Content/StarterBundle/ModularSciFiMats/Materials/Decals/Words/MI_Observation.uasset" 3734
"F:/Users/mihai/Documents/GitHub/ShooterSam/ShooterSam/Content/StarterBundle/ModularSciFiMats/Materials/Decals/Words/MI_Observation.uexp" 3735
"F:/Users/mihai/Documents/GitHub/ShooterSam/ShooterSam/Content/StarterBundle/ModularSciFiMats/Textures/Decals/Text/Words/T_Maintenance.uasset" 3736
"F:/Users/mihai/Documents/GitHub/ShooterSam/ShooterSam/Content/StarterBundle/ModularSciFiMats/Textures/Decals/Text/Words/T_Maintenance.uexp" 3737
"F:/Users/mihai/Documents/GitHub/ShooterSam/ShooterSam/Content/StarterBundle/ModularSciFiMats/Materials/Decals/Words/MI_Maintenance.uasset" 3738
"F:/Users/mihai/Documents/GitHub/ShooterSam/ShooterSam/Content/StarterBundle/ModularSciFiMats/Materials/Decals/Words/MI_Maintenance.uexp" 3739
"F:/Users/mihai/Documents/GitHub/ShooterSam/ShooterSam/Content/StarterBundle/ModularSciFiMats/Textures/Decals/Text/Words/T_Engineering_Scr_OM.uasset" 3740
"F:/Users/mihai/Documents/GitHub/ShooterSam/ShooterSam/Content/StarterBundle/ModularSciFiMats/Textures/Decals/Text/Words/T_Engineering_Scr_OM.uexp" 3741
"F:/Users/mihai/Documents/GitHub/ShooterSam/ShooterSam/Content/StarterBundle/ModularSciFiMats/Textures/Decals/Text/Words/T_Engineering.uasset" 3742
"F:/Users/mihai/Documents/GitHub/ShooterSam/ShooterSam/Content/StarterBundle/ModularSciFiMats/Textures/Decals/Text/Words/T_Engineering.uexp" 3743
"F:/Users/mihai/Documents/GitHub/ShooterSam/ShooterSam/Content/StarterBundle/ModularSciFiMats/Materials/Decals/Words/MI_Engineering_Scr.uasset" 3744
"F:/Users/mihai/Documents/GitHub/ShooterSam/ShooterSam/Content/StarterBundle/ModularSciFiMats/Materials/Decals/Words/MI_Engineering_Scr.uexp" 3745
"F:/Users/mihai/Documents/GitHub/ShooterSam/ShooterSam/Content/StarterBundle/ModularSciFiMats/Materials/Decals/Words/MI_Engineering.uasset" 3746
"F:/Users/mihai/Documents/GitHub/ShooterSam/ShooterSam/Content/StarterBundle/ModularSciFiMats/Materials/Decals/Words/MI_Engineering.uexp" 3747
"F:/Users/mihai/Documents/GitHub/ShooterSam/ShooterSam/Content/StarterBundle/ModularSciFiMats/Textures/Decals/Text/Words/T_Control.uasset" 3748
"F:/Users/mihai/Documents/GitHub/ShooterSam/ShooterSam/Content/StarterBundle/ModularSciFiMats/Textures/Decals/Text/Words/T_Control.uexp" 3749
"F:/Users/mihai/Documents/GitHub/ShooterSam/ShooterSam/Content/StarterBundle/ModularSciFiMats/Materials/Decals/Words/MI_Control.uasset" 3750
"F:/Users/mihai/Documents/GitHub/ShooterSam/ShooterSam/Content/StarterBundle/ModularSciFiMats/Materials/Decals/Words/MI_Control.uexp" 3751
"F:/Users/mihai/Documents/GitHub/ShooterSam/ShooterSam/Content/StarterBundle/ModularSciFiMats/Textures/Decals/Text/Words/T_Containment_Scr_OM.uasset" 3752
"F:/Users/mihai/Documents/GitHub/ShooterSam/ShooterSam/Content/StarterBundle/ModularSciFiMats/Textures/Decals/Text/Words/T_Containment_Scr_OM.uexp" 3753
"F:/Users/mihai/Documents/GitHub/ShooterSam/ShooterSam/Content/StarterBundle/ModularSciFiMats/Textures/Decals/Text/Words/T_Containment.uasset" 3754
"F:/Users/mihai/Documents/GitHub/ShooterSam/ShooterSam/Content/StarterBundle/ModularSciFiMats/Textures/Decals/Text/Words/T_Containment.uexp" 3755
"F:/Users/mihai/Documents/GitHub/ShooterSam/ShooterSam/Content/StarterBundle/ModularSciFiMats/Materials/Decals/Words/MI_Containment2.uasset" 3756
"F:/Users/mihai/Documents/GitHub/ShooterSam/ShooterSam/Content/StarterBundle/ModularSciFiMats/Materials/Decals/Words/MI_Containment2.uexp" 3757
"F:/Users/mihai/Documents/GitHub/ShooterSam/ShooterSam/Content/StarterBundle/ModularSciFiMats/Materials/Decals/Words/MI_Containment.uasset" 3758
"F:/Users/mihai/Documents/GitHub/ShooterSam/ShooterSam/Content/StarterBundle/ModularSciFiMats/Materials/Decals/Words/MI_Containment.uexp" 3759
"F:/Users/mihai/Documents/GitHub/ShooterSam/ShooterSam/Content/StarterBundle/ModularSciFiMats/Textures/Decals/Text/Words/T_Caution.uasset" 3760
"F:/Users/mihai/Documents/GitHub/ShooterSam/ShooterSam/Content/StarterBundle/ModularSciFiMats/Textures/Decals/Text/Words/T_Caution.uexp" 3761
"F:/Users/mihai/Documents/GitHub/ShooterSam/ShooterSam/Content/StarterBundle/ModularSciFiMats/Materials/Decals/Words/MI_Caution2.uasset" 3762
"F:/Users/mihai/Documents/GitHub/ShooterSam/ShooterSam/Content/StarterBundle/ModularSciFiMats/Materials/Decals/Words/MI_Caution2.uexp" 3763
"F:/Users/mihai/Documents/GitHub/ShooterSam/ShooterSam/Content/StarterBundle/ModularSciFiMats/Textures/Decals/Text/Words/T_Bridge.uasset" 3764
"F:/Users/mihai/Documents/GitHub/ShooterSam/ShooterSam/Content/StarterBundle/ModularSciFiMats/Textures/Decals/Text/Words/T_Bridge.uexp" 3765
"F:/Users/mihai/Documents/GitHub/ShooterSam/ShooterSam/Content/StarterBundle/ModularSciFiMats/Materials/Decals/Words/MI_Bridge2.uasset" 3766
"F:/Users/mihai/Documents/GitHub/ShooterSam/ShooterSam/Content/StarterBundle/ModularSciFiMats/Materials/Decals/Words/MI_Bridge2.uexp" 3767
"F:/Users/mihai/Documents/GitHub/ShooterSam/ShooterSam/Content/StarterBundle/ModularSciFiMats/Materials/Decals/Words/MI_Bridge.uasset" 3768
"F:/Users/mihai/Documents/GitHub/ShooterSam/ShooterSam/Content/StarterBundle/ModularSciFiMats/Materials/Decals/Words/MI_Bridge.uexp" 3769
"F:/Users/mihai/Documents/GitHub/ShooterSam/ShooterSam/Content/StarterBundle/ModularSciFiMats/Textures/Decals/Text/Words/T_Arrivals.uasset" 3770
"F:/Users/mihai/Documents/GitHub/ShooterSam/ShooterSam/Content/StarterBundle/ModularSciFiMats/Textures/Decals/Text/Words/T_Arrivals.uexp" 3771
"F:/Users/mihai/Documents/GitHub/ShooterSam/ShooterSam/Content/StarterBundle/ModularSciFiMats/Materials/Decals/Words/MI_Arrivals2.uasset" 3772
"F:/Users/mihai/Documents/GitHub/ShooterSam/ShooterSam/Content/StarterBundle/ModularSciFiMats/Materials/Decals/Words/MI_Arrivals2.uexp" 3773
"F:/Users/mihai/Documents/GitHub/ShooterSam/ShooterSam/Content/StarterBundle/ModularSciFiMats/Materials/Decals/Words/MI_Arrivals.uasset" 3774
"F:/Users/mihai/Documents/GitHub/ShooterSam/ShooterSam/Content/StarterBundle/ModularSciFiMats/Materials/Decals/Words/MI_Arrivals.uexp" 3775
"F:/Users/mihai/Documents/GitHub/ShooterSam/ShooterSam/Content/StarterBundle/ModularSciFiMats/Textures/Decals/Text/Words/T_Area_Scr_OM.uasset" 3776
"F:/Users/mihai/Documents/GitHub/ShooterSam/ShooterSam/Content/StarterBundle/ModularSciFiMats/Textures/Decals/Text/Words/T_Area_Scr_OM.uexp" 3777
"F:/Users/mihai/Documents/GitHub/ShooterSam/ShooterSam/Content/StarterBundle/ModularSciFiMats/Textures/Decals/Text/Words/T_Area.uasset" 3778
"F:/Users/mihai/Documents/GitHub/ShooterSam/ShooterSam/Content/StarterBundle/ModularSciFiMats/Textures/Decals/Text/Words/T_Area.uexp" 3779
"F:/Users/mihai/Documents/GitHub/ShooterSam/ShooterSam/Content/StarterBundle/ModularSciFiMats/Materials/Decals/Words/MI_Area2.uasset" 3780
"F:/Users/mihai/Documents/GitHub/ShooterSam/ShooterSam/Content/StarterBundle/ModularSciFiMats/Materials/Decals/Words/MI_Area2.uexp" 3781
"F:/Users/mihai/Documents/GitHub/ShooterSam/ShooterSam/Content/StarterBundle/ModularSciFiMats/Materials/Decals/Words/MI_Area.uasset" 3782
"F:/Users/mihai/Documents/GitHub/ShooterSam/ShooterSam/Content/StarterBundle/ModularSciFiMats/Materials/Decals/Words/MI_Area.uexp" 3783
"F:/Users/mihai/Documents/GitHub/ShooterSam/ShooterSam/Content/StarterBundle/ModularSciFiMats/Textures/Decals/Text/T_Text_Dash.uasset" 3784
"F:/Users/mihai/Documents/GitHub/ShooterSam/ShooterSam/Content/StarterBundle/ModularSciFiMats/Textures/Decals/Text/T_Text_Dash.uexp" 3785
"F:/Users/mihai/Documents/GitHub/ShooterSam/ShooterSam/Content/StarterBundle/ModularSciFiMats/Materials/Decals/Text/MI_Text_Dash.uasset" 3786
"F:/Users/mihai/Documents/GitHub/ShooterSam/ShooterSam/Content/StarterBundle/ModularSciFiMats/Materials/Decals/Text/MI_Text_Dash.uexp" 3787
"F:/Users/mihai/Documents/GitHub/ShooterSam/ShooterSam/Content/StarterBundle/ModularSciFiMats/Textures/Decals/Text/T_Text_D_Scr_OM.uasset" 3788
"F:/Users/mihai/Documents/GitHub/ShooterSam/ShooterSam/Content/StarterBundle/ModularSciFiMats/Textures/Decals/Text/T_Text_D_Scr_OM.uexp" 3789
"F:/Users/mihai/Documents/GitHub/ShooterSam/ShooterSam/Content/StarterBundle/ModularSciFiMats/Textures/Decals/Text/T_Text_D.uasset" 3790
"F:/Users/mihai/Documents/GitHub/ShooterSam/ShooterSam/Content/StarterBundle/ModularSciFiMats/Textures/Decals/Text/T_Text_D.uexp" 3791
"F:/Users/mihai/Documents/GitHub/ShooterSam/ShooterSam/Content/StarterBundle/ModularSciFiMats/Materials/Decals/Text/MI_Text_D2.uasset" 3792
"F:/Users/mihai/Documents/GitHub/ShooterSam/ShooterSam/Content/StarterBundle/ModularSciFiMats/Materials/Decals/Text/MI_Text_D2.uexp" 3793
"F:/Users/mihai/Documents/GitHub/ShooterSam/ShooterSam/Content/StarterBundle/ModularSciFiMats/Materials/Decals/Text/MI_Text_D.uasset" 3794
"F:/Users/mihai/Documents/GitHub/ShooterSam/ShooterSam/Content/StarterBundle/ModularSciFiMats/Materials/Decals/Text/MI_Text_D.uexp" 3795
"F:/Users/mihai/Documents/GitHub/ShooterSam/ShooterSam/Content/StarterBundle/ModularSciFiMats/Textures/Decals/Text/T_Text_B.uasset" 3796
"F:/Users/mihai/Documents/GitHub/ShooterSam/ShooterSam/Content/StarterBundle/ModularSciFiMats/Textures/Decals/Text/T_Text_B.uexp" 3797
"F:/Users/mihai/Documents/GitHub/ShooterSam/ShooterSam/Content/StarterBundle/ModularSciFiMats/Materials/Decals/Text/MI_Text_B2.uasset" 3798
"F:/Users/mihai/Documents/GitHub/ShooterSam/ShooterSam/Content/StarterBundle/ModularSciFiMats/Materials/Decals/Text/MI_Text_B2.uexp" 3799
"F:/Users/mihai/Documents/GitHub/ShooterSam/ShooterSam/Content/StarterBundle/ModularSciFiMats/Materials/Decals/Text/MI_Text_B.uasset" 3800
"F:/Users/mihai/Documents/GitHub/ShooterSam/ShooterSam/Content/StarterBundle/ModularSciFiMats/Materials/Decals/Text/MI_Text_B.uexp" 3801
"F:/Users/mihai/Documents/GitHub/ShooterSam/ShooterSam/Content/StarterBundle/ModularSciFiMats/Textures/Decals/Text/T_Text_1.uasset" 3802
"F:/Users/mihai/Documents/GitHub/ShooterSam/ShooterSam/Content/StarterBundle/ModularSciFiMats/Textures/Decals/Text/T_Text_1.uexp" 3803
"F:/Users/mihai/Documents/GitHub/ShooterSam/ShooterSam/Content/StarterBundle/ModularSciFiMats/Materials/Decals/Text/MI_Text_1.uasset" 3804
"F:/Users/mihai/Documents/GitHub/ShooterSam/ShooterSam/Content/StarterBundle/ModularSciFiMats/Materials/Decals/Text/MI_Text_1.uexp" 3805
"F:/Users/mihai/Documents/GitHub/ShooterSam/ShooterSam/Content/StarterBundle/ModularSciFiMats/Textures/Decals/Text/T_Text_2.uasset" 3806
"F:/Users/mihai/Documents/GitHub/ShooterSam/ShooterSam/Content/StarterBundle/ModularSciFiMats/Textures/Decals/Text/T_Text_2.uexp" 3807
"F:/Users/mihai/Documents/GitHub/ShooterSam/ShooterSam/Content/StarterBundle/ModularSciFiMats/Materials/Decals/Text/MI_Text_2.uasset" 3808
"F:/Users/mihai/Documents/GitHub/ShooterSam/ShooterSam/Content/StarterBundle/ModularSciFiMats/Materials/Decals/Text/MI_Text_2.uexp" 3809
"F:/Users/mihai/Documents/GitHub/ShooterSam/ShooterSam/Content/StarterBundle/ModularSciFiMats/Textures/Decals/Text/T_Text_3.uasset" 3810
"F:/Users/mihai/Documents/GitHub/ShooterSam/ShooterSam/Content/StarterBundle/ModularSciFiMats/Textures/Decals/Text/T_Text_3.uexp" 3811
"F:/Users/mihai/Documents/GitHub/ShooterSam/ShooterSam/Content/StarterBundle/ModularSciFiMats/Materials/Decals/Text/MI_Text_3.uasset" 3812
"F:/Users/mihai/Documents/GitHub/ShooterSam/ShooterSam/Content/StarterBundle/ModularSciFiMats/Materials/Decals/Text/MI_Text_3.uexp" 3813
"F:/Users/mihai/Documents/GitHub/ShooterSam/ShooterSam/Content/StarterBundle/ModularSciFiMats/Textures/Decals/Text/T_Text_4.uasset" 3814
"F:/Users/mihai/Documents/GitHub/ShooterSam/ShooterSam/Content/StarterBundle/ModularSciFiMats/Textures/Decals/Text/T_Text_4.uexp" 3815
"F:/Users/mihai/Documents/GitHub/ShooterSam/ShooterSam/Content/StarterBundle/ModularSciFiMats/Materials/Decals/Text/MI_Text_4.uasset" 3816
"F:/Users/mihai/Documents/GitHub/ShooterSam/ShooterSam/Content/StarterBundle/ModularSciFiMats/Materials/Decals/Text/MI_Text_4.uexp" 3817
"F:/Users/mihai/Documents/GitHub/ShooterSam/ShooterSam/Content/StarterBundle/ModularSciFiMats/Textures/Decals/Text/T_Text_5.uasset" 3818
"F:/Users/mihai/Documents/GitHub/ShooterSam/ShooterSam/Content/StarterBundle/ModularSciFiMats/Textures/Decals/Text/T_Text_5.uexp" 3819
"F:/Users/mihai/Documents/GitHub/ShooterSam/ShooterSam/Content/StarterBundle/ModularSciFiMats/Materials/Decals/Text/MI_Text_5.uasset" 3820
"F:/Users/mihai/Documents/GitHub/ShooterSam/ShooterSam/Content/StarterBundle/ModularSciFiMats/Materials/Decals/Text/MI_Text_5.uexp" 3821
"F:/Users/mihai/Documents/GitHub/ShooterSam/ShooterSam/Content/StarterBundle/ModularSciFiMats/Materials/Decals/Text/MI_Text_5c.uasset" 3822
"F:/Users/mihai/Documents/GitHub/ShooterSam/ShooterSam/Content/StarterBundle/ModularSciFiMats/Materials/Decals/Text/MI_Text_5c.uexp" 3823
"F:/Users/mihai/Documents/GitHub/ShooterSam/ShooterSam/Content/StarterBundle/ModularSciFiMats/Textures/Decals/Text/T_Text_5_Scr_OM.uasset" 3824
"F:/Users/mihai/Documents/GitHub/ShooterSam/ShooterSam/Content/StarterBundle/ModularSciFiMats/Textures/Decals/Text/T_Text_5_Scr_OM.uexp" 3825
"F:/Users/mihai/Documents/GitHub/ShooterSam/ShooterSam/Content/StarterBundle/ModularSciFiMats/Materials/Decals/Text/MI_Text_5b.uasset" 3826
"F:/Users/mihai/Documents/GitHub/ShooterSam/ShooterSam/Content/StarterBundle/ModularSciFiMats/Materials/Decals/Text/MI_Text_5b.uexp" 3827
"F:/Users/mihai/Documents/GitHub/ShooterSam/ShooterSam/Content/StarterBundle/ModularSciFiMats/Materials/Decals/Text/MI_Text_4c.uasset" 3828
"F:/Users/mihai/Documents/GitHub/ShooterSam/ShooterSam/Content/StarterBundle/ModularSciFiMats/Materials/Decals/Text/MI_Text_4c.uexp" 3829
"F:/Users/mihai/Documents/GitHub/ShooterSam/ShooterSam/Content/StarterBundle/ModularSciFiMats/Textures/Decals/Text/T_Text_4_Scr_OM.uasset" 3830
"F:/Users/mihai/Documents/GitHub/ShooterSam/ShooterSam/Content/StarterBundle/ModularSciFiMats/Textures/Decals/Text/T_Text_4_Scr_OM.uexp" 3831
"F:/Users/mihai/Documents/GitHub/ShooterSam/ShooterSam/Content/StarterBundle/ModularSciFiMats/Materials/Decals/Text/MI_Text_4b.uasset" 3832
"F:/Users/mihai/Documents/GitHub/ShooterSam/ShooterSam/Content/StarterBundle/ModularSciFiMats/Materials/Decals/Text/MI_Text_4b.uexp" 3833
"F:/Users/mihai/Documents/GitHub/ShooterSam/ShooterSam/Content/StarterBundle/ModularSciFiMats/Materials/Decals/Text/MI_Text_3c.uasset" 3834
"F:/Users/mihai/Documents/GitHub/ShooterSam/ShooterSam/Content/StarterBundle/ModularSciFiMats/Materials/Decals/Text/MI_Text_3c.uexp" 3835
"F:/Users/mihai/Documents/GitHub/ShooterSam/ShooterSam/Content/StarterBundle/ModularSciFiMats/Materials/Decals/Text/MI_Text_3b.uasset" 3836
"F:/Users/mihai/Documents/GitHub/ShooterSam/ShooterSam/Content/StarterBundle/ModularSciFiMats/Materials/Decals/Text/MI_Text_3b.uexp" 3837
"F:/Users/mihai/Documents/GitHub/ShooterSam/ShooterSam/Content/StarterBundle/ModularSciFiMats/Materials/Decals/Text/MI_Text_2c.uasset" 3838
"F:/Users/mihai/Documents/GitHub/ShooterSam/ShooterSam/Content/StarterBundle/ModularSciFiMats/Materials/Decals/Text/MI_Text_2c.uexp" 3839
"F:/Users/mihai/Documents/GitHub/ShooterSam/ShooterSam/Content/StarterBundle/ModularSciFiMats/Materials/Decals/Text/MI_Text_2b.uasset" 3840
"F:/Users/mihai/Documents/GitHub/ShooterSam/ShooterSam/Content/StarterBundle/ModularSciFiMats/Materials/Decals/Text/MI_Text_2b.uexp" 3841
"F:/Users/mihai/Documents/GitHub/ShooterSam/ShooterSam/Content/StarterBundle/ModularSciFiMats/Textures/Decals/Text/T_Square_D_M.uasset" 3842
"F:/Users/mihai/Documents/GitHub/ShooterSam/ShooterSam/Content/StarterBundle/ModularSciFiMats/Textures/Decals/Text/T_Square_D_M.uexp" 3843
"F:/Users/mihai/Documents/GitHub/ShooterSam/ShooterSam/Content/StarterBundle/ModularSciFiMats/Textures/Decals/Text/T_Square_D.uasset" 3844
"F:/Users/mihai/Documents/GitHub/ShooterSam/ShooterSam/Content/StarterBundle/ModularSciFiMats/Textures/Decals/Text/T_Square_D.uexp" 3845
"F:/Users/mihai/Documents/GitHub/ShooterSam/ShooterSam/Content/StarterBundle/ModularSciFiMats/Materials/Decals/Text/MI_Square_D.uasset" 3846
"F:/Users/mihai/Documents/GitHub/ShooterSam/ShooterSam/Content/StarterBundle/ModularSciFiMats/Materials/Decals/Text/MI_Square_D.uexp" 3847
"F:/Users/mihai/Documents/GitHub/ShooterSam/ShooterSam/Content/StarterBundle/ModularSciFiMats/Textures/Decals/Stripes/T_Stripe_H_Scr_OM.uasset" 3848
"F:/Users/mihai/Documents/GitHub/ShooterSam/ShooterSam/Content/StarterBundle/ModularSciFiMats/Textures/Decals/Stripes/T_Stripe_H_Scr_OM.uexp" 3849
"F:/Users/mihai/Documents/GitHub/ShooterSam/ShooterSam/Content/StarterBundle/ModularSciFiMats/Textures/Decals/Stripes/T_Stripe_H_M.uasset" 3850
"F:/Users/mihai/Documents/GitHub/ShooterSam/ShooterSam/Content/StarterBundle/ModularSciFiMats/Textures/Decals/Stripes/T_Stripe_H_M.uexp" 3851
"F:/Users/mihai/Documents/GitHub/ShooterSam/ShooterSam/Content/StarterBundle/ModularSciFiMats/Textures/Decals/Stripes/T_Stripe_H.uasset" 3852
"F:/Users/mihai/Documents/GitHub/ShooterSam/ShooterSam/Content/StarterBundle/ModularSciFiMats/Textures/Decals/Stripes/T_Stripe_H.uexp" 3853
"F:/Users/mihai/Documents/GitHub/ShooterSam/ShooterSam/Content/StarterBundle/ModularSciFiMats/Materials/Decals/Stripes/MI_Stripe_H_Scr.uasset" 3854
"F:/Users/mihai/Documents/GitHub/ShooterSam/ShooterSam/Content/StarterBundle/ModularSciFiMats/Materials/Decals/Stripes/MI_Stripe_H_Scr.uexp" 3855
"F:/Users/mihai/Documents/GitHub/ShooterSam/ShooterSam/Content/StarterBundle/ModularSciFiMats/Textures/Decals/Stripes/T_Stripe_G_M.uasset" 3856
"F:/Users/mihai/Documents/GitHub/ShooterSam/ShooterSam/Content/StarterBundle/ModularSciFiMats/Textures/Decals/Stripes/T_Stripe_G_M.uexp" 3857
"F:/Users/mihai/Documents/GitHub/ShooterSam/ShooterSam/Content/StarterBundle/ModularSciFiMats/Textures/Decals/Stripes/T_Stripe_G.uasset" 3858
"F:/Users/mihai/Documents/GitHub/ShooterSam/ShooterSam/Content/StarterBundle/ModularSciFiMats/Textures/Decals/Stripes/T_Stripe_G.uexp" 3859
"F:/Users/mihai/Documents/GitHub/ShooterSam/ShooterSam/Content/StarterBundle/ModularSciFiMats/Materials/Decals/Stripes/MI_Stripe_G2.uasset" 3860
"F:/Users/mihai/Documents/GitHub/ShooterSam/ShooterSam/Content/StarterBundle/ModularSciFiMats/Materials/Decals/Stripes/MI_Stripe_G2.uexp" 3861
"F:/Users/mihai/Documents/GitHub/ShooterSam/ShooterSam/Content/StarterBundle/ModularSciFiMats/Materials/Decals/Stripes/MI_Stripe_G.uasset" 3862
"F:/Users/mihai/Documents/GitHub/ShooterSam/ShooterSam/Content/StarterBundle/ModularSciFiMats/Materials/Decals/Stripes/MI_Stripe_G.uexp" 3863
"F:/Users/mihai/Documents/GitHub/ShooterSam/ShooterSam/Content/StarterBundle/ModularSciFiMats/Textures/Decals/Stripes/T_Stripe_F_Scr_OM.uasset" 3864
"F:/Users/mihai/Documents/GitHub/ShooterSam/ShooterSam/Content/StarterBundle/ModularSciFiMats/Textures/Decals/Stripes/T_Stripe_F_Scr_OM.uexp" 3865
"F:/Users/mihai/Documents/GitHub/ShooterSam/ShooterSam/Content/StarterBundle/ModularSciFiMats/Textures/Decals/Stripes/T_Stripe_F.uasset" 3866
"F:/Users/mihai/Documents/GitHub/ShooterSam/ShooterSam/Content/StarterBundle/ModularSciFiMats/Textures/Decals/Stripes/T_Stripe_F.uexp" 3867
"F:/Users/mihai/Documents/GitHub/ShooterSam/ShooterSam/Content/StarterBundle/ModularSciFiMats/Materials/Decals/Stripes/MI_Stripe_F_Scr.uasset" 3868
"F:/Users/mihai/Documents/GitHub/ShooterSam/ShooterSam/Content/StarterBundle/ModularSciFiMats/Materials/Decals/Stripes/MI_Stripe_F_Scr.uexp" 3869
"F:/Users/mihai/Documents/GitHub/ShooterSam/ShooterSam/Content/StarterBundle/ModularSciFiMats/Textures/Decals/Stripes/T_Stripe_F_Cnr_M.uasset" 3870
"F:/Users/mihai/Documents/GitHub/ShooterSam/ShooterSam/Content/StarterBundle/ModularSciFiMats/Textures/Decals/Stripes/T_Stripe_F_Cnr_M.uexp" 3871
"F:/Users/mihai/Documents/GitHub/ShooterSam/ShooterSam/Content/StarterBundle/ModularSciFiMats/Textures/Decals/Stripes/T_Stripe_F_Cnr.uasset" 3872
"F:/Users/mihai/Documents/GitHub/ShooterSam/ShooterSam/Content/StarterBundle/ModularSciFiMats/Textures/Decals/Stripes/T_Stripe_F_Cnr.uexp" 3873
"F:/Users/mihai/Documents/GitHub/ShooterSam/ShooterSam/Content/StarterBundle/ModularSciFiMats/Materials/Decals/Stripes/MI_Stripe_F_Cnr.uasset" 3874
"F:/Users/mihai/Documents/GitHub/ShooterSam/ShooterSam/Content/StarterBundle/ModularSciFiMats/Materials/Decals/Stripes/MI_Stripe_F_Cnr.uexp" 3875
"F:/Users/mihai/Documents/GitHub/ShooterSam/ShooterSam/Content/StarterBundle/ModularSciFiMats/Materials/Decals/Stripes/MI_Stripe_F2.uasset" 3876
"F:/Users/mihai/Documents/GitHub/ShooterSam/ShooterSam/Content/StarterBundle/ModularSciFiMats/Materials/Decals/Stripes/MI_Stripe_F2.uexp" 3877
"F:/Users/mihai/Documents/GitHub/ShooterSam/ShooterSam/Content/StarterBundle/ModularSciFiMats/Materials/Decals/Stripes/MI_Stripe_F.uasset" 3878
"F:/Users/mihai/Documents/GitHub/ShooterSam/ShooterSam/Content/StarterBundle/ModularSciFiMats/Materials/Decals/Stripes/MI_Stripe_F.uexp" 3879
"F:/Users/mihai/Documents/GitHub/ShooterSam/ShooterSam/Content/StarterBundle/ModularSciFiMats/Textures/Decals/Stripes/T_Stripe_E_Scr_OM.uasset" 3880
"F:/Users/mihai/Documents/GitHub/ShooterSam/ShooterSam/Content/StarterBundle/ModularSciFiMats/Textures/Decals/Stripes/T_Stripe_E_Scr_OM.uexp" 3881
"F:/Users/mihai/Documents/GitHub/ShooterSam/ShooterSam/Content/StarterBundle/ModularSciFiMats/Textures/Decals/Stripes/T_Stripe_E_M.uasset" 3882
"F:/Users/mihai/Documents/GitHub/ShooterSam/ShooterSam/Content/StarterBundle/ModularSciFiMats/Textures/Decals/Stripes/T_Stripe_E_M.uexp" 3883
"F:/Users/mihai/Documents/GitHub/ShooterSam/ShooterSam/Content/StarterBundle/ModularSciFiMats/Textures/Decals/Stripes/T_Stripe_E.uasset" 3884
"F:/Users/mihai/Documents/GitHub/ShooterSam/ShooterSam/Content/StarterBundle/ModularSciFiMats/Textures/Decals/Stripes/T_Stripe_E.uexp" 3885
"F:/Users/mihai/Documents/GitHub/ShooterSam/ShooterSam/Content/StarterBundle/ModularSciFiMats/Materials/Decals/Stripes/MI_Stripe_E_Scr.uasset" 3886
"F:/Users/mihai/Documents/GitHub/ShooterSam/ShooterSam/Content/StarterBundle/ModularSciFiMats/Materials/Decals/Stripes/MI_Stripe_E_Scr.uexp" 3887
"F:/Users/mihai/Documents/GitHub/ShooterSam/ShooterSam/Content/StarterBundle/ModularSciFiMats/Materials/Decals/Stripes/MI_Stripe_E.uasset" 3888
"F:/Users/mihai/Documents/GitHub/ShooterSam/ShooterSam/Content/StarterBundle/ModularSciFiMats/Materials/Decals/Stripes/MI_Stripe_E.uexp" 3889
"F:/Users/mihai/Documents/GitHub/ShooterSam/ShooterSam/Content/StarterBundle/ModularSciFiMats/Textures/Decals/Stripes/T_Stripe_B_M.uasset" 3890
"F:/Users/mihai/Documents/GitHub/ShooterSam/ShooterSam/Content/StarterBundle/ModularSciFiMats/Textures/Decals/Stripes/T_Stripe_B_M.uexp" 3891
"F:/Users/mihai/Documents/GitHub/ShooterSam/ShooterSam/Content/StarterBundle/ModularSciFiMats/Textures/Decals/Stripes/T_Stripe_B.uasset" 3892
"F:/Users/mihai/Documents/GitHub/ShooterSam/ShooterSam/Content/StarterBundle/ModularSciFiMats/Textures/Decals/Stripes/T_Stripe_B.uexp" 3893
"F:/Users/mihai/Documents/GitHub/ShooterSam/ShooterSam/Content/StarterBundle/ModularSciFiMats/Materials/Decals/Stripes/MI_Stripe_B.uasset" 3894
"F:/Users/mihai/Documents/GitHub/ShooterSam/ShooterSam/Content/StarterBundle/ModularSciFiMats/Materials/Decals/Stripes/MI_Stripe_B.uexp" 3895
"F:/Users/mihai/Documents/GitHub/ShooterSam/ShooterSam/Content/StarterBundle/ModularSciFiMats/Textures/Decals/Stripes/T_Stripe_A_Scr_OM.uasset" 3896
"F:/Users/mihai/Documents/GitHub/ShooterSam/ShooterSam/Content/StarterBundle/ModularSciFiMats/Textures/Decals/Stripes/T_Stripe_A_Scr_OM.uexp" 3897
"F:/Users/mihai/Documents/GitHub/ShooterSam/ShooterSam/Content/StarterBundle/ModularSciFiMats/Textures/Decals/Stripes/T_Stripe_A_M.uasset" 3898
"F:/Users/mihai/Documents/GitHub/ShooterSam/ShooterSam/Content/StarterBundle/ModularSciFiMats/Textures/Decals/Stripes/T_Stripe_A_M.uexp" 3899
"F:/Users/mihai/Documents/GitHub/ShooterSam/ShooterSam/Content/StarterBundle/ModularSciFiMats/Textures/Decals/Stripes/T_Stripe_A.uasset" 3900
"F:/Users/mihai/Documents/GitHub/ShooterSam/ShooterSam/Content/StarterBundle/ModularSciFiMats/Textures/Decals/Stripes/T_Stripe_A.uexp" 3901
"F:/Users/mihai/Documents/GitHub/ShooterSam/ShooterSam/Content/StarterBundle/ModularSciFiMats/Materials/Decals/Stripes/MI_Stripe_A_Scr.uasset" 3902
"F:/Users/mihai/Documents/GitHub/ShooterSam/ShooterSam/Content/StarterBundle/ModularSciFiMats/Materials/Decals/Stripes/MI_Stripe_A_Scr.uexp" 3903
"F:/Users/mihai/Documents/GitHub/ShooterSam/ShooterSam/Content/StarterBundle/ModularSciFiMats/Materials/Decals/Stripes/MI_Stripe_A.uasset" 3904
"F:/Users/mihai/Documents/GitHub/ShooterSam/ShooterSam/Content/StarterBundle/ModularSciFiMats/Materials/Decals/Stripes/MI_Stripe_A.uexp" 3905
"F:/Users/mihai/Documents/GitHub/ShooterSam/ShooterSam/Content/StarterBundle/ModularSciFiMats/Textures/Decals/Signs/T_WarningSign_OM.uasset" 3906
"F:/Users/mihai/Documents/GitHub/ShooterSam/ShooterSam/Content/StarterBundle/ModularSciFiMats/Textures/Decals/Signs/T_WarningSign_OM.uexp" 3907
"F:/Users/mihai/Documents/GitHub/ShooterSam/ShooterSam/Content/StarterBundle/ModularSciFiMats/Textures/Decals/Signs/T_SafetyFirst.uasset" 3908
"F:/Users/mihai/Documents/GitHub/ShooterSam/ShooterSam/Content/StarterBundle/ModularSciFiMats/Textures/Decals/Signs/T_SafetyFirst.uexp" 3909
"F:/Users/mihai/Documents/GitHub/ShooterSam/ShooterSam/Content/StarterBundle/ModularSciFiMats/Materials/Decals/Signs/MI_SafetyFirst.uasset" 3910
"F:/Users/mihai/Documents/GitHub/ShooterSam/ShooterSam/Content/StarterBundle/ModularSciFiMats/Materials/Decals/Signs/MI_SafetyFirst.uexp" 3911
"F:/Users/mihai/Documents/GitHub/ShooterSam/ShooterSam/Content/StarterBundle/ModularSciFiMats/Textures/Decals/Signs/T_DangerVoltage.uasset" 3912
"F:/Users/mihai/Documents/GitHub/ShooterSam/ShooterSam/Content/StarterBundle/ModularSciFiMats/Textures/Decals/Signs/T_DangerVoltage.uexp" 3913
"F:/Users/mihai/Documents/GitHub/ShooterSam/ShooterSam/Content/StarterBundle/ModularSciFiMats/Materials/Decals/Signs/MI_DangerVoltage.uasset" 3914
"F:/Users/mihai/Documents/GitHub/ShooterSam/ShooterSam/Content/StarterBundle/ModularSciFiMats/Materials/Decals/Signs/MI_DangerVoltage.uexp" 3915
"F:/Users/mihai/Documents/GitHub/ShooterSam/ShooterSam/Content/StarterBundle/ModularSciFiMats/Textures/Decals/Signs/T_DangerSign.uasset" 3916
"F:/Users/mihai/Documents/GitHub/ShooterSam/ShooterSam/Content/StarterBundle/ModularSciFiMats/Textures/Decals/Signs/T_DangerSign.uexp" 3917
"F:/Users/mihai/Documents/GitHub/ShooterSam/ShooterSam/Content/StarterBundle/ModularSciFiMats/Materials/Decals/Signs/MI_DangerSign.uasset" 3918
"F:/Users/mihai/Documents/GitHub/ShooterSam/ShooterSam/Content/StarterBundle/ModularSciFiMats/Materials/Decals/Signs/MI_DangerSign.uexp" 3919
"F:/Users/mihai/Documents/GitHub/ShooterSam/ShooterSam/Content/StarterBundle/ModularSciFiMats/Textures/Decals/Signs/T_CautionTriangle_B.uasset" 3920
"F:/Users/mihai/Documents/GitHub/ShooterSam/ShooterSam/Content/StarterBundle/ModularSciFiMats/Textures/Decals/Signs/T_CautionTriangle_B.uexp" 3921
"F:/Users/mihai/Documents/GitHub/ShooterSam/ShooterSam/Content/StarterBundle/ModularSciFiMats/Materials/Decals/Signs/MI_CautionTriangle_B.uasset" 3922
"F:/Users/mihai/Documents/GitHub/ShooterSam/ShooterSam/Content/StarterBundle/ModularSciFiMats/Materials/Decals/Signs/MI_CautionTriangle_B.uexp" 3923
"F:/Users/mihai/Documents/GitHub/ShooterSam/ShooterSam/Content/StarterBundle/ModularSciFiMats/Textures/Decals/Signs/T_CautionTriangle.uasset" 3924
"F:/Users/mihai/Documents/GitHub/ShooterSam/ShooterSam/Content/StarterBundle/ModularSciFiMats/Textures/Decals/Signs/T_CautionTriangle.uexp" 3925
"F:/Users/mihai/Documents/GitHub/ShooterSam/ShooterSam/Content/StarterBundle/ModularSciFiMats/Materials/Decals/Signs/MI_CautionSign.uasset" 3926
"F:/Users/mihai/Documents/GitHub/ShooterSam/ShooterSam/Content/StarterBundle/ModularSciFiMats/Materials/Decals/Signs/MI_CautionSign.uexp" 3927
"F:/Users/mihai/Documents/GitHub/ShooterSam/ShooterSam/Content/StarterBundle/ModularSciFiMats/Textures/Decals/Shapes/T_Square_D.uasset" 3928
"F:/Users/mihai/Documents/GitHub/ShooterSam/ShooterSam/Content/StarterBundle/ModularSciFiMats/Textures/Decals/Shapes/T_Square_D.uexp" 3929
"F:/Users/mihai/Documents/GitHub/ShooterSam/ShooterSam/Content/StarterBundle/ModularSciFiMats/Materials/Decals/Shapes/MI_Square_D.uasset" 3930
"F:/Users/mihai/Documents/GitHub/ShooterSam/ShooterSam/Content/StarterBundle/ModularSciFiMats/Materials/Decals/Shapes/MI_Square_D.uexp" 3931
"F:/Users/mihai/Documents/GitHub/ShooterSam/ShooterSam/Content/StarterBundle/ModularSciFiMats/Textures/Decals/Shapes/T_Square_C.uasset" 3932
"F:/Users/mihai/Documents/GitHub/ShooterSam/ShooterSam/Content/StarterBundle/ModularSciFiMats/Textures/Decals/Shapes/T_Square_C.uexp" 3933
"F:/Users/mihai/Documents/GitHub/ShooterSam/ShooterSam/Content/StarterBundle/ModularSciFiMats/Materials/Decals/Shapes/MI_Square_C_Yell2.uasset" 3934
"F:/Users/mihai/Documents/GitHub/ShooterSam/ShooterSam/Content/StarterBundle/ModularSciFiMats/Materials/Decals/Shapes/MI_Square_C_Yell2.uexp" 3935
"F:/Users/mihai/Documents/GitHub/ShooterSam/ShooterSam/Content/StarterBundle/ModularSciFiMats/Materials/Decals/Shapes/MI_Square_C_Red.uasset" 3936
"F:/Users/mihai/Documents/GitHub/ShooterSam/ShooterSam/Content/StarterBundle/ModularSciFiMats/Materials/Decals/Shapes/MI_Square_C_Red.uexp" 3937
"F:/Users/mihai/Documents/GitHub/ShooterSam/ShooterSam/Content/StarterBundle/ModularSciFiMats/Textures/Decals/Shapes/T_Square_AB_M.uasset" 3938
"F:/Users/mihai/Documents/GitHub/ShooterSam/ShooterSam/Content/StarterBundle/ModularSciFiMats/Textures/Decals/Shapes/T_Square_AB_M.uexp" 3939
"F:/Users/mihai/Documents/GitHub/ShooterSam/ShooterSam/Content/StarterBundle/ModularSciFiMats/Textures/Decals/Shapes/T_Square_A.uasset" 3940
"F:/Users/mihai/Documents/GitHub/ShooterSam/ShooterSam/Content/StarterBundle/ModularSciFiMats/Textures/Decals/Shapes/T_Square_A.uexp" 3941
"F:/Users/mihai/Documents/GitHub/ShooterSam/ShooterSam/Content/StarterBundle/ModularSciFiMats/Materials/Decals/Shapes/MI_Square_A_Scr2.uasset" 3942
"F:/Users/mihai/Documents/GitHub/ShooterSam/ShooterSam/Content/StarterBundle/ModularSciFiMats/Materials/Decals/Shapes/MI_Square_A_Scr2.uexp" 3943
"F:/Users/mihai/Documents/GitHub/ShooterSam/ShooterSam/Content/StarterBundle/ModularSciFiMats/Textures/Decals/Shapes/T_Square_A_Scr_OM.uasset" 3944
"F:/Users/mihai/Documents/GitHub/ShooterSam/ShooterSam/Content/StarterBundle/ModularSciFiMats/Textures/Decals/Shapes/T_Square_A_Scr_OM.uexp" 3945
"F:/Users/mihai/Documents/GitHub/ShooterSam/ShooterSam/Content/StarterBundle/ModularSciFiMats/Materials/Decals/Shapes/MI_Square_A_Scr.uasset" 3946
"F:/Users/mihai/Documents/GitHub/ShooterSam/ShooterSam/Content/StarterBundle/ModularSciFiMats/Materials/Decals/Shapes/MI_Square_A_Scr.uexp" 3947
"F:/Users/mihai/Documents/GitHub/ShooterSam/ShooterSam/Content/StarterBundle/ModularSciFiMats/Textures/Decals/Shapes/T_Rectangle_AB_M.uasset" 3948
"F:/Users/mihai/Documents/GitHub/ShooterSam/ShooterSam/Content/StarterBundle/ModularSciFiMats/Textures/Decals/Shapes/T_Rectangle_AB_M.uexp" 3949
"F:/Users/mihai/Documents/GitHub/ShooterSam/ShooterSam/Content/StarterBundle/ModularSciFiMats/Textures/Decals/Shapes/T_Rectangle_A.uasset" 3950
"F:/Users/mihai/Documents/GitHub/ShooterSam/ShooterSam/Content/StarterBundle/ModularSciFiMats/Textures/Decals/Shapes/T_Rectangle_A.uexp" 3951
"F:/Users/mihai/Documents/GitHub/ShooterSam/ShooterSam/Content/StarterBundle/ModularSciFiMats/Materials/Decals/Shapes/MI_Rectangle_A.uasset" 3952
"F:/Users/mihai/Documents/GitHub/ShooterSam/ShooterSam/Content/StarterBundle/ModularSciFiMats/Materials/Decals/Shapes/MI_Rectangle_A.uexp" 3953
"F:/Users/mihai/Documents/GitHub/ShooterSam/ShooterSam/Content/StarterBundle/ModularSciFiMats/Textures/Decals/Shapes/T_Circle_F_Scr_OM.uasset" 3954
"F:/Users/mihai/Documents/GitHub/ShooterSam/ShooterSam/Content/StarterBundle/ModularSciFiMats/Textures/Decals/Shapes/T_Circle_F_Scr_OM.uexp" 3955
"F:/Users/mihai/Documents/GitHub/ShooterSam/ShooterSam/Content/StarterBundle/ModularSciFiMats/Textures/Decals/Shapes/T_Circle_F.uasset" 3956
"F:/Users/mihai/Documents/GitHub/ShooterSam/ShooterSam/Content/StarterBundle/ModularSciFiMats/Textures/Decals/Shapes/T_Circle_F.uexp" 3957
"F:/Users/mihai/Documents/GitHub/ShooterSam/ShooterSam/Content/StarterBundle/ModularSciFiMats/Materials/Decals/Shapes/MI_Circle_F_Scr.uasset" 3958
"F:/Users/mihai/Documents/GitHub/ShooterSam/ShooterSam/Content/StarterBundle/ModularSciFiMats/Materials/Decals/Shapes/MI_Circle_F_Scr.uexp" 3959
"F:/Users/mihai/Documents/GitHub/ShooterSam/ShooterSam/Content/StarterBundle/ModularSciFiMats/Textures/Decals/Shapes/T_Circle_E_Scr_OM.uasset" 3960
"F:/Users/mihai/Documents/GitHub/ShooterSam/ShooterSam/Content/StarterBundle/ModularSciFiMats/Textures/Decals/Shapes/T_Circle_E_Scr_OM.uexp" 3961
"F:/Users/mihai/Documents/GitHub/ShooterSam/ShooterSam/Content/StarterBundle/ModularSciFiMats/Textures/Decals/Shapes/T_Circle_E.uasset" 3962
"F:/Users/mihai/Documents/GitHub/ShooterSam/ShooterSam/Content/StarterBundle/ModularSciFiMats/Textures/Decals/Shapes/T_Circle_E.uexp" 3963
"F:/Users/mihai/Documents/GitHub/ShooterSam/ShooterSam/Content/StarterBundle/ModularSciFiMats/Materials/Decals/Shapes/MI_Circle_E_Scr.uasset" 3964
"F:/Users/mihai/Documents/GitHub/ShooterSam/ShooterSam/Content/StarterBundle/ModularSciFiMats/Materials/Decals/Shapes/MI_Circle_E_Scr.uexp" 3965
"F:/Users/mihai/Documents/GitHub/ShooterSam/ShooterSam/Content/StarterBundle/ModularSciFiMats/Textures/Decals/Shapes/T_Circle_C.uasset" 3966
"F:/Users/mihai/Documents/GitHub/ShooterSam/ShooterSam/Content/StarterBundle/ModularSciFiMats/Textures/Decals/Shapes/T_Circle_C.uexp" 3967
"F:/Users/mihai/Documents/GitHub/ShooterSam/ShooterSam/Content/StarterBundle/ModularSciFiMats/Textures/Decals/Shapes/T_Circle_ABC_M.uasset" 3968
"F:/Users/mihai/Documents/GitHub/ShooterSam/ShooterSam/Content/StarterBundle/ModularSciFiMats/Textures/Decals/Shapes/T_Circle_ABC_M.uexp" 3969
"F:/Users/mihai/Documents/GitHub/ShooterSam/ShooterSam/Content/StarterBundle/ModularSciFiMats/Materials/Decals/Shapes/MI_Circle_C.uasset" 3970
"F:/Users/mihai/Documents/GitHub/ShooterSam/ShooterSam/Content/StarterBundle/ModularSciFiMats/Materials/Decals/Shapes/MI_Circle_C.uexp" 3971
"F:/Users/mihai/Documents/GitHub/ShooterSam/ShooterSam/Content/StarterBundle/ModularSciFiMats/Textures/Decals/Floor/T_FloorSquare_A_Scra_OM.uasset" 3972
"F:/Users/mihai/Documents/GitHub/ShooterSam/ShooterSam/Content/StarterBundle/ModularSciFiMats/Textures/Decals/Floor/T_FloorSquare_A_Scra_OM.uexp" 3973
"F:/Users/mihai/Documents/GitHub/ShooterSam/ShooterSam/Content/StarterBundle/ModularSciFiMats/Materials/Decals/Floor/MI_SquareFloor_A2.uasset" 3974
"F:/Users/mihai/Documents/GitHub/ShooterSam/ShooterSam/Content/StarterBundle/ModularSciFiMats/Materials/Decals/Floor/MI_SquareFloor_A2.uexp" 3975
"F:/Users/mihai/Documents/GitHub/ShooterSam/ShooterSam/Content/StarterBundle/ModularSciFiMats/Materials/Decals/Floor/MI_SquareFloor_A.uasset" 3976
"F:/Users/mihai/Documents/GitHub/ShooterSam/ShooterSam/Content/StarterBundle/ModularSciFiMats/Materials/Decals/Floor/MI_SquareFloor_A.uexp" 3977
"F:/Users/mihai/Documents/GitHub/ShooterSam/ShooterSam/Content/StarterBundle/ModularSciFiMats/Textures/Decals/Floor/T_FloorRect_C.uasset" 3978
"F:/Users/mihai/Documents/GitHub/ShooterSam/ShooterSam/Content/StarterBundle/ModularSciFiMats/Textures/Decals/Floor/T_FloorRect_C.uexp" 3979
"F:/Users/mihai/Documents/GitHub/ShooterSam/ShooterSam/Content/StarterBundle/ModularSciFiMats/Materials/Decals/Floor/MI_FloorRect_C.uasset" 3980
"F:/Users/mihai/Documents/GitHub/ShooterSam/ShooterSam/Content/StarterBundle/ModularSciFiMats/Materials/Decals/Floor/MI_FloorRect_C.uexp" 3981
"F:/Users/mihai/Documents/GitHub/ShooterSam/ShooterSam/Content/StarterBundle/ModularSciFiMats/Textures/Decals/Corners/T_Corner_A_Scr_OM.uasset" 3982
"F:/Users/mihai/Documents/GitHub/ShooterSam/ShooterSam/Content/StarterBundle/ModularSciFiMats/Textures/Decals/Corners/T_Corner_A_Scr_OM.uexp" 3983
"F:/Users/mihai/Documents/GitHub/ShooterSam/ShooterSam/Content/StarterBundle/ModularSciFiMats/Textures/Decals/Corners/T_Corner_A.uasset" 3984
"F:/Users/mihai/Documents/GitHub/ShooterSam/ShooterSam/Content/StarterBundle/ModularSciFiMats/Textures/Decals/Corners/T_Corner_A.uexp" 3985
"F:/Users/mihai/Documents/GitHub/ShooterSam/ShooterSam/Content/StarterBundle/ModularSciFiMats/Materials/Decals/Corners/MI_Corner_A_Scr.uasset" 3986
"F:/Users/mihai/Documents/GitHub/ShooterSam/ShooterSam/Content/StarterBundle/ModularSciFiMats/Materials/Decals/Corners/MI_Corner_A_Scr.uexp" 3987
"F:/Users/mihai/Documents/GitHub/ShooterSam/ShooterSam/Content/StarterBundle/ModularSciFiMats/Materials/Decals/Corners/MI_Corner_A.uasset" 3988
"F:/Users/mihai/Documents/GitHub/ShooterSam/ShooterSam/Content/StarterBundle/ModularSciFiMats/Materials/Decals/Corners/MI_Corner_A.uexp" 3989
"F:/Users/mihai/Documents/GitHub/ShooterSam/ShooterSam/Content/StarterBundle/ModularSciFiMats/Textures/Decals/Arrows/T_Arrow_F.uasset" 3990
"F:/Users/mihai/Documents/GitHub/ShooterSam/ShooterSam/Content/StarterBundle/ModularSciFiMats/Textures/Decals/Arrows/T_Arrow_F.uexp" 3991
"F:/Users/mihai/Documents/GitHub/ShooterSam/ShooterSam/Content/StarterBundle/ModularSciFiMats/Materials/Decals/Arrows/MI_Arrow_F3.uasset" 3992
"F:/Users/mihai/Documents/GitHub/ShooterSam/ShooterSam/Content/StarterBundle/ModularSciFiMats/Materials/Decals/Arrows/MI_Arrow_F3.uexp" 3993
"F:/Users/mihai/Documents/GitHub/ShooterSam/ShooterSam/Content/StarterBundle/ModularSciFiMats/Materials/Decals/Arrows/MI_Arrow_F2.uasset" 3994
"F:/Users/mihai/Documents/GitHub/ShooterSam/ShooterSam/Content/StarterBundle/ModularSciFiMats/Materials/Decals/Arrows/MI_Arrow_F2.uexp" 3995
"F:/Users/mihai/Documents/GitHub/ShooterSam/ShooterSam/Content/StarterBundle/ModularSciFiMats/Textures/Decals/Arrows/T_Arrow_C.uasset" 3996
"F:/Users/mihai/Documents/GitHub/ShooterSam/ShooterSam/Content/StarterBundle/ModularSciFiMats/Textures/Decals/Arrows/T_Arrow_C.uexp" 3997
"F:/Users/mihai/Documents/GitHub/ShooterSam/ShooterSam/Content/StarterBundle/ModularSciFiMats/Materials/Decals/Arrows/MI_Arrow_C.uasset" 3998
"F:/Users/mihai/Documents/GitHub/ShooterSam/ShooterSam/Content/StarterBundle/ModularSciFiMats/Materials/Decals/Arrows/MI_Arrow_C.uexp" 3999
"F:/Users/mihai/Documents/GitHub/ShooterSam/ShooterSam/Content/StarterBundle/ModularSciFiMats/Textures/Decals/Arrows/T_Arrow_B_Scr_OM.uasset" 4000
"F:/Users/mihai/Documents/GitHub/ShooterSam/ShooterSam/Content/StarterBundle/ModularSciFiMats/Textures/Decals/Arrows/T_Arrow_B_Scr_OM.uexp" 4001
"F:/Users/mihai/Documents/GitHub/ShooterSam/ShooterSam/Content/StarterBundle/ModularSciFiMats/Textures/Decals/Arrows/T_Arrow_B.uasset" 4002
"F:/Users/mihai/Documents/GitHub/ShooterSam/ShooterSam/Content/StarterBundle/ModularSciFiMats/Textures/Decals/Arrows/T_Arrow_B.uexp" 4003
"F:/Users/mihai/Documents/GitHub/ShooterSam/ShooterSam/Content/StarterBundle/ModularSciFiMats/Materials/Decals/Arrows/MI_Arrow_B_Scr.uasset" 4004
"F:/Users/mihai/Documents/GitHub/ShooterSam/ShooterSam/Content/StarterBundle/ModularSciFiMats/Materials/Decals/Arrows/MI_Arrow_B_Scr.uexp" 4005
"F:/Users/mihai/Documents/GitHub/ShooterSam/ShooterSam/Content/StarterBundle/ModularSciFiMats/Materials/Decals/Arrows/MI_Arrow_B.uasset" 4006
"F:/Users/mihai/Documents/GitHub/ShooterSam/ShooterSam/Content/StarterBundle/ModularSciFiMats/Materials/Decals/Arrows/MI_Arrow_B.uexp" 4007
"F:/Users/mihai/Documents/GitHub/ShooterSam/ShooterSam/Content/StarterBundle/ModularSciFiMats/Textures/Decals/Arrows/T_Arrow_A.uasset" 4008
"F:/Users/mihai/Documents/GitHub/ShooterSam/ShooterSam/Content/StarterBundle/ModularSciFiMats/Textures/Decals/Arrows/T_Arrow_A.uexp" 4009
"F:/Users/mihai/Documents/GitHub/ShooterSam/ShooterSam/Content/StarterBundle/ModularSciFiMats/Materials/Decals/Arrows/MI_Arrow_A.uasset" 4010
"F:/Users/mihai/Documents/GitHub/ShooterSam/ShooterSam/Content/StarterBundle/ModularSciFiMats/Materials/Decals/Arrows/MI_Arrow_A.uexp" 4011
"F:/Users/mihai/Documents/GitHub/ShooterSam/ShooterSam/Content/StarterBundle/ModularScifiHallways/Textures/T_Smoke_Tiled_D.uasset" 4012
"F:/Users/mihai/Documents/GitHub/ShooterSam/ShooterSam/Content/StarterBundle/ModularScifiHallways/Textures/T_Smoke_Tiled_D.uexp" 4013
"F:/Users/mihai/Documents/GitHub/ShooterSam/ShooterSam/Content/StarterBundle/ModularScifiHallways/Textures/T_Smoke_SubUV.uasset" 4014
"F:/Users/mihai/Documents/GitHub/ShooterSam/ShooterSam/Content/StarterBundle/ModularScifiHallways/Textures/T_Smoke_SubUV.uexp" 4015
"F:/Users/mihai/Documents/GitHub/ShooterSam/ShooterSam/Content/StarterBundle/ModularScifiHallways/Particles/Materials/M_smoke_subUV.uasset" 4016
"F:/Users/mihai/Documents/GitHub/ShooterSam/ShooterSam/Content/StarterBundle/ModularScifiHallways/Particles/Materials/M_smoke_subUV.uexp" 4017
"F:/Users/mihai/Documents/GitHub/ShooterSam/ShooterSam/Content/StarterBundle/ModularScifiHallways/Particles/PS_Smoke_Promo2.uasset" 4018
"F:/Users/mihai/Documents/GitHub/ShooterSam/ShooterSam/Content/StarterBundle/ModularScifiHallways/Particles/PS_Smoke_Promo2.uexp" 4019
"F:/Users/mihai/Documents/GitHub/ShooterSam/ShooterSam/Content/StarterBundle/ModularScifiHallways/Particles/PS_Smoke_Promo.uasset" 4020
"F:/Users/mihai/Documents/GitHub/ShooterSam/ShooterSam/Content/StarterBundle/ModularScifiHallways/Particles/PS_Smoke_Promo.uexp" 4021
"F:/Users/mihai/Documents/GitHub/ShooterSam/ShooterSam/Content/StarterBundle/ModularScifiHallways/Textures/T_Pipes_A_N_normals.ubulk" 4022
"F:/Users/mihai/Documents/GitHub/ShooterSam/ShooterSam/Content/StarterBundle/ModularScifiHallways/Textures/T_Pipes_A_N_normals.uasset" 4023
"F:/Users/mihai/Documents/GitHub/ShooterSam/ShooterSam/Content/StarterBundle/ModularScifiHallways/Textures/T_Pipes_A_N_normals.uexp" 4024
"F:/Users/mihai/Documents/GitHub/ShooterSam/ShooterSam/Content/StarterBundle/ModularScifiHallways/Textures/T_Pipes_A_M.ubulk" 4025
"F:/Users/mihai/Documents/GitHub/ShooterSam/ShooterSam/Content/StarterBundle/ModularScifiHallways/Textures/T_Pipes_A_M.uasset" 4026
"F:/Users/mihai/Documents/GitHub/ShooterSam/ShooterSam/Content/StarterBundle/ModularScifiHallways/Textures/T_Pipes_A_M.uexp" 4027
"F:/Users/mihai/Documents/GitHub/ShooterSam/ShooterSam/Content/StarterBundle/ModularScifiHallways/Textures/T_Pipes_A_Diff.ubulk" 4028
"F:/Users/mihai/Documents/GitHub/ShooterSam/ShooterSam/Content/StarterBundle/ModularScifiHallways/Textures/T_Pipes_A_Diff.uasset" 4029
"F:/Users/mihai/Documents/GitHub/ShooterSam/ShooterSam/Content/StarterBundle/ModularScifiHallways/Textures/T_Pipes_A_Diff.uexp" 4030
"F:/Users/mihai/Documents/GitHub/ShooterSam/ShooterSam/Content/StarterBundle/ModularScifiHallways/Textures/T_Metal_Scratches_M.uasset" 4031
"F:/Users/mihai/Documents/GitHub/ShooterSam/ShooterSam/Content/StarterBundle/ModularScifiHallways/Textures/T_Metal_Scratches_M.uexp" 4032
"F:/Users/mihai/Documents/GitHub/ShooterSam/ShooterSam/Content/StarterBundle/ModularScifiHallways/Textures/T_Metal_Brushed_N.ubulk" 4033
"F:/Users/mihai/Documents/GitHub/ShooterSam/ShooterSam/Content/StarterBundle/ModularScifiHallways/Textures/T_Metal_Brushed_N.uasset" 4034
"F:/Users/mihai/Documents/GitHub/ShooterSam/ShooterSam/Content/StarterBundle/ModularScifiHallways/Textures/T_Metal_Brushed_N.uexp" 4035
"F:/Users/mihai/Documents/GitHub/ShooterSam/ShooterSam/Content/StarterBundle/ModularScifiHallways/Textures/T_DefaultLight_S.uasset" 4036
"F:/Users/mihai/Documents/GitHub/ShooterSam/ShooterSam/Content/StarterBundle/ModularScifiHallways/Textures/T_DefaultLight_S.uexp" 4037
"F:/Users/mihai/Documents/GitHub/ShooterSam/ShooterSam/Content/StarterBundle/ModularScifiHallways/Textures/T_Ceiling_A_Buffer_N_normals.ubulk" 4038
"F:/Users/mihai/Documents/GitHub/ShooterSam/ShooterSam/Content/StarterBundle/ModularScifiHallways/Textures/T_Ceiling_A_Buffer_N_normals.uasset" 4039
"F:/Users/mihai/Documents/GitHub/ShooterSam/ShooterSam/Content/StarterBundle/ModularScifiHallways/Textures/T_Ceiling_A_Buffer_N_normals.uexp" 4040
"F:/Users/mihai/Documents/GitHub/ShooterSam/ShooterSam/Content/StarterBundle/ModularScifiHallways/Textures/T_Ceiling_A_Buffer_M.ubulk" 4041
"F:/Users/mihai/Documents/GitHub/ShooterSam/ShooterSam/Content/StarterBundle/ModularScifiHallways/Textures/T_Ceiling_A_Buffer_M.uasset" 4042
"F:/Users/mihai/Documents/GitHub/ShooterSam/ShooterSam/Content/StarterBundle/ModularScifiHallways/Textures/T_Ceiling_A_Buffer_M.uexp" 4043
"F:/Users/mihai/Documents/GitHub/ShooterSam/ShooterSam/Content/StarterBundle/ModularScifiHallways/Textures/T_Ceiling_A_Buffer_Diff.ubulk" 4044
"F:/Users/mihai/Documents/GitHub/ShooterSam/ShooterSam/Content/StarterBundle/ModularScifiHallways/Textures/T_Ceiling_A_Buffer_Diff.uasset" 4045
"F:/Users/mihai/Documents/GitHub/ShooterSam/ShooterSam/Content/StarterBundle/ModularScifiHallways/Textures/T_Ceiling_A_Buffer_Diff.uexp" 4046
"F:/Users/mihai/Documents/GitHub/ShooterSam/ShooterSam/Content/StarterBundle/ModularScifiHallways/Materials/M_Base_2C.uasset" 4047
"F:/Users/mihai/Documents/GitHub/ShooterSam/ShooterSam/Content/StarterBundle/ModularScifiHallways/Materials/M_Base_2C.uexp" 4048
"F:/Users/mihai/Documents/GitHub/ShooterSam/ShooterSam/Content/StarterBundle/ModularScifiHallways/Materials/MI_Pipes_A_M.uasset" 4049
"F:/Users/mihai/Documents/GitHub/ShooterSam/ShooterSam/Content/StarterBundle/ModularScifiHallways/Materials/MI_Pipes_A_M.uexp" 4050
"F:/Users/mihai/Documents/GitHub/ShooterSam/ShooterSam/Content/StarterBundle/ModularScifiHallways/Meshes/SM_Pipes_GRP_C.ubulk" 4051
"F:/Users/mihai/Documents/GitHub/ShooterSam/ShooterSam/Content/StarterBundle/ModularScifiHallways/Meshes/SM_Pipes_GRP_C.uasset" 4052
"F:/Users/mihai/Documents/GitHub/ShooterSam/ShooterSam/Content/StarterBundle/ModularScifiHallways/Meshes/SM_Pipes_GRP_C.uexp" 4053
"F:/Users/mihai/Documents/GitHub/ShooterSam/ShooterSam/Content/StarterBundle/ModularScifiHallways/Meshes/SM_Pipes_GRP_B.ubulk" 4054
"F:/Users/mihai/Documents/GitHub/ShooterSam/ShooterSam/Content/StarterBundle/ModularScifiHallways/Meshes/SM_Pipes_GRP_B.uasset" 4055
"F:/Users/mihai/Documents/GitHub/ShooterSam/ShooterSam/Content/StarterBundle/ModularScifiHallways/Meshes/SM_Pipes_GRP_B.uexp" 4056
"F:/Users/mihai/Documents/GitHub/ShooterSam/ShooterSam/Content/StarterBundle/ModularScifiHallways/Meshes/SM_Pipes_GRP_A.ubulk" 4057
"F:/Users/mihai/Documents/GitHub/ShooterSam/ShooterSam/Content/StarterBundle/ModularScifiHallways/Meshes/SM_Pipes_GRP_A.uasset" 4058
"F:/Users/mihai/Documents/GitHub/ShooterSam/ShooterSam/Content/StarterBundle/ModularScifiHallways/Meshes/SM_Pipes_GRP_A.uexp" 4059
"F:/Users/mihai/Documents/GitHub/ShooterSam/ShooterSam/Content/StarterBundle/ModularScifiHallways/Textures/T_Trims_A_N_normals.ubulk" 4060
"F:/Users/mihai/Documents/GitHub/ShooterSam/ShooterSam/Content/StarterBundle/ModularScifiHallways/Textures/T_Trims_A_N_normals.uasset" 4061
"F:/Users/mihai/Documents/GitHub/ShooterSam/ShooterSam/Content/StarterBundle/ModularScifiHallways/Textures/T_Trims_A_N_normals.uexp" 4062
"F:/Users/mihai/Documents/GitHub/ShooterSam/ShooterSam/Content/StarterBundle/ModularScifiHallways/Textures/T_Trims_A_M.ubulk" 4063
"F:/Users/mihai/Documents/GitHub/ShooterSam/ShooterSam/Content/StarterBundle/ModularScifiHallways/Textures/T_Trims_A_M.uasset" 4064
"F:/Users/mihai/Documents/GitHub/ShooterSam/ShooterSam/Content/StarterBundle/ModularScifiHallways/Textures/T_Trims_A_M.uexp" 4065
"F:/Users/mihai/Documents/GitHub/ShooterSam/ShooterSam/Content/StarterBundle/ModularScifiHallways/Textures/T_Trims_A_Diff.ubulk" 4066
"F:/Users/mihai/Documents/GitHub/ShooterSam/ShooterSam/Content/StarterBundle/ModularScifiHallways/Textures/T_Trims_A_Diff.uasset" 4067
"F:/Users/mihai/Documents/GitHub/ShooterSam/ShooterSam/Content/StarterBundle/ModularScifiHallways/Textures/T_Trims_A_Diff.uexp" 4068
"F:/Users/mihai/Documents/GitHub/ShooterSam/ShooterSam/Content/StarterBundle/ModularScifiHallways/Materials/MI_Trims_A_M.uasset" 4069
"F:/Users/mihai/Documents/GitHub/ShooterSam/ShooterSam/Content/StarterBundle/ModularScifiHallways/Materials/MI_Trims_A_M.uexp" 4070
"F:/Users/mihai/Documents/GitHub/ShooterSam/ShooterSam/Content/StarterBundle/ModularScifiHallways/Textures/T_Trims_A_M_B.ubulk" 4071
"F:/Users/mihai/Documents/GitHub/ShooterSam/ShooterSam/Content/StarterBundle/ModularScifiHallways/Textures/T_Trims_A_M_B.uasset" 4072
"F:/Users/mihai/Documents/GitHub/ShooterSam/ShooterSam/Content/StarterBundle/ModularScifiHallways/Textures/T_Trims_A_M_B.uexp" 4073
"F:/Users/mihai/Documents/GitHub/ShooterSam/ShooterSam/Content/StarterBundle/ModularScifiHallways/Textures/T_Trims_A_Diff_B.ubulk" 4074
"F:/Users/mihai/Documents/GitHub/ShooterSam/ShooterSam/Content/StarterBundle/ModularScifiHallways/Textures/T_Trims_A_Diff_B.uasset" 4075
"F:/Users/mihai/Documents/GitHub/ShooterSam/ShooterSam/Content/StarterBundle/ModularScifiHallways/Textures/T_Trims_A_Diff_B.uexp" 4076
"F:/Users/mihai/Documents/GitHub/ShooterSam/ShooterSam/Content/StarterBundle/ModularScifiHallways/Materials/MI_Trims_AB_M.uasset" 4077
"F:/Users/mihai/Documents/GitHub/ShooterSam/ShooterSam/Content/StarterBundle/ModularScifiHallways/Materials/MI_Trims_AB_M.uexp" 4078
"F:/Users/mihai/Documents/GitHub/ShooterSam/ShooterSam/Content/StarterBundle/ModularScifiHallways/Textures/T_LightEmissive.ubulk" 4079
"F:/Users/mihai/Documents/GitHub/ShooterSam/ShooterSam/Content/StarterBundle/ModularScifiHallways/Textures/T_LightEmissive.uasset" 4080
"F:/Users/mihai/Documents/GitHub/ShooterSam/ShooterSam/Content/StarterBundle/ModularScifiHallways/Textures/T_LightEmissive.uexp" 4081
"F:/Users/mihai/Documents/GitHub/ShooterSam/ShooterSam/Content/StarterBundle/ModularScifiHallways/Materials/M_Lights_Base.uasset" 4082
"F:/Users/mihai/Documents/GitHub/ShooterSam/ShooterSam/Content/StarterBundle/ModularScifiHallways/Materials/M_Lights_Base.uexp" 4083
"F:/Users/mihai/Documents/GitHub/ShooterSam/ShooterSam/Content/StarterBundle/ModularScifiHallways/Materials/MI_Lights_Blue.uasset" 4084
"F:/Users/mihai/Documents/GitHub/ShooterSam/ShooterSam/Content/StarterBundle/ModularScifiHallways/Materials/MI_Lights_Blue.uexp" 4085
"F:/Users/mihai/Documents/GitHub/ShooterSam/ShooterSam/Content/StarterBundle/ModularScifiHallways/Meshes/SM_Light_B.ubulk" 4086
"F:/Users/mihai/Documents/GitHub/ShooterSam/ShooterSam/Content/StarterBundle/ModularScifiHallways/Meshes/SM_Light_B.uasset" 4087
"F:/Users/mihai/Documents/GitHub/ShooterSam/ShooterSam/Content/StarterBundle/ModularScifiHallways/Meshes/SM_Light_B.uexp" 4088
"F:/Users/mihai/Documents/GitHub/ShooterSam/ShooterSam/Content/StarterBundle/ModularScifiHallways/Meshes/SM_Light_A.ubulk" 4089
"F:/Users/mihai/Documents/GitHub/ShooterSam/ShooterSam/Content/StarterBundle/ModularScifiHallways/Meshes/SM_Light_A.uasset" 4090
"F:/Users/mihai/Documents/GitHub/ShooterSam/ShooterSam/Content/StarterBundle/ModularScifiHallways/Meshes/SM_Light_A.uexp" 4091
"F:/Users/mihai/Documents/GitHub/ShooterSam/ShooterSam/Content/StarterBundle/ModularScifiHallways/Textures/T_Hall_Wires_A_N_normals.ubulk" 4092
"F:/Users/mihai/Documents/GitHub/ShooterSam/ShooterSam/Content/StarterBundle/ModularScifiHallways/Textures/T_Hall_Wires_A_N_normals.uasset" 4093
"F:/Users/mihai/Documents/GitHub/ShooterSam/ShooterSam/Content/StarterBundle/ModularScifiHallways/Textures/T_Hall_Wires_A_N_normals.uexp" 4094
"F:/Users/mihai/Documents/GitHub/ShooterSam/ShooterSam/Content/StarterBundle/ModularScifiHallways/Textures/T_Hall_Wires_A_M.ubulk" 4095
"F:/Users/mihai/Documents/GitHub/ShooterSam/ShooterSam/Content/StarterBundle/ModularScifiHallways/Textures/T_Hall_Wires_A_M.uasset" 4096
"F:/Users/mihai/Documents/GitHub/ShooterSam/ShooterSam/Content/StarterBundle/ModularScifiHallways/Textures/T_Hall_Wires_A_M.uexp" 4097
"F:/Users/mihai/Documents/GitHub/ShooterSam/ShooterSam/Content/StarterBundle/ModularScifiHallways/Textures/T_Hall_Wires_A_Diff.ubulk" 4098
"F:/Users/mihai/Documents/GitHub/ShooterSam/ShooterSam/Content/StarterBundle/ModularScifiHallways/Textures/T_Hall_Wires_A_Diff.uasset" 4099
"F:/Users/mihai/Documents/GitHub/ShooterSam/ShooterSam/Content/StarterBundle/ModularScifiHallways/Textures/T_Hall_Wires_A_Diff.uexp" 4100
"F:/Users/mihai/Documents/GitHub/ShooterSam/ShooterSam/Content/StarterBundle/ModularScifiHallways/Materials/MI_Hall_Wires_A_M.uasset" 4101
"F:/Users/mihai/Documents/GitHub/ShooterSam/ShooterSam/Content/StarterBundle/ModularScifiHallways/Materials/MI_Hall_Wires_A_M.uexp" 4102
"F:/Users/mihai/Documents/GitHub/ShooterSam/ShooterSam/Content/StarterBundle/ModularScifiHallways/Textures/T_Wires_Diff_A.ubulk" 4103
"F:/Users/mihai/Documents/GitHub/ShooterSam/ShooterSam/Content/StarterBundle/ModularScifiHallways/Textures/T_Wires_Diff_A.uasset" 4104
"F:/Users/mihai/Documents/GitHub/ShooterSam/ShooterSam/Content/StarterBundle/ModularScifiHallways/Textures/T_Wires_Diff_A.uexp" 4105
"F:/Users/mihai/Documents/GitHub/ShooterSam/ShooterSam/Content/StarterBundle/ModularScifiHallways/Materials/M_Base_Wires.uasset" 4106
"F:/Users/mihai/Documents/GitHub/ShooterSam/ShooterSam/Content/StarterBundle/ModularScifiHallways/Materials/M_Base_Wires.uexp" 4107
"F:/Users/mihai/Documents/GitHub/ShooterSam/ShooterSam/Content/StarterBundle/ModularScifiHallways/Materials/MI_Wires_A.uasset" 4108
"F:/Users/mihai/Documents/GitHub/ShooterSam/ShooterSam/Content/StarterBundle/ModularScifiHallways/Materials/MI_Wires_A.uexp" 4109
"F:/Users/mihai/Documents/GitHub/ShooterSam/ShooterSam/Content/StarterBundle/ModularScifiHallways/Meshes/SM_Hall_Wires_B.ubulk" 4110
"F:/Users/mihai/Documents/GitHub/ShooterSam/ShooterSam/Content/StarterBundle/ModularScifiHallways/Meshes/SM_Hall_Wires_B.uasset" 4111
"F:/Users/mihai/Documents/GitHub/ShooterSam/ShooterSam/Content/StarterBundle/ModularScifiHallways/Meshes/SM_Hall_Wires_B.uexp" 4112
"F:/Users/mihai/Documents/GitHub/ShooterSam/ShooterSam/Content/StarterBundle/ModularScifiHallways/Meshes/SM_Hall_Wires_A.ubulk" 4113
"F:/Users/mihai/Documents/GitHub/ShooterSam/ShooterSam/Content/StarterBundle/ModularScifiHallways/Meshes/SM_Hall_Wires_A.uasset" 4114
"F:/Users/mihai/Documents/GitHub/ShooterSam/ShooterSam/Content/StarterBundle/ModularScifiHallways/Meshes/SM_Hall_Wires_A.uexp" 4115
"F:/Users/mihai/Documents/GitHub/ShooterSam/ShooterSam/Content/StarterBundle/ModularScifiHallways/Meshes/SM_Hall_Win_Rails_B.ubulk" 4116
"F:/Users/mihai/Documents/GitHub/ShooterSam/ShooterSam/Content/StarterBundle/ModularScifiHallways/Meshes/SM_Hall_Win_Rails_B.uasset" 4117
"F:/Users/mihai/Documents/GitHub/ShooterSam/ShooterSam/Content/StarterBundle/ModularScifiHallways/Meshes/SM_Hall_Win_Rails_B.uexp" 4118
"F:/Users/mihai/Documents/GitHub/ShooterSam/ShooterSam/Content/StarterBundle/ModularScifiHallways/Meshes/SM_Hall_Win_Rails_A.ubulk" 4119
"F:/Users/mihai/Documents/GitHub/ShooterSam/ShooterSam/Content/StarterBundle/ModularScifiHallways/Meshes/SM_Hall_Win_Rails_A.uasset" 4120
"F:/Users/mihai/Documents/GitHub/ShooterSam/ShooterSam/Content/StarterBundle/ModularScifiHallways/Meshes/SM_Hall_Win_Rails_A.uexp" 4121
"F:/Users/mihai/Documents/GitHub/ShooterSam/ShooterSam/Content/StarterBundle/ModularScifiHallways/Textures/T_Hall_Win_Flr_A_N_normals.ubulk" 4122
"F:/Users/mihai/Documents/GitHub/ShooterSam/ShooterSam/Content/StarterBundle/ModularScifiHallways/Textures/T_Hall_Win_Flr_A_N_normals.uasset" 4123
"F:/Users/mihai/Documents/GitHub/ShooterSam/ShooterSam/Content/StarterBundle/ModularScifiHallways/Textures/T_Hall_Win_Flr_A_N_normals.uexp" 4124
"F:/Users/mihai/Documents/GitHub/ShooterSam/ShooterSam/Content/StarterBundle/ModularScifiHallways/Textures/T_Hall_Win_Flr_A_M.ubulk" 4125
"F:/Users/mihai/Documents/GitHub/ShooterSam/ShooterSam/Content/StarterBundle/ModularScifiHallways/Textures/T_Hall_Win_Flr_A_M.uasset" 4126
"F:/Users/mihai/Documents/GitHub/ShooterSam/ShooterSam/Content/StarterBundle/ModularScifiHallways/Textures/T_Hall_Win_Flr_A_M.uexp" 4127
"F:/Users/mihai/Documents/GitHub/ShooterSam/ShooterSam/Content/StarterBundle/ModularScifiHallways/Textures/T_Hall_Win_Flr_A_Diff.ubulk" 4128
"F:/Users/mihai/Documents/GitHub/ShooterSam/ShooterSam/Content/StarterBundle/ModularScifiHallways/Textures/T_Hall_Win_Flr_A_Diff.uasset" 4129
"F:/Users/mihai/Documents/GitHub/ShooterSam/ShooterSam/Content/StarterBundle/ModularScifiHallways/Textures/T_Hall_Win_Flr_A_Diff.uexp" 4130
"F:/Users/mihai/Documents/GitHub/ShooterSam/ShooterSam/Content/StarterBundle/ModularScifiHallways/Materials/MI_Hall_Win_Flr_A_M.uasset" 4131
"F:/Users/mihai/Documents/GitHub/ShooterSam/ShooterSam/Content/StarterBundle/ModularScifiHallways/Materials/MI_Hall_Win_Flr_A_M.uexp" 4132
"F:/Users/mihai/Documents/GitHub/ShooterSam/ShooterSam/Content/StarterBundle/ModularScifiHallways/Meshes/SM_Hall_Win_Floor_A.ubulk" 4133
"F:/Users/mihai/Documents/GitHub/ShooterSam/ShooterSam/Content/StarterBundle/ModularScifiHallways/Meshes/SM_Hall_Win_Floor_A.uasset" 4134
"F:/Users/mihai/Documents/GitHub/ShooterSam/ShooterSam/Content/StarterBundle/ModularScifiHallways/Meshes/SM_Hall_Win_Floor_A.uexp" 4135
"F:/Users/mihai/Documents/GitHub/ShooterSam/ShooterSam/Content/StarterBundle/ModularScifiHallways/Meshes/SM_Hall_Win_Ceiling.ubulk" 4136
"F:/Users/mihai/Documents/GitHub/ShooterSam/ShooterSam/Content/StarterBundle/ModularScifiHallways/Meshes/SM_Hall_Win_Ceiling.uasset" 4137
"F:/Users/mihai/Documents/GitHub/ShooterSam/ShooterSam/Content/StarterBundle/ModularScifiHallways/Meshes/SM_Hall_Win_Ceiling.uexp" 4138
"F:/Users/mihai/Documents/GitHub/ShooterSam/ShooterSam/Content/StarterBundle/ModularScifiHallways/Materials/M_Glass.uasset" 4139
"F:/Users/mihai/Documents/GitHub/ShooterSam/ShooterSam/Content/StarterBundle/ModularScifiHallways/Materials/M_Glass.uexp" 4140
"F:/Users/mihai/Documents/GitHub/ShooterSam/ShooterSam/Content/StarterBundle/ModularScifiHallways/Textures/T_Hall_Window_A_N_normals.ubulk" 4141
"F:/Users/mihai/Documents/GitHub/ShooterSam/ShooterSam/Content/StarterBundle/ModularScifiHallways/Textures/T_Hall_Window_A_N_normals.uasset" 4142
"F:/Users/mihai/Documents/GitHub/ShooterSam/ShooterSam/Content/StarterBundle/ModularScifiHallways/Textures/T_Hall_Window_A_N_normals.uexp" 4143
"F:/Users/mihai/Documents/GitHub/ShooterSam/ShooterSam/Content/StarterBundle/ModularScifiHallways/Textures/T_Hall_Window_A_M.ubulk" 4144
"F:/Users/mihai/Documents/GitHub/ShooterSam/ShooterSam/Content/StarterBundle/ModularScifiHallways/Textures/T_Hall_Window_A_M.uasset" 4145
"F:/Users/mihai/Documents/GitHub/ShooterSam/ShooterSam/Content/StarterBundle/ModularScifiHallways/Textures/T_Hall_Window_A_M.uexp" 4146
"F:/Users/mihai/Documents/GitHub/ShooterSam/ShooterSam/Content/StarterBundle/ModularScifiHallways/Textures/T_Hall_Window_A_Diff.ubulk" 4147
"F:/Users/mihai/Documents/GitHub/ShooterSam/ShooterSam/Content/StarterBundle/ModularScifiHallways/Textures/T_Hall_Window_A_Diff.uasset" 4148
"F:/Users/mihai/Documents/GitHub/ShooterSam/ShooterSam/Content/StarterBundle/ModularScifiHallways/Textures/T_Hall_Window_A_Diff.uexp" 4149
"F:/Users/mihai/Documents/GitHub/ShooterSam/ShooterSam/Content/StarterBundle/ModularScifiHallways/Materials/MI_Hall_Window_A_M.uasset" 4150
"F:/Users/mihai/Documents/GitHub/ShooterSam/ShooterSam/Content/StarterBundle/ModularScifiHallways/Materials/MI_Hall_Window_A_M.uexp" 4151
"F:/Users/mihai/Documents/GitHub/ShooterSam/ShooterSam/Content/StarterBundle/ModularScifiHallways/Meshes/SM_Hall_Window_A.ubulk" 4152
"F:/Users/mihai/Documents/GitHub/ShooterSam/ShooterSam/Content/StarterBundle/ModularScifiHallways/Meshes/SM_Hall_Window_A.uasset" 4153
"F:/Users/mihai/Documents/GitHub/ShooterSam/ShooterSam/Content/StarterBundle/ModularScifiHallways/Meshes/SM_Hall_Window_A.uexp" 4154
"F:/Users/mihai/Documents/GitHub/ShooterSam/ShooterSam/Content/StarterBundle/ModularScifiHallways/Textures/T_Hall_WDetails_A_N_normals.ubulk" 4155
"F:/Users/mihai/Documents/GitHub/ShooterSam/ShooterSam/Content/StarterBundle/ModularScifiHallways/Textures/T_Hall_WDetails_A_N_normals.uasset" 4156
"F:/Users/mihai/Documents/GitHub/ShooterSam/ShooterSam/Content/StarterBundle/ModularScifiHallways/Textures/T_Hall_WDetails_A_N_normals.uexp" 4157
"F:/Users/mihai/Documents/GitHub/ShooterSam/ShooterSam/Content/StarterBundle/ModularScifiHallways/Textures/T_Hall_WDetails_A_M.ubulk" 4158
"F:/Users/mihai/Documents/GitHub/ShooterSam/ShooterSam/Content/StarterBundle/ModularScifiHallways/Textures/T_Hall_WDetails_A_M.uasset" 4159
"F:/Users/mihai/Documents/GitHub/ShooterSam/ShooterSam/Content/StarterBundle/ModularScifiHallways/Textures/T_Hall_WDetails_A_M.uexp" 4160
"F:/Users/mihai/Documents/GitHub/ShooterSam/ShooterSam/Content/StarterBundle/ModularScifiHallways/Textures/T_Hall_WDetails_A_Diff.ubulk" 4161
"F:/Users/mihai/Documents/GitHub/ShooterSam/ShooterSam/Content/StarterBundle/ModularScifiHallways/Textures/T_Hall_WDetails_A_Diff.uasset" 4162
"F:/Users/mihai/Documents/GitHub/ShooterSam/ShooterSam/Content/StarterBundle/ModularScifiHallways/Textures/T_Hall_WDetails_A_Diff.uexp" 4163
"F:/Users/mihai/Documents/GitHub/ShooterSam/ShooterSam/Content/StarterBundle/ModularScifiHallways/Materials/MI_Hall_WDetails_A_M.uasset" 4164
"F:/Users/mihai/Documents/GitHub/ShooterSam/ShooterSam/Content/StarterBundle/ModularScifiHallways/Materials/MI_Hall_WDetails_A_M.uexp" 4165
"F:/Users/mihai/Documents/GitHub/ShooterSam/ShooterSam/Content/StarterBundle/ModularScifiHallways/Meshes/SM_Hall_WDetails_A.ubulk" 4166
"F:/Users/mihai/Documents/GitHub/ShooterSam/ShooterSam/Content/StarterBundle/ModularScifiHallways/Meshes/SM_Hall_WDetails_A.uasset" 4167
"F:/Users/mihai/Documents/GitHub/ShooterSam/ShooterSam/Content/StarterBundle/ModularScifiHallways/Meshes/SM_Hall_WDetails_A.uexp" 4168
"F:/Users/mihai/Documents/GitHub/ShooterSam/ShooterSam/Content/StarterBundle/ModularScifiHallways/Textures/T_Hall_Wall_C_N_normals.ubulk" 4169
"F:/Users/mihai/Documents/GitHub/ShooterSam/ShooterSam/Content/StarterBundle/ModularScifiHallways/Textures/T_Hall_Wall_C_N_normals.uasset" 4170
"F:/Users/mihai/Documents/GitHub/ShooterSam/ShooterSam/Content/StarterBundle/ModularScifiHallways/Textures/T_Hall_Wall_C_N_normals.uexp" 4171
"F:/Users/mihai/Documents/GitHub/ShooterSam/ShooterSam/Content/StarterBundle/ModularScifiHallways/Textures/T_Hall_Wall_C_M.ubulk" 4172
"F:/Users/mihai/Documents/GitHub/ShooterSam/ShooterSam/Content/StarterBundle/ModularScifiHallways/Textures/T_Hall_Wall_C_M.uasset" 4173
"F:/Users/mihai/Documents/GitHub/ShooterSam/ShooterSam/Content/StarterBundle/ModularScifiHallways/Textures/T_Hall_Wall_C_M.uexp" 4174
"F:/Users/mihai/Documents/GitHub/ShooterSam/ShooterSam/Content/StarterBundle/ModularScifiHallways/Textures/T_Hall_Wall_C_Diff.ubulk" 4175
"F:/Users/mihai/Documents/GitHub/ShooterSam/ShooterSam/Content/StarterBundle/ModularScifiHallways/Textures/T_Hall_Wall_C_Diff.uasset" 4176
"F:/Users/mihai/Documents/GitHub/ShooterSam/ShooterSam/Content/StarterBundle/ModularScifiHallways/Textures/T_Hall_Wall_C_Diff.uexp" 4177
"F:/Users/mihai/Documents/GitHub/ShooterSam/ShooterSam/Content/StarterBundle/ModularScifiHallways/Materials/MI_Hall_Wall_C_M.uasset" 4178
"F:/Users/mihai/Documents/GitHub/ShooterSam/ShooterSam/Content/StarterBundle/ModularScifiHallways/Materials/MI_Hall_Wall_C_M.uexp" 4179
"F:/Users/mihai/Documents/GitHub/ShooterSam/ShooterSam/Content/StarterBundle/ModularScifiHallways/Textures/T_Trims_B_N_normals.ubulk" 4180
"F:/Users/mihai/Documents/GitHub/ShooterSam/ShooterSam/Content/StarterBundle/ModularScifiHallways/Textures/T_Trims_B_N_normals.uasset" 4181
"F:/Users/mihai/Documents/GitHub/ShooterSam/ShooterSam/Content/StarterBundle/ModularScifiHallways/Textures/T_Trims_B_N_normals.uexp" 4182
"F:/Users/mihai/Documents/GitHub/ShooterSam/ShooterSam/Content/StarterBundle/ModularScifiHallways/Textures/T_Trims_B_M.ubulk" 4183
"F:/Users/mihai/Documents/GitHub/ShooterSam/ShooterSam/Content/StarterBundle/ModularScifiHallways/Textures/T_Trims_B_M.uasset" 4184
"F:/Users/mihai/Documents/GitHub/ShooterSam/ShooterSam/Content/StarterBundle/ModularScifiHallways/Textures/T_Trims_B_M.uexp" 4185
"F:/Users/mihai/Documents/GitHub/ShooterSam/ShooterSam/Content/StarterBundle/ModularScifiHallways/Textures/T_Trims_B_Diff.ubulk" 4186
"F:/Users/mihai/Documents/GitHub/ShooterSam/ShooterSam/Content/StarterBundle/ModularScifiHallways/Textures/T_Trims_B_Diff.uasset" 4187
"F:/Users/mihai/Documents/GitHub/ShooterSam/ShooterSam/Content/StarterBundle/ModularScifiHallways/Textures/T_Trims_B_Diff.uexp" 4188
"F:/Users/mihai/Documents/GitHub/ShooterSam/ShooterSam/Content/StarterBundle/ModularScifiHallways/Materials/MI_Trims_B.uasset" 4189
"F:/Users/mihai/Documents/GitHub/ShooterSam/ShooterSam/Content/StarterBundle/ModularScifiHallways/Materials/MI_Trims_B.uexp" 4190
"F:/Users/mihai/Documents/GitHub/ShooterSam/ShooterSam/Content/StarterBundle/ModularScifiHallways/Textures/T_Trims_B_M_B.ubulk" 4191
"F:/Users/mihai/Documents/GitHub/ShooterSam/ShooterSam/Content/StarterBundle/ModularScifiHallways/Textures/T_Trims_B_M_B.uasset" 4192
"F:/Users/mihai/Documents/GitHub/ShooterSam/ShooterSam/Content/StarterBundle/ModularScifiHallways/Textures/T_Trims_B_M_B.uexp" 4193
"F:/Users/mihai/Documents/GitHub/ShooterSam/ShooterSam/Content/StarterBundle/ModularScifiHallways/Textures/T_Trims_B_Diff_B.ubulk" 4194
"F:/Users/mihai/Documents/GitHub/ShooterSam/ShooterSam/Content/StarterBundle/ModularScifiHallways/Textures/T_Trims_B_Diff_B.uasset" 4195
"F:/Users/mihai/Documents/GitHub/ShooterSam/ShooterSam/Content/StarterBundle/ModularScifiHallways/Textures/T_Trims_B_Diff_B.uexp" 4196
"F:/Users/mihai/Documents/GitHub/ShooterSam/ShooterSam/Content/StarterBundle/ModularScifiHallways/Materials/MI_Trims_B_2.uasset" 4197
"F:/Users/mihai/Documents/GitHub/ShooterSam/ShooterSam/Content/StarterBundle/ModularScifiHallways/Materials/MI_Trims_B_2.uexp" 4198
"F:/Users/mihai/Documents/GitHub/ShooterSam/ShooterSam/Content/StarterBundle/ModularScifiHallways/Meshes/SM_Hall_Wall_C.ubulk" 4199
"F:/Users/mihai/Documents/GitHub/ShooterSam/ShooterSam/Content/StarterBundle/ModularScifiHallways/Meshes/SM_Hall_Wall_C.uasset" 4200
"F:/Users/mihai/Documents/GitHub/ShooterSam/ShooterSam/Content/StarterBundle/ModularScifiHallways/Meshes/SM_Hall_Wall_C.uexp" 4201
"F:/Users/mihai/Documents/GitHub/ShooterSam/ShooterSam/Content/StarterBundle/ModularScifiHallways/Textures/T_Hall_Wall_B_N_normals.ubulk" 4202
"F:/Users/mihai/Documents/GitHub/ShooterSam/ShooterSam/Content/StarterBundle/ModularScifiHallways/Textures/T_Hall_Wall_B_N_normals.uasset" 4203
"F:/Users/mihai/Documents/GitHub/ShooterSam/ShooterSam/Content/StarterBundle/ModularScifiHallways/Textures/T_Hall_Wall_B_N_normals.uexp" 4204
"F:/Users/mihai/Documents/GitHub/ShooterSam/ShooterSam/Content/StarterBundle/ModularScifiHallways/Textures/T_Hall_Wall_B_M.ubulk" 4205
"F:/Users/mihai/Documents/GitHub/ShooterSam/ShooterSam/Content/StarterBundle/ModularScifiHallways/Textures/T_Hall_Wall_B_M.uasset" 4206
"F:/Users/mihai/Documents/GitHub/ShooterSam/ShooterSam/Content/StarterBundle/ModularScifiHallways/Textures/T_Hall_Wall_B_M.uexp" 4207
"F:/Users/mihai/Documents/GitHub/ShooterSam/ShooterSam/Content/StarterBundle/ModularScifiHallways/Textures/T_Hall_Wall_B_Diff.ubulk" 4208
"F:/Users/mihai/Documents/GitHub/ShooterSam/ShooterSam/Content/StarterBundle/ModularScifiHallways/Textures/T_Hall_Wall_B_Diff.uasset" 4209
"F:/Users/mihai/Documents/GitHub/ShooterSam/ShooterSam/Content/StarterBundle/ModularScifiHallways/Textures/T_Hall_Wall_B_Diff.uexp" 4210
"F:/Users/mihai/Documents/GitHub/ShooterSam/ShooterSam/Content/StarterBundle/ModularScifiHallways/Materials/MI_Hall_Wall_B_M.uasset" 4211
"F:/Users/mihai/Documents/GitHub/ShooterSam/ShooterSam/Content/StarterBundle/ModularScifiHallways/Materials/MI_Hall_Wall_B_M.uexp" 4212
"F:/Users/mihai/Documents/GitHub/ShooterSam/ShooterSam/Content/StarterBundle/ModularScifiHallways/Meshes/SM_Hall_Wall_B.ubulk" 4213
"F:/Users/mihai/Documents/GitHub/ShooterSam/ShooterSam/Content/StarterBundle/ModularScifiHallways/Meshes/SM_Hall_Wall_B.uasset" 4214
"F:/Users/mihai/Documents/GitHub/ShooterSam/ShooterSam/Content/StarterBundle/ModularScifiHallways/Meshes/SM_Hall_Wall_B.uexp" 4215
"F:/Users/mihai/Documents/GitHub/ShooterSam/ShooterSam/Content/StarterBundle/ModularScifiHallways/Textures/T_Hall_Wall_A_N_normals.ubulk" 4216
"F:/Users/mihai/Documents/GitHub/ShooterSam/ShooterSam/Content/StarterBundle/ModularScifiHallways/Textures/T_Hall_Wall_A_N_normals.uasset" 4217
"F:/Users/mihai/Documents/GitHub/ShooterSam/ShooterSam/Content/StarterBundle/ModularScifiHallways/Textures/T_Hall_Wall_A_N_normals.uexp" 4218
"F:/Users/mihai/Documents/GitHub/ShooterSam/ShooterSam/Content/StarterBundle/ModularScifiHallways/Textures/T_Hall_Wall_A_M.ubulk" 4219
"F:/Users/mihai/Documents/GitHub/ShooterSam/ShooterSam/Content/StarterBundle/ModularScifiHallways/Textures/T_Hall_Wall_A_M.uasset" 4220
"F:/Users/mihai/Documents/GitHub/ShooterSam/ShooterSam/Content/StarterBundle/ModularScifiHallways/Textures/T_Hall_Wall_A_M.uexp" 4221
"F:/Users/mihai/Documents/GitHub/ShooterSam/ShooterSam/Content/StarterBundle/ModularScifiHallways/Textures/T_Hall_Wall_A_Diff.ubulk" 4222
"F:/Users/mihai/Documents/GitHub/ShooterSam/ShooterSam/Content/StarterBundle/ModularScifiHallways/Textures/T_Hall_Wall_A_Diff.uasset" 4223
"F:/Users/mihai/Documents/GitHub/ShooterSam/ShooterSam/Content/StarterBundle/ModularScifiHallways/Textures/T_Hall_Wall_A_Diff.uexp" 4224
"F:/Users/mihai/Documents/GitHub/ShooterSam/ShooterSam/Content/StarterBundle/ModularScifiHallways/Materials/MI_Hall_Wall_A_M.uasset" 4225
"F:/Users/mihai/Documents/GitHub/ShooterSam/ShooterSam/Content/StarterBundle/ModularScifiHallways/Materials/MI_Hall_Wall_A_M.uexp" 4226
"F:/Users/mihai/Documents/GitHub/ShooterSam/ShooterSam/Content/StarterBundle/ModularScifiHallways/Meshes/SM_Hall_Wall_A.ubulk" 4227
"F:/Users/mihai/Documents/GitHub/ShooterSam/ShooterSam/Content/StarterBundle/ModularScifiHallways/Meshes/SM_Hall_Wall_A.uasset" 4228
"F:/Users/mihai/Documents/GitHub/ShooterSam/ShooterSam/Content/StarterBundle/ModularScifiHallways/Meshes/SM_Hall_Wall_A.uexp" 4229
"F:/Users/mihai/Documents/GitHub/ShooterSam/ShooterSam/Content/StarterBundle/ModularScifiHallways/Textures/T_Hall_Wall_Buffer_N_normals.ubulk" 4230
"F:/Users/mihai/Documents/GitHub/ShooterSam/ShooterSam/Content/StarterBundle/ModularScifiHallways/Textures/T_Hall_Wall_Buffer_N_normals.uasset" 4231
"F:/Users/mihai/Documents/GitHub/ShooterSam/ShooterSam/Content/StarterBundle/ModularScifiHallways/Textures/T_Hall_Wall_Buffer_N_normals.uexp" 4232
"F:/Users/mihai/Documents/GitHub/ShooterSam/ShooterSam/Content/StarterBundle/ModularScifiHallways/Textures/T_Hall_Wall_Buffer_M.ubulk" 4233
"F:/Users/mihai/Documents/GitHub/ShooterSam/ShooterSam/Content/StarterBundle/ModularScifiHallways/Textures/T_Hall_Wall_Buffer_M.uasset" 4234
"F:/Users/mihai/Documents/GitHub/ShooterSam/ShooterSam/Content/StarterBundle/ModularScifiHallways/Textures/T_Hall_Wall_Buffer_M.uexp" 4235
"F:/Users/mihai/Documents/GitHub/ShooterSam/ShooterSam/Content/StarterBundle/ModularScifiHallways/Textures/T_Hall_Wall_Buffer_Diff.ubulk" 4236
"F:/Users/mihai/Documents/GitHub/ShooterSam/ShooterSam/Content/StarterBundle/ModularScifiHallways/Textures/T_Hall_Wall_Buffer_Diff.uasset" 4237
"F:/Users/mihai/Documents/GitHub/ShooterSam/ShooterSam/Content/StarterBundle/ModularScifiHallways/Textures/T_Hall_Wall_Buffer_Diff.uexp" 4238
"F:/Users/mihai/Documents/GitHub/ShooterSam/ShooterSam/Content/StarterBundle/ModularScifiHallways/Materials/MI_Hall_WallBuffer_M.uasset" 4239
"F:/Users/mihai/Documents/GitHub/ShooterSam/ShooterSam/Content/StarterBundle/ModularScifiHallways/Materials/MI_Hall_WallBuffer_M.uexp" 4240
"F:/Users/mihai/Documents/GitHub/ShooterSam/ShooterSam/Content/StarterBundle/ModularScifiHallways/Meshes/SM_Hall_WallBuffer.ubulk" 4241
"F:/Users/mihai/Documents/GitHub/ShooterSam/ShooterSam/Content/StarterBundle/ModularScifiHallways/Meshes/SM_Hall_WallBuffer.uasset" 4242
"F:/Users/mihai/Documents/GitHub/ShooterSam/ShooterSam/Content/StarterBundle/ModularScifiHallways/Meshes/SM_Hall_WallBuffer.uexp" 4243
"F:/Users/mihai/Documents/GitHub/ShooterSam/ShooterSam/Content/StarterBundle/ModularScifiHallways/Textures/T_Hall_Vent_A_N_normals.ubulk" 4244
"F:/Users/mihai/Documents/GitHub/ShooterSam/ShooterSam/Content/StarterBundle/ModularScifiHallways/Textures/T_Hall_Vent_A_N_normals.uasset" 4245
"F:/Users/mihai/Documents/GitHub/ShooterSam/ShooterSam/Content/StarterBundle/ModularScifiHallways/Textures/T_Hall_Vent_A_N_normals.uexp" 4246
"F:/Users/mihai/Documents/GitHub/ShooterSam/ShooterSam/Content/StarterBundle/ModularScifiHallways/Textures/T_Hall_Vent_A_M.ubulk" 4247
"F:/Users/mihai/Documents/GitHub/ShooterSam/ShooterSam/Content/StarterBundle/ModularScifiHallways/Textures/T_Hall_Vent_A_M.uasset" 4248
"F:/Users/mihai/Documents/GitHub/ShooterSam/ShooterSam/Content/StarterBundle/ModularScifiHallways/Textures/T_Hall_Vent_A_M.uexp" 4249
"F:/Users/mihai/Documents/GitHub/ShooterSam/ShooterSam/Content/StarterBundle/ModularScifiHallways/Textures/T_Hall_Vent_A_Diff.ubulk" 4250
"F:/Users/mihai/Documents/GitHub/ShooterSam/ShooterSam/Content/StarterBundle/ModularScifiHallways/Textures/T_Hall_Vent_A_Diff.uasset" 4251
"F:/Users/mihai/Documents/GitHub/ShooterSam/ShooterSam/Content/StarterBundle/ModularScifiHallways/Textures/T_Hall_Vent_A_Diff.uexp" 4252
"F:/Users/mihai/Documents/GitHub/ShooterSam/ShooterSam/Content/StarterBundle/ModularScifiHallways/Materials/MI_Hall_Vent_A_M.uasset" 4253
"F:/Users/mihai/Documents/GitHub/ShooterSam/ShooterSam/Content/StarterBundle/ModularScifiHallways/Materials/MI_Hall_Vent_A_M.uexp" 4254
"F:/Users/mihai/Documents/GitHub/ShooterSam/ShooterSam/Content/StarterBundle/ModularScifiHallways/Meshes/SM_Hall_Vent_A.ubulk" 4255
"F:/Users/mihai/Documents/GitHub/ShooterSam/ShooterSam/Content/StarterBundle/ModularScifiHallways/Meshes/SM_Hall_Vent_A.uasset" 4256
"F:/Users/mihai/Documents/GitHub/ShooterSam/ShooterSam/Content/StarterBundle/ModularScifiHallways/Meshes/SM_Hall_Vent_A.uexp" 4257
"F:/Users/mihai/Documents/GitHub/ShooterSam/ShooterSam/Content/StarterBundle/ModularScifiHallways/Textures/T_Hall_Pipe_Handle_N_normals.ubulk" 4258
"F:/Users/mihai/Documents/GitHub/ShooterSam/ShooterSam/Content/StarterBundle/ModularScifiHallways/Textures/T_Hall_Pipe_Handle_N_normals.uasset" 4259
"F:/Users/mihai/Documents/GitHub/ShooterSam/ShooterSam/Content/StarterBundle/ModularScifiHallways/Textures/T_Hall_Pipe_Handle_N_normals.uexp" 4260
"F:/Users/mihai/Documents/GitHub/ShooterSam/ShooterSam/Content/StarterBundle/ModularScifiHallways/Textures/T_Hall_Pipe_Handle_M.ubulk" 4261
"F:/Users/mihai/Documents/GitHub/ShooterSam/ShooterSam/Content/StarterBundle/ModularScifiHallways/Textures/T_Hall_Pipe_Handle_M.uasset" 4262
"F:/Users/mihai/Documents/GitHub/ShooterSam/ShooterSam/Content/StarterBundle/ModularScifiHallways/Textures/T_Hall_Pipe_Handle_M.uexp" 4263
"F:/Users/mihai/Documents/GitHub/ShooterSam/ShooterSam/Content/StarterBundle/ModularScifiHallways/Textures/T_Hall_Pipe_Handle_Diff.ubulk" 4264
"F:/Users/mihai/Documents/GitHub/ShooterSam/ShooterSam/Content/StarterBundle/ModularScifiHallways/Textures/T_Hall_Pipe_Handle_Diff.uasset" 4265
"F:/Users/mihai/Documents/GitHub/ShooterSam/ShooterSam/Content/StarterBundle/ModularScifiHallways/Textures/T_Hall_Pipe_Handle_Diff.uexp" 4266
"F:/Users/mihai/Documents/GitHub/ShooterSam/ShooterSam/Content/StarterBundle/ModularScifiHallways/Materials/MI_Hall_Pipes_Handle_M.uasset" 4267
"F:/Users/mihai/Documents/GitHub/ShooterSam/ShooterSam/Content/StarterBundle/ModularScifiHallways/Materials/MI_Hall_Pipes_Handle_M.uexp" 4268
"F:/Users/mihai/Documents/GitHub/ShooterSam/ShooterSam/Content/StarterBundle/ModularScifiHallways/Meshes/SM_Hall_Pipe_Handle.ubulk" 4269
"F:/Users/mihai/Documents/GitHub/ShooterSam/ShooterSam/Content/StarterBundle/ModularScifiHallways/Meshes/SM_Hall_Pipe_Handle.uasset" 4270
"F:/Users/mihai/Documents/GitHub/ShooterSam/ShooterSam/Content/StarterBundle/ModularScifiHallways/Meshes/SM_Hall_Pipe_Handle.uexp" 4271
"F:/Users/mihai/Documents/GitHub/ShooterSam/ShooterSam/Content/StarterBundle/ModularScifiHallways/Textures/T_Hall_Pipes_Thick_N_normals.ubulk" 4272
"F:/Users/mihai/Documents/GitHub/ShooterSam/ShooterSam/Content/StarterBundle/ModularScifiHallways/Textures/T_Hall_Pipes_Thick_N_normals.uasset" 4273
"F:/Users/mihai/Documents/GitHub/ShooterSam/ShooterSam/Content/StarterBundle/ModularScifiHallways/Textures/T_Hall_Pipes_Thick_N_normals.uexp" 4274
"F:/Users/mihai/Documents/GitHub/ShooterSam/ShooterSam/Content/StarterBundle/ModularScifiHallways/Textures/T_Hall_Pipes_Thick_M.ubulk" 4275
"F:/Users/mihai/Documents/GitHub/ShooterSam/ShooterSam/Content/StarterBundle/ModularScifiHallways/Textures/T_Hall_Pipes_Thick_M.uasset" 4276
"F:/Users/mihai/Documents/GitHub/ShooterSam/ShooterSam/Content/StarterBundle/ModularScifiHallways/Textures/T_Hall_Pipes_Thick_M.uexp" 4277
"F:/Users/mihai/Documents/GitHub/ShooterSam/ShooterSam/Content/StarterBundle/ModularScifiHallways/Textures/T_Hall_Pipes_Thick_Diff.ubulk" 4278
"F:/Users/mihai/Documents/GitHub/ShooterSam/ShooterSam/Content/StarterBundle/ModularScifiHallways/Textures/T_Hall_Pipes_Thick_Diff.uasset" 4279
"F:/Users/mihai/Documents/GitHub/ShooterSam/ShooterSam/Content/StarterBundle/ModularScifiHallways/Textures/T_Hall_Pipes_Thick_Diff.uexp" 4280
"F:/Users/mihai/Documents/GitHub/ShooterSam/ShooterSam/Content/StarterBundle/ModularScifiHallways/Materials/MI_Hall_Pipes_Thick_M.uasset" 4281
"F:/Users/mihai/Documents/GitHub/ShooterSam/ShooterSam/Content/StarterBundle/ModularScifiHallways/Materials/MI_Hall_Pipes_Thick_M.uexp" 4282
"F:/Users/mihai/Documents/GitHub/ShooterSam/ShooterSam/Content/StarterBundle/ModularScifiHallways/Meshes/SM_Hall_Pipes_Thick.ubulk" 4283
"F:/Users/mihai/Documents/GitHub/ShooterSam/ShooterSam/Content/StarterBundle/ModularScifiHallways/Meshes/SM_Hall_Pipes_Thick.uasset" 4284
"F:/Users/mihai/Documents/GitHub/ShooterSam/ShooterSam/Content/StarterBundle/ModularScifiHallways/Meshes/SM_Hall_Pipes_Thick.uexp" 4285
"F:/Users/mihai/Documents/GitHub/ShooterSam/ShooterSam/Content/StarterBundle/ModularScifiHallways/Textures/T_Hall_Pipes_Long_N_normals.ubulk" 4286
"F:/Users/mihai/Documents/GitHub/ShooterSam/ShooterSam/Content/StarterBundle/ModularScifiHallways/Textures/T_Hall_Pipes_Long_N_normals.uasset" 4287
"F:/Users/mihai/Documents/GitHub/ShooterSam/ShooterSam/Content/StarterBundle/ModularScifiHallways/Textures/T_Hall_Pipes_Long_N_normals.uexp" 4288
"F:/Users/mihai/Documents/GitHub/ShooterSam/ShooterSam/Content/StarterBundle/ModularScifiHallways/Textures/T_Hall_Pipes_Long_M.ubulk" 4289
"F:/Users/mihai/Documents/GitHub/ShooterSam/ShooterSam/Content/StarterBundle/ModularScifiHallways/Textures/T_Hall_Pipes_Long_M.uasset" 4290
"F:/Users/mihai/Documents/GitHub/ShooterSam/ShooterSam/Content/StarterBundle/ModularScifiHallways/Textures/T_Hall_Pipes_Long_M.uexp" 4291
"F:/Users/mihai/Documents/GitHub/ShooterSam/ShooterSam/Content/StarterBundle/ModularScifiHallways/Textures/T_Hall_Pipes_Long_Diff.ubulk" 4292
"F:/Users/mihai/Documents/GitHub/ShooterSam/ShooterSam/Content/StarterBundle/ModularScifiHallways/Textures/T_Hall_Pipes_Long_Diff.uasset" 4293
"F:/Users/mihai/Documents/GitHub/ShooterSam/ShooterSam/Content/StarterBundle/ModularScifiHallways/Textures/T_Hall_Pipes_Long_Diff.uexp" 4294
"F:/Users/mihai/Documents/GitHub/ShooterSam/ShooterSam/Content/StarterBundle/ModularScifiHallways/Materials/MI_Hall_Pipes_Long_M.uasset" 4295
"F:/Users/mihai/Documents/GitHub/ShooterSam/ShooterSam/Content/StarterBundle/ModularScifiHallways/Materials/MI_Hall_Pipes_Long_M.uexp" 4296
"F:/Users/mihai/Documents/GitHub/ShooterSam/ShooterSam/Content/StarterBundle/ModularScifiHallways/Meshes/SM_Hall_Pipes_Long.ubulk" 4297
"F:/Users/mihai/Documents/GitHub/ShooterSam/ShooterSam/Content/StarterBundle/ModularScifiHallways/Meshes/SM_Hall_Pipes_Long.uasset" 4298
"F:/Users/mihai/Documents/GitHub/ShooterSam/ShooterSam/Content/StarterBundle/ModularScifiHallways/Meshes/SM_Hall_Pipes_Long.uexp" 4299
"F:/Users/mihai/Documents/GitHub/ShooterSam/ShooterSam/Content/StarterBundle/ModularScifiHallways/Textures/T_Hall_Pipes_Ceiling_N_normals.ubulk" 4300
"F:/Users/mihai/Documents/GitHub/ShooterSam/ShooterSam/Content/StarterBundle/ModularScifiHallways/Textures/T_Hall_Pipes_Ceiling_N_normals.uasset" 4301
"F:/Users/mihai/Documents/GitHub/ShooterSam/ShooterSam/Content/StarterBundle/ModularScifiHallways/Textures/T_Hall_Pipes_Ceiling_N_normals.uexp" 4302
"F:/Users/mihai/Documents/GitHub/ShooterSam/ShooterSam/Content/StarterBundle/ModularScifiHallways/Textures/T_Hall_Pipes_Ceiling_M.ubulk" 4303
"F:/Users/mihai/Documents/GitHub/ShooterSam/ShooterSam/Content/StarterBundle/ModularScifiHallways/Textures/T_Hall_Pipes_Ceiling_M.uasset" 4304
"F:/Users/mihai/Documents/GitHub/ShooterSam/ShooterSam/Content/StarterBundle/ModularScifiHallways/Textures/T_Hall_Pipes_Ceiling_M.uexp" 4305
"F:/Users/mihai/Documents/GitHub/ShooterSam/ShooterSam/Content/StarterBundle/ModularScifiHallways/Textures/T_Hall_Pipes_Ceiling_Diff.ubulk" 4306
"F:/Users/mihai/Documents/GitHub/ShooterSam/ShooterSam/Content/StarterBundle/ModularScifiHallways/Textures/T_Hall_Pipes_Ceiling_Diff.uasset" 4307
"F:/Users/mihai/Documents/GitHub/ShooterSam/ShooterSam/Content/StarterBundle/ModularScifiHallways/Textures/T_Hall_Pipes_Ceiling_Diff.uexp" 4308
"F:/Users/mihai/Documents/GitHub/ShooterSam/ShooterSam/Content/StarterBundle/ModularScifiHallways/Materials/MI_Hall_Pipes_Ceiling_M.uasset" 4309
"F:/Users/mihai/Documents/GitHub/ShooterSam/ShooterSam/Content/StarterBundle/ModularScifiHallways/Materials/MI_Hall_Pipes_Ceiling_M.uexp" 4310
"F:/Users/mihai/Documents/GitHub/ShooterSam/ShooterSam/Content/StarterBundle/ModularScifiHallways/Meshes/SM_Hall_Pipes_Ceiling.ubulk" 4311
"F:/Users/mihai/Documents/GitHub/ShooterSam/ShooterSam/Content/StarterBundle/ModularScifiHallways/Meshes/SM_Hall_Pipes_Ceiling.uasset" 4312
"F:/Users/mihai/Documents/GitHub/ShooterSam/ShooterSam/Content/StarterBundle/ModularScifiHallways/Meshes/SM_Hall_Pipes_Ceiling.uexp" 4313
"F:/Users/mihai/Documents/GitHub/ShooterSam/ShooterSam/Content/StarterBundle/ModularScifiHallways/Textures/T_Hall_Light_Square_N_normals.ubulk" 4314
"F:/Users/mihai/Documents/GitHub/ShooterSam/ShooterSam/Content/StarterBundle/ModularScifiHallways/Textures/T_Hall_Light_Square_N_normals.uasset" 4315
"F:/Users/mihai/Documents/GitHub/ShooterSam/ShooterSam/Content/StarterBundle/ModularScifiHallways/Textures/T_Hall_Light_Square_N_normals.uexp" 4316
"F:/Users/mihai/Documents/GitHub/ShooterSam/ShooterSam/Content/StarterBundle/ModularScifiHallways/Textures/T_Hall_Light_Square_M.ubulk" 4317
"F:/Users/mihai/Documents/GitHub/ShooterSam/ShooterSam/Content/StarterBundle/ModularScifiHallways/Textures/T_Hall_Light_Square_M.uasset" 4318
"F:/Users/mihai/Documents/GitHub/ShooterSam/ShooterSam/Content/StarterBundle/ModularScifiHallways/Textures/T_Hall_Light_Square_M.uexp" 4319
"F:/Users/mihai/Documents/GitHub/ShooterSam/ShooterSam/Content/StarterBundle/ModularScifiHallways/Textures/T_Hall_Light_Square_EM.ubulk" 4320
"F:/Users/mihai/Documents/GitHub/ShooterSam/ShooterSam/Content/StarterBundle/ModularScifiHallways/Textures/T_Hall_Light_Square_EM.uasset" 4321
"F:/Users/mihai/Documents/GitHub/ShooterSam/ShooterSam/Content/StarterBundle/ModularScifiHallways/Textures/T_Hall_Light_Square_EM.uexp" 4322
"F:/Users/mihai/Documents/GitHub/ShooterSam/ShooterSam/Content/StarterBundle/ModularScifiHallways/Textures/T_Hall_Light_Square_Diff.ubulk" 4323
"F:/Users/mihai/Documents/GitHub/ShooterSam/ShooterSam/Content/StarterBundle/ModularScifiHallways/Textures/T_Hall_Light_Square_Diff.uasset" 4324
"F:/Users/mihai/Documents/GitHub/ShooterSam/ShooterSam/Content/StarterBundle/ModularScifiHallways/Textures/T_Hall_Light_Square_Diff.uexp" 4325
"F:/Users/mihai/Documents/GitHub/ShooterSam/ShooterSam/Content/StarterBundle/ModularScifiHallways/Materials/MI_Hall_Light_Square_M.uasset" 4326
"F:/Users/mihai/Documents/GitHub/ShooterSam/ShooterSam/Content/StarterBundle/ModularScifiHallways/Materials/MI_Hall_Light_Square_M.uexp" 4327
"F:/Users/mihai/Documents/GitHub/ShooterSam/ShooterSam/Content/StarterBundle/ModularScifiHallways/Meshes/SM_Hall_Light_Square.ubulk" 4328
"F:/Users/mihai/Documents/GitHub/ShooterSam/ShooterSam/Content/StarterBundle/ModularScifiHallways/Meshes/SM_Hall_Light_Square.uasset" 4329
"F:/Users/mihai/Documents/GitHub/ShooterSam/ShooterSam/Content/StarterBundle/ModularScifiHallways/Meshes/SM_Hall_Light_Square.uexp" 4330
"F:/Users/mihai/Documents/GitHub/ShooterSam/ShooterSam/Content/StarterBundle/ModularScifiHallways/Textures/T_Hall_Floor_Sec_D_N_normals.ubulk" 4331
"F:/Users/mihai/Documents/GitHub/ShooterSam/ShooterSam/Content/StarterBundle/ModularScifiHallways/Textures/T_Hall_Floor_Sec_D_N_normals.uasset" 4332
"F:/Users/mihai/Documents/GitHub/ShooterSam/ShooterSam/Content/StarterBundle/ModularScifiHallways/Textures/T_Hall_Floor_Sec_D_N_normals.uexp" 4333
"F:/Users/mihai/Documents/GitHub/ShooterSam/ShooterSam/Content/StarterBundle/ModularScifiHallways/Textures/T_Hall_Floor_Sec_D_M.ubulk" 4334
"F:/Users/mihai/Documents/GitHub/ShooterSam/ShooterSam/Content/StarterBundle/ModularScifiHallways/Textures/T_Hall_Floor_Sec_D_M.uasset" 4335
"F:/Users/mihai/Documents/GitHub/ShooterSam/ShooterSam/Content/StarterBundle/ModularScifiHallways/Textures/T_Hall_Floor_Sec_D_M.uexp" 4336
"F:/Users/mihai/Documents/GitHub/ShooterSam/ShooterSam/Content/StarterBundle/ModularScifiHallways/Textures/T_Hall_Floor_Sec_D_Diff.ubulk" 4337
"F:/Users/mihai/Documents/GitHub/ShooterSam/ShooterSam/Content/StarterBundle/ModularScifiHallways/Textures/T_Hall_Floor_Sec_D_Diff.uasset" 4338
"F:/Users/mihai/Documents/GitHub/ShooterSam/ShooterSam/Content/StarterBundle/ModularScifiHallways/Textures/T_Hall_Floor_Sec_D_Diff.uexp" 4339
"F:/Users/mihai/Documents/GitHub/ShooterSam/ShooterSam/Content/StarterBundle/ModularScifiHallways/Textures/T_Hall_FloorBuffer_M.ubulk" 4340
"F:/Users/mihai/Documents/GitHub/ShooterSam/ShooterSam/Content/StarterBundle/ModularScifiHallways/Textures/T_Hall_FloorBuffer_M.uasset" 4341
"F:/Users/mihai/Documents/GitHub/ShooterSam/ShooterSam/Content/StarterBundle/ModularScifiHallways/Textures/T_Hall_FloorBuffer_M.uexp" 4342
"F:/Users/mihai/Documents/GitHub/ShooterSam/ShooterSam/Content/StarterBundle/ModularScifiHallways/Materials/M_Base_3C.uasset" 4343
"F:/Users/mihai/Documents/GitHub/ShooterSam/ShooterSam/Content/StarterBundle/ModularScifiHallways/Materials/M_Base_3C.uexp" 4344
"F:/Users/mihai/Documents/GitHub/ShooterSam/ShooterSam/Content/StarterBundle/ModularScifiHallways/Materials/MI_Hall_Floor_Sec_D_M.uasset" 4345
"F:/Users/mihai/Documents/GitHub/ShooterSam/ShooterSam/Content/StarterBundle/ModularScifiHallways/Materials/MI_Hall_Floor_Sec_D_M.uexp" 4346
"F:/Users/mihai/Documents/GitHub/ShooterSam/ShooterSam/Content/StarterBundle/ModularScifiHallways/Meshes/SM_Hall_Floor_Sec_D.ubulk" 4347
"F:/Users/mihai/Documents/GitHub/ShooterSam/ShooterSam/Content/StarterBundle/ModularScifiHallways/Meshes/SM_Hall_Floor_Sec_D.uasset" 4348
"F:/Users/mihai/Documents/GitHub/ShooterSam/ShooterSam/Content/StarterBundle/ModularScifiHallways/Meshes/SM_Hall_Floor_Sec_D.uexp" 4349
"F:/Users/mihai/Documents/GitHub/ShooterSam/ShooterSam/Content/StarterBundle/ModularScifiHallways/Materials/MI_Pipes_ADark_M.uasset" 4350
"F:/Users/mihai/Documents/GitHub/ShooterSam/ShooterSam/Content/StarterBundle/ModularScifiHallways/Materials/MI_Pipes_ADark_M.uexp" 4351
"F:/Users/mihai/Documents/GitHub/ShooterSam/ShooterSam/Content/StarterBundle/ModularScifiHallways/Textures/T_Hall_Floor_Main_B_N_normals.ubulk" 4352
"F:/Users/mihai/Documents/GitHub/ShooterSam/ShooterSam/Content/StarterBundle/ModularScifiHallways/Textures/T_Hall_Floor_Main_B_N_normals.uasset" 4353
"F:/Users/mihai/Documents/GitHub/ShooterSam/ShooterSam/Content/StarterBundle/ModularScifiHallways/Textures/T_Hall_Floor_Main_B_N_normals.uexp" 4354
"F:/Users/mihai/Documents/GitHub/ShooterSam/ShooterSam/Content/StarterBundle/ModularScifiHallways/Textures/T_Hall_Floor_Main_B_M.ubulk" 4355
"F:/Users/mihai/Documents/GitHub/ShooterSam/ShooterSam/Content/StarterBundle/ModularScifiHallways/Textures/T_Hall_Floor_Main_B_M.uasset" 4356
"F:/Users/mihai/Documents/GitHub/ShooterSam/ShooterSam/Content/StarterBundle/ModularScifiHallways/Textures/T_Hall_Floor_Main_B_M.uexp" 4357
"F:/Users/mihai/Documents/GitHub/ShooterSam/ShooterSam/Content/StarterBundle/ModularScifiHallways/Textures/T_Hall_Floor_Main_B_Diff.ubulk" 4358
"F:/Users/mihai/Documents/GitHub/ShooterSam/ShooterSam/Content/StarterBundle/ModularScifiHallways/Textures/T_Hall_Floor_Main_B_Diff.uasset" 4359
"F:/Users/mihai/Documents/GitHub/ShooterSam/ShooterSam/Content/StarterBundle/ModularScifiHallways/Textures/T_Hall_Floor_Main_B_Diff.uexp" 4360
"F:/Users/mihai/Documents/GitHub/ShooterSam/ShooterSam/Content/StarterBundle/ModularScifiHallways/Materials/MI_Hall_Floor_Main_B_M.uasset" 4361
"F:/Users/mihai/Documents/GitHub/ShooterSam/ShooterSam/Content/StarterBundle/ModularScifiHallways/Materials/MI_Hall_Floor_Main_B_M.uexp" 4362
"F:/Users/mihai/Documents/GitHub/ShooterSam/ShooterSam/Content/StarterBundle/ModularScifiHallways/Meshes/SM_Hall_Floor_Main_B.ubulk" 4363
"F:/Users/mihai/Documents/GitHub/ShooterSam/ShooterSam/Content/StarterBundle/ModularScifiHallways/Meshes/SM_Hall_Floor_Main_B.uasset" 4364
"F:/Users/mihai/Documents/GitHub/ShooterSam/ShooterSam/Content/StarterBundle/ModularScifiHallways/Meshes/SM_Hall_Floor_Main_B.uexp" 4365
"F:/Users/mihai/Documents/GitHub/ShooterSam/ShooterSam/Content/StarterBundle/ModularScifiHallways/Textures/T_Hall_FloorEdge_N_normals.ubulk" 4366
"F:/Users/mihai/Documents/GitHub/ShooterSam/ShooterSam/Content/StarterBundle/ModularScifiHallways/Textures/T_Hall_FloorEdge_N_normals.uasset" 4367
"F:/Users/mihai/Documents/GitHub/ShooterSam/ShooterSam/Content/StarterBundle/ModularScifiHallways/Textures/T_Hall_FloorEdge_N_normals.uexp" 4368
"F:/Users/mihai/Documents/GitHub/ShooterSam/ShooterSam/Content/StarterBundle/ModularScifiHallways/Textures/T_Hall_FloorEdge_M.ubulk" 4369
"F:/Users/mihai/Documents/GitHub/ShooterSam/ShooterSam/Content/StarterBundle/ModularScifiHallways/Textures/T_Hall_FloorEdge_M.uasset" 4370
"F:/Users/mihai/Documents/GitHub/ShooterSam/ShooterSam/Content/StarterBundle/ModularScifiHallways/Textures/T_Hall_FloorEdge_M.uexp" 4371
"F:/Users/mihai/Documents/GitHub/ShooterSam/ShooterSam/Content/StarterBundle/ModularScifiHallways/Textures/T_Hall_FloorEdge_Diff.ubulk" 4372
"F:/Users/mihai/Documents/GitHub/ShooterSam/ShooterSam/Content/StarterBundle/ModularScifiHallways/Textures/T_Hall_FloorEdge_Diff.uasset" 4373
"F:/Users/mihai/Documents/GitHub/ShooterSam/ShooterSam/Content/StarterBundle/ModularScifiHallways/Textures/T_Hall_FloorEdge_Diff.uexp" 4374
"F:/Users/mihai/Documents/GitHub/ShooterSam/ShooterSam/Content/StarterBundle/ModularScifiHallways/Materials/MI_Hall_FloorEdge_M.uasset" 4375
"F:/Users/mihai/Documents/GitHub/ShooterSam/ShooterSam/Content/StarterBundle/ModularScifiHallways/Materials/MI_Hall_FloorEdge_M.uexp" 4376
"F:/Users/mihai/Documents/GitHub/ShooterSam/ShooterSam/Content/StarterBundle/ModularScifiHallways/Meshes/SM_Hall_FloorEdge.ubulk" 4377
"F:/Users/mihai/Documents/GitHub/ShooterSam/ShooterSam/Content/StarterBundle/ModularScifiHallways/Meshes/SM_Hall_FloorEdge.uasset" 4378
"F:/Users/mihai/Documents/GitHub/ShooterSam/ShooterSam/Content/StarterBundle/ModularScifiHallways/Meshes/SM_Hall_FloorEdge.uexp" 4379
"F:/Users/mihai/Documents/GitHub/ShooterSam/ShooterSam/Content/StarterBundle/ModularScifiHallways/Meshes/SM_Hall_FloorBuffer_B.ubulk" 4380
"F:/Users/mihai/Documents/GitHub/ShooterSam/ShooterSam/Content/StarterBundle/ModularScifiHallways/Meshes/SM_Hall_FloorBuffer_B.uasset" 4381
"F:/Users/mihai/Documents/GitHub/ShooterSam/ShooterSam/Content/StarterBundle/ModularScifiHallways/Meshes/SM_Hall_FloorBuffer_B.uexp" 4382
"F:/Users/mihai/Documents/GitHub/ShooterSam/ShooterSam/Content/StarterBundle/ModularScifiHallways/Textures/T_Hall_FloorBuffer_N_normals.ubulk" 4383
"F:/Users/mihai/Documents/GitHub/ShooterSam/ShooterSam/Content/StarterBundle/ModularScifiHallways/Textures/T_Hall_FloorBuffer_N_normals.uasset" 4384
"F:/Users/mihai/Documents/GitHub/ShooterSam/ShooterSam/Content/StarterBundle/ModularScifiHallways/Textures/T_Hall_FloorBuffer_N_normals.uexp" 4385
"F:/Users/mihai/Documents/GitHub/ShooterSam/ShooterSam/Content/StarterBundle/ModularScifiHallways/Textures/T_Hall_FloorBuffer_Diff.ubulk" 4386
"F:/Users/mihai/Documents/GitHub/ShooterSam/ShooterSam/Content/StarterBundle/ModularScifiHallways/Textures/T_Hall_FloorBuffer_Diff.uasset" 4387
"F:/Users/mihai/Documents/GitHub/ShooterSam/ShooterSam/Content/StarterBundle/ModularScifiHallways/Textures/T_Hall_FloorBuffer_Diff.uexp" 4388
"F:/Users/mihai/Documents/GitHub/ShooterSam/ShooterSam/Content/StarterBundle/ModularScifiHallways/Materials/MI_Hall_FloorBuffer_M.uasset" 4389
"F:/Users/mihai/Documents/GitHub/ShooterSam/ShooterSam/Content/StarterBundle/ModularScifiHallways/Materials/MI_Hall_FloorBuffer_M.uexp" 4390
"F:/Users/mihai/Documents/GitHub/ShooterSam/ShooterSam/Content/StarterBundle/ModularScifiHallways/Meshes/SM_Hall_FloorBuffer.ubulk" 4391
"F:/Users/mihai/Documents/GitHub/ShooterSam/ShooterSam/Content/StarterBundle/ModularScifiHallways/Meshes/SM_Hall_FloorBuffer.uasset" 4392
"F:/Users/mihai/Documents/GitHub/ShooterSam/ShooterSam/Content/StarterBundle/ModularScifiHallways/Meshes/SM_Hall_FloorBuffer.uexp" 4393
"F:/Users/mihai/Documents/GitHub/ShooterSam/ShooterSam/Content/StarterBundle/ModularScifiHallways/Textures/T_Hall_Door_L_N_normals.ubulk" 4394
"F:/Users/mihai/Documents/GitHub/ShooterSam/ShooterSam/Content/StarterBundle/ModularScifiHallways/Textures/T_Hall_Door_L_N_normals.uasset" 4395
"F:/Users/mihai/Documents/GitHub/ShooterSam/ShooterSam/Content/StarterBundle/ModularScifiHallways/Textures/T_Hall_Door_L_N_normals.uexp" 4396
"F:/Users/mihai/Documents/GitHub/ShooterSam/ShooterSam/Content/StarterBundle/ModularScifiHallways/Textures/T_Hall_Door_L_M.ubulk" 4397
"F:/Users/mihai/Documents/GitHub/ShooterSam/ShooterSam/Content/StarterBundle/ModularScifiHallways/Textures/T_Hall_Door_L_M.uasset" 4398
"F:/Users/mihai/Documents/GitHub/ShooterSam/ShooterSam/Content/StarterBundle/ModularScifiHallways/Textures/T_Hall_Door_L_M.uexp" 4399
"F:/Users/mihai/Documents/GitHub/ShooterSam/ShooterSam/Content/StarterBundle/ModularScifiHallways/Textures/T_Hall_Door_L_EM.ubulk" 4400
"F:/Users/mihai/Documents/GitHub/ShooterSam/ShooterSam/Content/StarterBundle/ModularScifiHallways/Textures/T_Hall_Door_L_EM.uasset" 4401
"F:/Users/mihai/Documents/GitHub/ShooterSam/ShooterSam/Content/StarterBundle/ModularScifiHallways/Textures/T_Hall_Door_L_EM.uexp" 4402
"F:/Users/mihai/Documents/GitHub/ShooterSam/ShooterSam/Content/StarterBundle/ModularScifiHallways/Textures/T_Hall_Door_Diff.ubulk" 4403
"F:/Users/mihai/Documents/GitHub/ShooterSam/ShooterSam/Content/StarterBundle/ModularScifiHallways/Textures/T_Hall_Door_Diff.uasset" 4404
"F:/Users/mihai/Documents/GitHub/ShooterSam/ShooterSam/Content/StarterBundle/ModularScifiHallways/Textures/T_Hall_Door_Diff.uexp" 4405
"F:/Users/mihai/Documents/GitHub/ShooterSam/ShooterSam/Content/StarterBundle/ModularScifiHallways/Materials/MI_Hall_Door_L_M.uasset" 4406
"F:/Users/mihai/Documents/GitHub/ShooterSam/ShooterSam/Content/StarterBundle/ModularScifiHallways/Materials/MI_Hall_Door_L_M.uexp" 4407
"F:/Users/mihai/Documents/GitHub/ShooterSam/ShooterSam/Content/StarterBundle/ModularScifiHallways/Meshes/SM_Hall_Door_L.ubulk" 4408
"F:/Users/mihai/Documents/GitHub/ShooterSam/ShooterSam/Content/StarterBundle/ModularScifiHallways/Meshes/SM_Hall_Door_L.uasset" 4409
"F:/Users/mihai/Documents/GitHub/ShooterSam/ShooterSam/Content/StarterBundle/ModularScifiHallways/Meshes/SM_Hall_Door_L.uexp" 4410
"F:/Users/mihai/Documents/GitHub/ShooterSam/ShooterSam/Content/StarterBundle/ModularScifiHallways/Textures/T_Hall_Doorway_Panel_N_normals.ubulk" 4411
"F:/Users/mihai/Documents/GitHub/ShooterSam/ShooterSam/Content/StarterBundle/ModularScifiHallways/Textures/T_Hall_Doorway_Panel_N_normals.uasset" 4412
"F:/Users/mihai/Documents/GitHub/ShooterSam/ShooterSam/Content/StarterBundle/ModularScifiHallways/Textures/T_Hall_Doorway_Panel_N_normals.uexp" 4413
"F:/Users/mihai/Documents/GitHub/ShooterSam/ShooterSam/Content/StarterBundle/ModularScifiHallways/Textures/T_Hall_Doorway_Panel_M.ubulk" 4414
"F:/Users/mihai/Documents/GitHub/ShooterSam/ShooterSam/Content/StarterBundle/ModularScifiHallways/Textures/T_Hall_Doorway_Panel_M.uasset" 4415
"F:/Users/mihai/Documents/GitHub/ShooterSam/ShooterSam/Content/StarterBundle/ModularScifiHallways/Textures/T_Hall_Doorway_Panel_M.uexp" 4416
"F:/Users/mihai/Documents/GitHub/ShooterSam/ShooterSam/Content/StarterBundle/ModularScifiHallways/Textures/T_Hall_Doorway_Panel_Diff.ubulk" 4417
"F:/Users/mihai/Documents/GitHub/ShooterSam/ShooterSam/Content/StarterBundle/ModularScifiHallways/Textures/T_Hall_Doorway_Panel_Diff.uasset" 4418
"F:/Users/mihai/Documents/GitHub/ShooterSam/ShooterSam/Content/StarterBundle/ModularScifiHallways/Textures/T_Hall_Doorway_Panel_Diff.uexp" 4419
"F:/Users/mihai/Documents/GitHub/ShooterSam/ShooterSam/Content/StarterBundle/ModularScifiHallways/Materials/MI_Hall_Doorway_Panel_M.uasset" 4420
"F:/Users/mihai/Documents/GitHub/ShooterSam/ShooterSam/Content/StarterBundle/ModularScifiHallways/Materials/MI_Hall_Doorway_Panel_M.uexp" 4421
"F:/Users/mihai/Documents/GitHub/ShooterSam/ShooterSam/Content/StarterBundle/ModularScifiHallways/Meshes/SM_Hall_Doorway_Panel.ubulk" 4422
"F:/Users/mihai/Documents/GitHub/ShooterSam/ShooterSam/Content/StarterBundle/ModularScifiHallways/Meshes/SM_Hall_Doorway_Panel.uasset" 4423
"F:/Users/mihai/Documents/GitHub/ShooterSam/ShooterSam/Content/StarterBundle/ModularScifiHallways/Meshes/SM_Hall_Doorway_Panel.uexp" 4424
"F:/Users/mihai/Documents/GitHub/ShooterSam/ShooterSam/Content/StarterBundle/ModularScifiHallways/Textures/T_Hall_Doorway_LB_N_normals.ubulk" 4425
"F:/Users/mihai/Documents/GitHub/ShooterSam/ShooterSam/Content/StarterBundle/ModularScifiHallways/Textures/T_Hall_Doorway_LB_N_normals.uasset" 4426
"F:/Users/mihai/Documents/GitHub/ShooterSam/ShooterSam/Content/StarterBundle/ModularScifiHallways/Textures/T_Hall_Doorway_LB_N_normals.uexp" 4427
"F:/Users/mihai/Documents/GitHub/ShooterSam/ShooterSam/Content/StarterBundle/ModularScifiHallways/Textures/T_Hall_Doorway_LB_M.ubulk" 4428
"F:/Users/mihai/Documents/GitHub/ShooterSam/ShooterSam/Content/StarterBundle/ModularScifiHallways/Textures/T_Hall_Doorway_LB_M.uasset" 4429
"F:/Users/mihai/Documents/GitHub/ShooterSam/ShooterSam/Content/StarterBundle/ModularScifiHallways/Textures/T_Hall_Doorway_LB_M.uexp" 4430
"F:/Users/mihai/Documents/GitHub/ShooterSam/ShooterSam/Content/StarterBundle/ModularScifiHallways/Textures/T_Hall_Doorway_LB_Diff.ubulk" 4431
"F:/Users/mihai/Documents/GitHub/ShooterSam/ShooterSam/Content/StarterBundle/ModularScifiHallways/Textures/T_Hall_Doorway_LB_Diff.uasset" 4432
"F:/Users/mihai/Documents/GitHub/ShooterSam/ShooterSam/Content/StarterBundle/ModularScifiHallways/Textures/T_Hall_Doorway_LB_Diff.uexp" 4433
"F:/Users/mihai/Documents/GitHub/ShooterSam/ShooterSam/Content/StarterBundle/ModularScifiHallways/Materials/MI_Hall_Doorway_LB_M.uasset" 4434
"F:/Users/mihai/Documents/GitHub/ShooterSam/ShooterSam/Content/StarterBundle/ModularScifiHallways/Materials/MI_Hall_Doorway_LB_M.uexp" 4435
"F:/Users/mihai/Documents/GitHub/ShooterSam/ShooterSam/Content/StarterBundle/ModularScifiHallways/Meshes/SM_Hall_Doorway_L_B.ubulk" 4436
"F:/Users/mihai/Documents/GitHub/ShooterSam/ShooterSam/Content/StarterBundle/ModularScifiHallways/Meshes/SM_Hall_Doorway_L_B.uasset" 4437
"F:/Users/mihai/Documents/GitHub/ShooterSam/ShooterSam/Content/StarterBundle/ModularScifiHallways/Meshes/SM_Hall_Doorway_L_B.uexp" 4438
"F:/Users/mihai/Documents/GitHub/ShooterSam/ShooterSam/Content/StarterBundle/ModularScifiHallways/Textures/T_Hall_Doorway_L_N_normals.ubulk" 4439
"F:/Users/mihai/Documents/GitHub/ShooterSam/ShooterSam/Content/StarterBundle/ModularScifiHallways/Textures/T_Hall_Doorway_L_N_normals.uasset" 4440
"F:/Users/mihai/Documents/GitHub/ShooterSam/ShooterSam/Content/StarterBundle/ModularScifiHallways/Textures/T_Hall_Doorway_L_N_normals.uexp" 4441
"F:/Users/mihai/Documents/GitHub/ShooterSam/ShooterSam/Content/StarterBundle/ModularScifiHallways/Textures/T_Hall_Doorway_L_M.ubulk" 4442
"F:/Users/mihai/Documents/GitHub/ShooterSam/ShooterSam/Content/StarterBundle/ModularScifiHallways/Textures/T_Hall_Doorway_L_M.uasset" 4443
"F:/Users/mihai/Documents/GitHub/ShooterSam/ShooterSam/Content/StarterBundle/ModularScifiHallways/Textures/T_Hall_Doorway_L_M.uexp" 4444
"F:/Users/mihai/Documents/GitHub/ShooterSam/ShooterSam/Content/StarterBundle/ModularScifiHallways/Textures/T_Hall_Doorway_L_Diff.ubulk" 4445
"F:/Users/mihai/Documents/GitHub/ShooterSam/ShooterSam/Content/StarterBundle/ModularScifiHallways/Textures/T_Hall_Doorway_L_Diff.uasset" 4446
"F:/Users/mihai/Documents/GitHub/ShooterSam/ShooterSam/Content/StarterBundle/ModularScifiHallways/Textures/T_Hall_Doorway_L_Diff.uexp" 4447
"F:/Users/mihai/Documents/GitHub/ShooterSam/ShooterSam/Content/StarterBundle/ModularScifiHallways/Materials/MI_Hall_Doorway_L_M.uasset" 4448
"F:/Users/mihai/Documents/GitHub/ShooterSam/ShooterSam/Content/StarterBundle/ModularScifiHallways/Materials/MI_Hall_Doorway_L_M.uexp" 4449
"F:/Users/mihai/Documents/GitHub/ShooterSam/ShooterSam/Content/StarterBundle/ModularScifiHallways/Meshes/SM_Hall_Doorway_L.ubulk" 4450
"F:/Users/mihai/Documents/GitHub/ShooterSam/ShooterSam/Content/StarterBundle/ModularScifiHallways/Meshes/SM_Hall_Doorway_L.uasset" 4451
"F:/Users/mihai/Documents/GitHub/ShooterSam/ShooterSam/Content/StarterBundle/ModularScifiHallways/Meshes/SM_Hall_Doorway_L.uexp" 4452
"F:/Users/mihai/Documents/GitHub/ShooterSam/ShooterSam/Content/StarterBundle/ModularScifiHallways/Textures/T_Hall_Pipe_Handle_Diff_b.ubulk" 4453
"F:/Users/mihai/Documents/GitHub/ShooterSam/ShooterSam/Content/StarterBundle/ModularScifiHallways/Textures/T_Hall_Pipe_Handle_Diff_b.uasset" 4454
"F:/Users/mihai/Documents/GitHub/ShooterSam/ShooterSam/Content/StarterBundle/ModularScifiHallways/Textures/T_Hall_Pipe_Handle_Diff_b.uexp" 4455
"F:/Users/mihai/Documents/GitHub/ShooterSam/ShooterSam/Content/StarterBundle/ModularScifiHallways/Materials/MI_Hall_Pipes_Handle_b_M.uasset" 4456
"F:/Users/mihai/Documents/GitHub/ShooterSam/ShooterSam/Content/StarterBundle/ModularScifiHallways/Materials/MI_Hall_Pipes_Handle_b_M.uexp" 4457
"F:/Users/mihai/Documents/GitHub/ShooterSam/ShooterSam/Content/StarterBundle/ModularScifiHallways/Meshes/SM_Hall_DoorPipes.ubulk" 4458
"F:/Users/mihai/Documents/GitHub/ShooterSam/ShooterSam/Content/StarterBundle/ModularScifiHallways/Meshes/SM_Hall_DoorPipes.uasset" 4459
"F:/Users/mihai/Documents/GitHub/ShooterSam/ShooterSam/Content/StarterBundle/ModularScifiHallways/Meshes/SM_Hall_DoorPipes.uexp" 4460
"F:/Users/mihai/Documents/GitHub/ShooterSam/ShooterSam/Content/StarterBundle/ModularScifiHallways/Textures/T_Hall_Ceiling_Main_N_normals.ubulk" 4461
"F:/Users/mihai/Documents/GitHub/ShooterSam/ShooterSam/Content/StarterBundle/ModularScifiHallways/Textures/T_Hall_Ceiling_Main_N_normals.uasset" 4462
"F:/Users/mihai/Documents/GitHub/ShooterSam/ShooterSam/Content/StarterBundle/ModularScifiHallways/Textures/T_Hall_Ceiling_Main_N_normals.uexp" 4463
"F:/Users/mihai/Documents/GitHub/ShooterSam/ShooterSam/Content/StarterBundle/ModularScifiHallways/Textures/T_Hall_Ceiling_Main_M.ubulk" 4464
"F:/Users/mihai/Documents/GitHub/ShooterSam/ShooterSam/Content/StarterBundle/ModularScifiHallways/Textures/T_Hall_Ceiling_Main_M.uasset" 4465
"F:/Users/mihai/Documents/GitHub/ShooterSam/ShooterSam/Content/StarterBundle/ModularScifiHallways/Textures/T_Hall_Ceiling_Main_M.uexp" 4466
"F:/Users/mihai/Documents/GitHub/ShooterSam/ShooterSam/Content/StarterBundle/ModularScifiHallways/Textures/T_Hall_Ceiling_Main_EM.ubulk" 4467
"F:/Users/mihai/Documents/GitHub/ShooterSam/ShooterSam/Content/StarterBundle/ModularScifiHallways/Textures/T_Hall_Ceiling_Main_EM.uasset" 4468
"F:/Users/mihai/Documents/GitHub/ShooterSam/ShooterSam/Content/StarterBundle/ModularScifiHallways/Textures/T_Hall_Ceiling_Main_EM.uexp" 4469
"F:/Users/mihai/Documents/GitHub/ShooterSam/ShooterSam/Content/StarterBundle/ModularScifiHallways/Textures/T_Hall_Ceiling_Main_Diff.ubulk" 4470
"F:/Users/mihai/Documents/GitHub/ShooterSam/ShooterSam/Content/StarterBundle/ModularScifiHallways/Textures/T_Hall_Ceiling_Main_Diff.uasset" 4471
"F:/Users/mihai/Documents/GitHub/ShooterSam/ShooterSam/Content/StarterBundle/ModularScifiHallways/Textures/T_Hall_Ceiling_Main_Diff.uexp" 4472
"F:/Users/mihai/Documents/GitHub/ShooterSam/ShooterSam/Content/StarterBundle/ModularScifiHallways/Materials/MI_Hall_Ceiling_Main_M.uasset" 4473
"F:/Users/mihai/Documents/GitHub/ShooterSam/ShooterSam/Content/StarterBundle/ModularScifiHallways/Materials/MI_Hall_Ceiling_Main_M.uexp" 4474
"F:/Users/mihai/Documents/GitHub/ShooterSam/ShooterSam/Content/StarterBundle/ModularScifiHallways/Meshes/SM_Hall_Ceiling_Main.ubulk" 4475
"F:/Users/mihai/Documents/GitHub/ShooterSam/ShooterSam/Content/StarterBundle/ModularScifiHallways/Meshes/SM_Hall_Ceiling_Main.uasset" 4476
"F:/Users/mihai/Documents/GitHub/ShooterSam/ShooterSam/Content/StarterBundle/ModularScifiHallways/Meshes/SM_Hall_Ceiling_Main.uexp" 4477
"F:/Users/mihai/Documents/GitHub/ShooterSam/ShooterSam/Content/StarterBundle/ModularScifiHallways/Textures/T_Wire_Tiling_N.ubulk" 4478
"F:/Users/mihai/Documents/GitHub/ShooterSam/ShooterSam/Content/StarterBundle/ModularScifiHallways/Textures/T_Wire_Tiling_N.uasset" 4479
"F:/Users/mihai/Documents/GitHub/ShooterSam/ShooterSam/Content/StarterBundle/ModularScifiHallways/Textures/T_Wire_Tiling_N.uexp" 4480
"F:/Users/mihai/Documents/GitHub/ShooterSam/ShooterSam/Content/StarterBundle/ModularScifiHallways/Textures/T_Wire_Tiling_AO.ubulk" 4481
"F:/Users/mihai/Documents/GitHub/ShooterSam/ShooterSam/Content/StarterBundle/ModularScifiHallways/Textures/T_Wire_Tiling_AO.uasset" 4482
"F:/Users/mihai/Documents/GitHub/ShooterSam/ShooterSam/Content/StarterBundle/ModularScifiHallways/Textures/T_Wire_Tiling_AO.uexp" 4483
"F:/Users/mihai/Documents/GitHub/ShooterSam/ShooterSam/Content/StarterBundle/ModularScifiHallways/Materials/M_Base_Wires_B.uasset" 4484
"F:/Users/mihai/Documents/GitHub/ShooterSam/ShooterSam/Content/StarterBundle/ModularScifiHallways/Materials/M_Base_Wires_B.uexp" 4485
"F:/Users/mihai/Documents/GitHub/ShooterSam/ShooterSam/Content/StarterBundle/ModularScifiHallways/Materials/MI_Wires_B.uasset" 4486
"F:/Users/mihai/Documents/GitHub/ShooterSam/ShooterSam/Content/StarterBundle/ModularScifiHallways/Materials/MI_Wires_B.uexp" 4487
"F:/Users/mihai/Documents/GitHub/ShooterSam/ShooterSam/Content/StarterBundle/ModularScifiHallways/Meshes/SM_FloorWire_A.ubulk" 4488
"F:/Users/mihai/Documents/GitHub/ShooterSam/ShooterSam/Content/StarterBundle/ModularScifiHallways/Meshes/SM_FloorWire_A.uasset" 4489
"F:/Users/mihai/Documents/GitHub/ShooterSam/ShooterSam/Content/StarterBundle/ModularScifiHallways/Meshes/SM_FloorWire_A.uexp" 4490
"F:/Users/mihai/Documents/GitHub/ShooterSam/ShooterSam/Content/StarterBundle/ModularScifiHallways/Textures/T_EnergyCore_A_N_normals.uasset" 4491
"F:/Users/mihai/Documents/GitHub/ShooterSam/ShooterSam/Content/StarterBundle/ModularScifiHallways/Textures/T_EnergyCore_A_N_normals.uexp" 4492
"F:/Users/mihai/Documents/GitHub/ShooterSam/ShooterSam/Content/StarterBundle/ModularScifiHallways/Textures/T_EnergyCore_A_M.uasset" 4493
"F:/Users/mihai/Documents/GitHub/ShooterSam/ShooterSam/Content/StarterBundle/ModularScifiHallways/Textures/T_EnergyCore_A_M.uexp" 4494
"F:/Users/mihai/Documents/GitHub/ShooterSam/ShooterSam/Content/StarterBundle/ModularScifiHallways/Textures/T_EnergyCore_A_Diff.uasset" 4495
"F:/Users/mihai/Documents/GitHub/ShooterSam/ShooterSam/Content/StarterBundle/ModularScifiHallways/Textures/T_EnergyCore_A_Diff.uexp" 4496
"F:/Users/mihai/Documents/GitHub/ShooterSam/ShooterSam/Content/StarterBundle/ModularScifiHallways/Materials/MI_EnergyCore_A_M.uasset" 4497
"F:/Users/mihai/Documents/GitHub/ShooterSam/ShooterSam/Content/StarterBundle/ModularScifiHallways/Materials/MI_EnergyCore_A_M.uexp" 4498
"F:/Users/mihai/Documents/GitHub/ShooterSam/ShooterSam/Content/StarterBundle/ModularScifiHallways/Textures/T_EnergyCore_EM.ubulk" 4499
"F:/Users/mihai/Documents/GitHub/ShooterSam/ShooterSam/Content/StarterBundle/ModularScifiHallways/Textures/T_EnergyCore_EM.uasset" 4500
"F:/Users/mihai/Documents/GitHub/ShooterSam/ShooterSam/Content/StarterBundle/ModularScifiHallways/Textures/T_EnergyCore_EM.uexp" 4501
"F:/Users/mihai/Documents/GitHub/ShooterSam/ShooterSam/Content/StarterBundle/ModularScifiHallways/Materials/M_EnergyEmissive.uasset" 4502
"F:/Users/mihai/Documents/GitHub/ShooterSam/ShooterSam/Content/StarterBundle/ModularScifiHallways/Materials/M_EnergyEmissive.uexp" 4503
"F:/Users/mihai/Documents/GitHub/ShooterSam/ShooterSam/Content/StarterBundle/ModularScifiHallways/Materials/MI_EnergyEmissive_A.uasset" 4504
"F:/Users/mihai/Documents/GitHub/ShooterSam/ShooterSam/Content/StarterBundle/ModularScifiHallways/Materials/MI_EnergyEmissive_A.uexp" 4505
"F:/Users/mihai/Documents/GitHub/ShooterSam/ShooterSam/Content/StarterBundle/ModularScifiHallways/Meshes/SM_EnergyCore_A.ubulk" 4506
"F:/Users/mihai/Documents/GitHub/ShooterSam/ShooterSam/Content/StarterBundle/ModularScifiHallways/Meshes/SM_EnergyCore_A.uasset" 4507
"F:/Users/mihai/Documents/GitHub/ShooterSam/ShooterSam/Content/StarterBundle/ModularScifiHallways/Meshes/SM_EnergyCore_A.uexp" 4508
"F:/Users/mihai/Documents/GitHub/ShooterSam/ShooterSam/Content/StarterBundle/ModularScifiHallways/Materials/MI_Wires_B_Orange.uasset" 4509
"F:/Users/mihai/Documents/GitHub/ShooterSam/ShooterSam/Content/StarterBundle/ModularScifiHallways/Materials/MI_Wires_B_Orange.uexp" 4510
"F:/Users/mihai/Documents/GitHub/ShooterSam/ShooterSam/Content/StarterBundle/ModularScifiHallways/Materials/MI_Wires_B_White.uasset" 4511
"F:/Users/mihai/Documents/GitHub/ShooterSam/ShooterSam/Content/StarterBundle/ModularScifiHallways/Materials/MI_Wires_B_White.uexp" 4512
"F:/Users/mihai/Documents/GitHub/ShooterSam/ShooterSam/Content/StarterBundle/ModularScifiHallways/Meshes/SM_DoorwayWire_A.ubulk" 4513
"F:/Users/mihai/Documents/GitHub/ShooterSam/ShooterSam/Content/StarterBundle/ModularScifiHallways/Meshes/SM_DoorwayWire_A.uasset" 4514
"F:/Users/mihai/Documents/GitHub/ShooterSam/ShooterSam/Content/StarterBundle/ModularScifiHallways/Meshes/SM_DoorwayWire_A.uexp" 4515
"F:/Users/mihai/Documents/GitHub/ShooterSam/ShooterSam/Content/StarterBundle/ModularScifiHallways/Textures/T_Crate_A_N_normals.ubulk" 4516
"F:/Users/mihai/Documents/GitHub/ShooterSam/ShooterSam/Content/StarterBundle/ModularScifiHallways/Textures/T_Crate_A_N_normals.uasset" 4517
"F:/Users/mihai/Documents/GitHub/ShooterSam/ShooterSam/Content/StarterBundle/ModularScifiHallways/Textures/T_Crate_A_N_normals.uexp" 4518
"F:/Users/mihai/Documents/GitHub/ShooterSam/ShooterSam/Content/StarterBundle/ModularScifiHallways/Textures/T_Crate_A_M.ubulk" 4519
"F:/Users/mihai/Documents/GitHub/ShooterSam/ShooterSam/Content/StarterBundle/ModularScifiHallways/Textures/T_Crate_A_M.uasset" 4520
"F:/Users/mihai/Documents/GitHub/ShooterSam/ShooterSam/Content/StarterBundle/ModularScifiHallways/Textures/T_Crate_A_M.uexp" 4521
"F:/Users/mihai/Documents/GitHub/ShooterSam/ShooterSam/Content/StarterBundle/ModularScifiHallways/Textures/T_Crate_A_Diff.uasset" 4522
"F:/Users/mihai/Documents/GitHub/ShooterSam/ShooterSam/Content/StarterBundle/ModularScifiHallways/Textures/T_Crate_A_Diff.uexp" 4523
"F:/Users/mihai/Documents/GitHub/ShooterSam/ShooterSam/Content/StarterBundle/ModularScifiHallways/Materials/MI_Crate_A_M.uasset" 4524
"F:/Users/mihai/Documents/GitHub/ShooterSam/ShooterSam/Content/StarterBundle/ModularScifiHallways/Materials/MI_Crate_A_M.uexp" 4525
"F:/Users/mihai/Documents/GitHub/ShooterSam/ShooterSam/Content/StarterBundle/ModularScifiHallways/Meshes/SM_Crate_A3.ubulk" 4526
"F:/Users/mihai/Documents/GitHub/ShooterSam/ShooterSam/Content/StarterBundle/ModularScifiHallways/Meshes/SM_Crate_A3.uasset" 4527
"F:/Users/mihai/Documents/GitHub/ShooterSam/ShooterSam/Content/StarterBundle/ModularScifiHallways/Meshes/SM_Crate_A3.uexp" 4528
"F:/Users/mihai/Documents/GitHub/ShooterSam/ShooterSam/Content/StarterBundle/ModularScifiHallways/Meshes/SM_Crate_A2.ubulk" 4529
"F:/Users/mihai/Documents/GitHub/ShooterSam/ShooterSam/Content/StarterBundle/ModularScifiHallways/Meshes/SM_Crate_A2.uasset" 4530
"F:/Users/mihai/Documents/GitHub/ShooterSam/ShooterSam/Content/StarterBundle/ModularScifiHallways/Meshes/SM_Crate_A2.uexp" 4531
"F:/Users/mihai/Documents/GitHub/ShooterSam/ShooterSam/Content/StarterBundle/ModularScifiHallways/Meshes/SM_Crate_A.ubulk" 4532
"F:/Users/mihai/Documents/GitHub/ShooterSam/ShooterSam/Content/StarterBundle/ModularScifiHallways/Meshes/SM_Crate_A.uasset" 4533
"F:/Users/mihai/Documents/GitHub/ShooterSam/ShooterSam/Content/StarterBundle/ModularScifiHallways/Meshes/SM_Crate_A.uexp" 4534
"F:/Users/mihai/Documents/GitHub/ShooterSam/ShooterSam/Content/StarterBundle/ModularScifiHallways/Materials/MI_Ceiling_A_Buffer_M.uasset" 4535
"F:/Users/mihai/Documents/GitHub/ShooterSam/ShooterSam/Content/StarterBundle/ModularScifiHallways/Materials/MI_Ceiling_A_Buffer_M.uexp" 4536
"F:/Users/mihai/Documents/GitHub/ShooterSam/ShooterSam/Content/StarterBundle/ModularScifiHallways/Meshes/SM_Ceiling_A_Buffer.ubulk" 4537
"F:/Users/mihai/Documents/GitHub/ShooterSam/ShooterSam/Content/StarterBundle/ModularScifiHallways/Meshes/SM_Ceiling_A_Buffer.uasset" 4538
"F:/Users/mihai/Documents/GitHub/ShooterSam/ShooterSam/Content/StarterBundle/ModularScifiHallways/Meshes/SM_Ceiling_A_Buffer.uexp" 4539
"F:/Users/mihai/Documents/GitHub/ShooterSam/ShooterSam/Content/StarterBundle/ModularScifiHallways/Materials/MI_Trims_A_M2.uasset" 4540
"F:/Users/mihai/Documents/GitHub/ShooterSam/ShooterSam/Content/StarterBundle/ModularScifiHallways/Materials/MI_Trims_A_M2.uexp" 4541
"F:/Users/mihai/Documents/GitHub/ShooterSam/ShooterSam/Content/StarterBundle/ModularScifiHallways/Materials/MI_Lights_Yellow.uasset" 4542
"F:/Users/mihai/Documents/GitHub/ShooterSam/ShooterSam/Content/StarterBundle/ModularScifiHallways/Materials/MI_Lights_Yellow.uexp" 4543
"F:/Users/mihai/Documents/GitHub/ShooterSam/ShooterSam/Content/StarterBundle/ModularScifiHallways/Materials/MI_Hall_Window_A_M2.uasset" 4544
"F:/Users/mihai/Documents/GitHub/ShooterSam/ShooterSam/Content/StarterBundle/ModularScifiHallways/Materials/MI_Hall_Window_A_M2.uexp" 4545
"F:/Users/mihai/Documents/GitHub/ShooterSam/ShooterSam/Content/StarterBundle/ModularScifiHallways/Materials/MI_Hall_Ceiling_Main_NoLight_M.uasset" 4546
"F:/Users/mihai/Documents/GitHub/ShooterSam/ShooterSam/Content/StarterBundle/ModularScifiHallways/Materials/MI_Hall_Ceiling_Main_NoLight_M.uexp" 4547
"F:/Users/mihai/Documents/GitHub/ShooterSam/ShooterSam/Content/ShooterGame/Sounds/Music/ShooterGame_Music.ubulk" 4548
"F:/Users/mihai/Documents/GitHub/ShooterSam/ShooterSam/Content/ShooterGame/Sounds/Music/ShooterGame_Music.uasset" 4549
"F:/Users/mihai/Documents/GitHub/ShooterSam/ShooterSam/Content/ShooterGame/Sounds/Music/ShooterGame_Music.uexp" 4550
"F:/Users/mihai/Documents/GitHub/ShooterSam/ShooterSam/Content/MyStuff/Maps/MainLevel.uexp" 4551
"F:/Users/mihai/Documents/GitHub/ShooterSam/ShooterSam/Content/MyStuff/Maps/MainLevel.ubulk" 4552
"F:/Users/mihai/Documents/GitHub/ShooterSam/ShooterSam/Content/MyStuff/Maps/MainLevel.umap" 4553
